platform,mode,operation,payload_bytes,run,ops,total_ms,ms_per_op,throughput_mib_s
windows,ecb,encrypt,1024,1,100,0.755400,0.007554000,129.277535
windows,ecb,encrypt,1024,2,100,0.697900,0.006979000,139.928715
windows,ecb,encrypt,1024,3,100,0.548600,0.005486000,178.009934
windows,ecb,encrypt,1024,4,100,0.471200,0.004712000,207.250106
windows,ecb,encrypt,1024,5,100,0.450100,0.004501000,216.965674
windows,ecb,encrypt,1024,6,100,0.442900,0.004429000,220.492775
windows,ecb,encrypt,1024,7,100,0.418200,0.004182000,233.515662
windows,ecb,encrypt,1024,8,100,0.431200,0.004312000,226.475533
windows,ecb,encrypt,1024,9,100,0.417900,0.004179000,233.683297
windows,ecb,encrypt,1024,10,100,0.422900,0.004229000,230.920430
windows,ecb,encrypt,1024,11,100,0.413500,0.004135000,236.169891
windows,ecb,encrypt,1024,12,100,0.455000,0.004550000,214.629121
windows,ecb,encrypt,1024,13,100,0.331200,0.003312000,294.855827
windows,ecb,encrypt,1024,14,100,0.314400,0.003144000,310.611482
windows,ecb,encrypt,1024,15,100,0.311200,0.003112000,313.805431
windows,ecb,encrypt,1024,16,100,0.315900,0.003159000,309.136594
windows,ecb,encrypt,1024,17,100,0.319400,0.003194000,305.749061
windows,ecb,encrypt,1024,18,100,0.318700,0.003187000,306.420615
windows,ecb,encrypt,1024,19,100,0.323600,0.003236000,301.780748
windows,ecb,encrypt,1024,20,100,0.316100,0.003161000,308.941000
windows,ecb,encrypt,1024,21,100,0.310800,0.003108000,314.209299
windows,ecb,encrypt,1024,22,100,0.311200,0.003112000,313.805431
windows,ecb,encrypt,1024,23,100,0.312300,0.003123000,312.700128
windows,ecb,encrypt,1024,24,100,0.311300,0.003113000,313.704626
windows,ecb,encrypt,1024,25,100,0.318300,0.003183000,306.805686
windows,ecb,encrypt,1024,26,100,0.314800,0.003148000,310.216804
windows,ecb,encrypt,1024,27,100,0.311600,0.003116000,313.402599
windows,ecb,encrypt,1024,28,100,0.311000,0.003110000,314.007235
windows,ecb,encrypt,1024,29,100,0.332200,0.003322000,293.968242
windows,ecb,encrypt,1024,30,100,0.312900,0.003129000,312.100511
windows,ecb,decrypt,1024,1,100,0.610000,0.006100000,160.092213
windows,ecb,decrypt,1024,2,100,0.566400,0.005664000,172.415696
windows,ecb,decrypt,1024,3,100,0.357800,0.003578000,272.935299
windows,ecb,decrypt,1024,4,100,0.404500,0.004045000,241.424598
windows,ecb,decrypt,1024,5,100,0.602600,0.006026000,162.058165
windows,ecb,decrypt,1024,6,100,0.372100,0.003721000,262.446251
windows,ecb,decrypt,1024,7,100,0.323900,0.003239000,301.501235
windows,ecb,decrypt,1024,8,100,0.317800,0.003178000,307.288389
windows,ecb,decrypt,1024,9,100,0.316400,0.003164000,308.648072
windows,ecb,decrypt,1024,10,100,0.314900,0.003149000,310.118292
windows,ecb,decrypt,1024,11,100,0.327600,0.003276000,298.096001
windows,ecb,decrypt,1024,12,100,0.315900,0.003159000,309.136594
windows,ecb,decrypt,1024,13,100,0.315200,0.003152000,309.823128
windows,ecb,decrypt,1024,14,100,0.314000,0.003140000,311.007166
windows,ecb,decrypt,1024,15,100,0.314800,0.003148000,310.216804
windows,ecb,decrypt,1024,16,100,0.314800,0.003148000,310.216804
windows,ecb,decrypt,1024,17,100,0.327600,0.003276000,298.096001
windows,ecb,decrypt,1024,18,100,0.321000,0.003210000,304.225078
windows,ecb,decrypt,1024,19,100,0.314200,0.003142000,310.809198
windows,ecb,decrypt,1024,20,100,0.315000,0.003150000,310.019841
windows,ecb,decrypt,1024,21,100,0.327100,0.003271000,298.551666
windows,ecb,decrypt,1024,22,100,0.313700,0.003137000,311.304590
windows,ecb,decrypt,1024,23,100,0.323200,0.003232000,302.154239
windows,ecb,decrypt,1024,24,100,0.318000,0.003180000,307.095126
windows,ecb,decrypt,1024,25,100,0.317500,0.003175000,307.578740
windows,ecb,decrypt,1024,26,100,0.317200,0.003172000,307.869641
windows,ecb,decrypt,1024,27,100,0.318600,0.003186000,306.516792
windows,ecb,decrypt,1024,28,100,0.315000,0.003150000,310.019841
windows,ecb,decrypt,1024,29,100,0.350000,0.003500000,279.017857
windows,ecb,decrypt,1024,30,100,0.317600,0.003176000,307.481895
windows,ecb,encrypt,4096,1,100,0.435200,0.004352000,897.575827
windows,ecb,encrypt,4096,2,100,0.453800,0.004538000,860.786690
windows,ecb,encrypt,4096,3,100,0.443700,0.004437000,880.380888
windows,ecb,encrypt,4096,4,100,0.439400,0.004394000,888.996359
windows,ecb,encrypt,4096,5,100,0.441200,0.004412000,885.369447
windows,ecb,encrypt,4096,6,100,0.439500,0.004395000,888.794084
windows,ecb,encrypt,4096,7,100,0.449100,0.004491000,869.795146
windows,ecb,encrypt,4096,8,100,0.445600,0.004456000,876.627020
windows,ecb,encrypt,4096,9,100,0.454500,0.004545000,859.460946
windows,ecb,encrypt,4096,10,100,0.441000,0.004410000,885.770975
windows,ecb,encrypt,4096,11,100,0.450700,0.004507000,866.707344
windows,ecb,encrypt,4096,12,100,0.496000,0.004960000,787.550403
windows,ecb,encrypt,4096,13,100,0.409000,0.004090000,955.073350
windows,ecb,encrypt,4096,14,100,0.402500,0.004025000,970.496894
windows,ecb,encrypt,4096,15,100,0.400900,0.004009000,974.370167
windows,ecb,encrypt,4096,16,100,0.409300,0.004093000,954.373320
windows,ecb,encrypt,4096,17,100,0.405000,0.004050000,964.506173
windows,ecb,encrypt,4096,18,100,0.447300,0.004473000,873.295328
windows,ecb,encrypt,4096,19,100,0.434200,0.004342000,899.643022
windows,ecb,encrypt,4096,20,100,0.403900,0.004039000,967.132954
windows,ecb,encrypt,4096,21,100,0.415800,0.004158000,939.454064
windows,ecb,encrypt,4096,22,100,0.402900,0.004029000,969.533383
windows,ecb,encrypt,4096,23,100,0.403300,0.004033000,968.571783
windows,ecb,encrypt,4096,24,100,0.401200,0.004012000,973.641575
windows,ecb,encrypt,4096,25,100,0.409700,0.004097000,953.441543
windows,ecb,encrypt,4096,26,100,0.405300,0.004053000,963.792253
windows,ecb,encrypt,4096,27,100,0.399900,0.003999000,976.806702
windows,ecb,encrypt,4096,28,100,0.401200,0.004012000,973.641575
windows,ecb,encrypt,4096,29,100,0.400200,0.004002000,976.074463
windows,ecb,encrypt,4096,30,100,0.573100,0.005731000,681.600070
windows,ecb,decrypt,4096,1,100,0.394300,0.003943000,990.679686
windows,ecb,decrypt,4096,2,100,0.423700,0.004237000,921.937692
windows,ecb,decrypt,4096,3,100,0.431600,0.004316000,905.062558
windows,ecb,decrypt,4096,4,100,0.406700,0.004067000,960.474551
windows,ecb,decrypt,4096,5,100,0.406600,0.004066000,960.710772
windows,ecb,decrypt,4096,6,100,0.404000,0.004040000,966.893564
windows,ecb,decrypt,4096,7,100,0.421300,0.004213000,927.189651
windows,ecb,decrypt,4096,8,100,0.405100,0.004051000,964.268082
windows,ecb,decrypt,4096,9,100,0.404500,0.004045000,965.698393
windows,ecb,decrypt,4096,10,100,0.404300,0.004043000,966.176107
windows,ecb,decrypt,4096,11,100,0.488500,0.004885000,799.641760
windows,ecb,decrypt,4096,12,100,0.439700,0.004397000,888.389811
windows,ecb,decrypt,4096,13,100,0.424400,0.004244000,920.417059
windows,ecb,decrypt,4096,14,100,0.401200,0.004012000,973.641575
windows,ecb,decrypt,4096,15,100,0.397700,0.003977000,982.210209
windows,ecb,decrypt,4096,16,100,0.408700,0.004087000,955.774407
windows,ecb,decrypt,4096,17,100,0.433000,0.004330000,902.136259
windows,ecb,decrypt,4096,18,100,0.463000,0.004630000,843.682505
windows,ecb,decrypt,4096,19,100,0.452300,0.004523000,863.641388
windows,ecb,decrypt,4096,20,100,0.434900,0.004349000,898.194987
windows,ecb,decrypt,4096,21,100,0.434200,0.004342000,899.643022
windows,ecb,decrypt,4096,22,100,0.439400,0.004394000,888.996359
windows,ecb,decrypt,4096,23,100,0.429100,0.004291000,910.335586
windows,ecb,decrypt,4096,24,100,0.613600,0.006136000,636.611799
windows,ecb,decrypt,4096,25,100,0.688100,0.006881000,567.686383
windows,ecb,decrypt,4096,26,100,0.487800,0.004878000,800.789258
windows,ecb,decrypt,4096,27,100,0.477900,0.004779000,817.378113
windows,ecb,decrypt,4096,28,100,0.419600,0.004196000,930.946139
windows,ecb,decrypt,4096,29,100,0.406100,0.004061000,961.893622
windows,ecb,decrypt,4096,30,100,0.409600,0.004096000,953.674316
windows,ecb,encrypt,16384,1,100,1.636700,0.016367000,954.664874
windows,ecb,encrypt,16384,2,100,1.641600,0.016416000,951.815302
windows,ecb,encrypt,16384,3,100,1.640000,0.016400000,952.743902
windows,ecb,encrypt,16384,4,100,1.634100,0.016341000,956.183832
windows,ecb,encrypt,16384,5,100,1.571200,0.015712000,994.462831
windows,ecb,encrypt,16384,6,100,0.944700,0.009447000,1653.964221
windows,ecb,encrypt,16384,7,100,0.911300,0.009113000,1714.583562
windows,ecb,encrypt,16384,8,100,0.916400,0.009164000,1705.041467
windows,ecb,encrypt,16384,9,100,0.921700,0.009217000,1695.237062
windows,ecb,encrypt,16384,10,100,0.956800,0.009568000,1633.047659
windows,ecb,encrypt,16384,11,100,0.969000,0.009690000,1612.487100
windows,ecb,encrypt,16384,12,100,1.288500,0.012885000,1212.650369
windows,ecb,encrypt,16384,13,100,1.570900,0.015709000,994.652747
windows,ecb,encrypt,16384,14,100,1.493600,0.014936000,1046.130155
windows,ecb,encrypt,16384,15,100,1.542100,0.015421000,1013.228714
windows,ecb,encrypt,16384,16,100,1.551000,0.015510000,1007.414571
windows,ecb,encrypt,16384,17,100,1.711900,0.017119000,912.728547
windows,ecb,encrypt,16384,18,100,1.744600,0.017446000,895.620773
windows,ecb,encrypt,16384,19,100,1.689500,0.016895000,924.829831
windows,ecb,encrypt,16384,20,100,1.690800,0.016908000,924.118760
windows,ecb,encrypt,16384,21,100,1.574200,0.015742000,992.567653
windows,ecb,encrypt,16384,22,100,1.031400,0.010314000,1514.931162
windows,ecb,encrypt,16384,23,100,2.622000,0.026220000,595.919146
windows,ecb,encrypt,16384,24,100,1.615200,0.016152000,967.372462
windows,ecb,encrypt,16384,25,100,1.642200,0.016422000,951.467544
windows,ecb,encrypt,16384,26,100,1.184000,0.011840000,1319.679054
windows,ecb,encrypt,16384,27,100,1.676100,0.016761000,932.223614
windows,ecb,encrypt,16384,28,100,1.438600,0.014386000,1086.125400
windows,ecb,encrypt,16384,29,100,1.617400,0.016174000,966.056634
windows,ecb,encrypt,16384,30,100,1.230600,0.012306000,1269.705835
windows,ecb,decrypt,16384,1,100,1.444600,0.014446000,1081.614288
windows,ecb,decrypt,16384,2,100,1.089100,0.010891000,1434.670829
windows,ecb,decrypt,16384,3,100,0.968600,0.009686000,1613.153004
windows,ecb,decrypt,16384,4,100,0.846200,0.008462000,1846.490191
windows,ecb,decrypt,16384,5,100,0.834800,0.008348000,1871.705798
windows,ecb,decrypt,16384,6,100,1.047100,0.010471000,1492.216598
windows,ecb,decrypt,16384,7,100,0.974700,0.009747000,1603.057351
windows,ecb,decrypt,16384,8,100,0.899600,0.008996000,1736.883059
windows,ecb,decrypt,16384,9,100,0.876100,0.008761000,1783.472206
windows,ecb,decrypt,16384,10,100,0.920300,0.009203000,1697.815930
windows,ecb,decrypt,16384,11,100,0.856100,0.008561000,1825.137250
windows,ecb,decrypt,16384,12,100,0.858600,0.008586000,1819.822968
windows,ecb,decrypt,16384,13,100,0.829100,0.008291000,1884.573634
windows,ecb,decrypt,16384,14,100,0.823500,0.008235000,1897.389192
windows,ecb,decrypt,16384,15,100,0.840500,0.008405000,1859.012493
windows,ecb,decrypt,16384,16,100,0.827500,0.008275000,1888.217523
windows,ecb,decrypt,16384,17,100,0.908100,0.009081000,1720.625482
windows,ecb,decrypt,16384,18,100,0.873400,0.008734000,1788.985574
windows,ecb,decrypt,16384,19,100,0.824900,0.008249000,1894.168990
windows,ecb,decrypt,16384,20,100,0.840800,0.008408000,1858.349191
windows,ecb,decrypt,16384,21,100,0.985100,0.009851000,1586.133387
windows,ecb,decrypt,16384,22,100,0.987200,0.009872000,1582.759319
windows,ecb,decrypt,16384,23,100,0.923200,0.009232000,1692.482669
windows,ecb,decrypt,16384,24,100,1.030400,0.010304000,1516.401398
windows,ecb,decrypt,16384,25,100,0.923400,0.009234000,1692.116093
windows,ecb,decrypt,16384,26,100,0.939800,0.009398000,1662.587785
windows,ecb,decrypt,16384,27,100,1.109500,0.011095000,1408.292023
windows,ecb,decrypt,16384,28,100,1.003500,0.010035000,1557.050324
windows,ecb,decrypt,16384,29,100,0.879200,0.008792000,1777.183803
windows,ecb,decrypt,16384,30,100,0.838800,0.008388000,1862.780162
windows,ecb,encrypt,262144,1,100,51.715500,0.517155000,483.414063
windows,ecb,encrypt,262144,2,100,51.045200,0.510452000,489.762015
windows,ecb,encrypt,262144,3,100,51.617100,0.516171000,484.335617
windows,ecb,encrypt,262144,4,100,47.595100,0.475951000,525.264155
windows,ecb,encrypt,262144,5,100,43.133300,0.431333000,579.598593
windows,ecb,encrypt,262144,6,100,43.167200,0.431672000,579.143424
windows,ecb,encrypt,262144,7,100,40.702300,0.407023000,614.215904
windows,ecb,encrypt,262144,8,100,37.552900,0.375529000,665.727547
windows,ecb,encrypt,262144,9,100,36.431700,0.364317000,686.215576
windows,ecb,encrypt,262144,10,100,28.830800,0.288308000,867.128210
windows,ecb,encrypt,262144,11,100,27.872700,0.278727000,896.934994
windows,ecb,encrypt,262144,12,100,27.685300,0.276853000,903.006289
windows,ecb,encrypt,262144,13,100,20.335200,0.203352000,1229.395334
windows,ecb,encrypt,262144,14,100,18.891400,0.188914000,1323.353484
windows,ecb,encrypt,262144,15,100,18.190400,0.181904000,1374.351306
windows,ecb,encrypt,262144,16,100,14.201900,0.142019000,1760.327843
windows,ecb,encrypt,262144,17,100,14.660700,0.146607000,1705.239177
windows,ecb,encrypt,262144,18,100,13.689300,0.136893000,1826.243855
windows,ecb,encrypt,262144,19,100,12.636400,0.126364000,1978.411573
windows,ecb,encrypt,262144,20,100,12.716900,0.127169000,1965.887913
windows,ecb,encrypt,262144,21,100,12.210900,0.122109000,2047.351137
windows,ecb,encrypt,262144,22,100,11.145700,0.111457000,2243.017487
windows,ecb,encrypt,262144,23,100,11.418300,0.114183000,2189.467784
windows,ecb,encrypt,262144,24,100,12.326700,0.123267000,2028.117826
windows,ecb,encrypt,262144,25,100,15.734200,0.157342000,1588.895527
windows,ecb,encrypt,262144,26,100,18.842200,0.188422000,1326.808971
windows,ecb,encrypt,262144,27,100,17.735700,0.177357000,1409.586315
windows,ecb,encrypt,262144,28,100,14.347100,0.143471000,1742.512424
windows,ecb,encrypt,262144,29,100,15.772800,0.157728000,1585.007101
windows,ecb,encrypt,262144,30,100,12.963400,0.129634000,1928.506410
windows,ecb,decrypt,262144,1,100,11.099200,0.110992000,2252.414588
windows,ecb,decrypt,262144,2,100,11.265000,0.112650000,2219.263205
windows,ecb,decrypt,262144,3,100,11.418700,0.114187000,2189.391087
windows,ecb,decrypt,262144,4,100,10.588100,0.105881000,2361.141281
windows,ecb,decrypt,262144,5,100,11.884800,0.118848000,2103.527194
windows,ecb,decrypt,262144,6,100,11.555100,0.115551000,2163.546832
windows,ecb,decrypt,262144,7,100,10.730600,0.107306000,2329.785846
windows,ecb,decrypt,262144,8,100,9.504500,0.095045000,2630.333000
windows,ecb,decrypt,262144,9,100,9.502300,0.095023000,2630.941982
windows,ecb,decrypt,262144,10,100,9.170100,0.091701000,2726.251622
windows,ecb,decrypt,262144,11,100,9.572200,0.095722000,2611.729801
windows,ecb,decrypt,262144,12,100,8.765000,0.087650000,2852.253280
windows,ecb,decrypt,262144,13,100,9.487700,0.094877000,2634.990567
windows,ecb,decrypt,262144,14,100,9.271900,0.092719000,2696.318985
windows,ecb,decrypt,262144,15,100,9.235500,0.092355000,2706.946023
windows,ecb,decrypt,262144,16,100,9.734800,0.097348000,2568.106176
windows,ecb,decrypt,262144,17,100,9.429200,0.094292000,2651.338396
windows,ecb,decrypt,262144,18,100,9.821300,0.098213000,2545.487868
windows,ecb,decrypt,262144,19,100,8.958700,0.089587000,2790.583455
windows,ecb,decrypt,262144,20,100,9.003000,0.090030000,2776.852160
windows,ecb,decrypt,262144,21,100,9.110500,0.091105000,2744.086494
windows,ecb,decrypt,262144,22,100,9.270100,0.092701000,2696.842537
windows,ecb,decrypt,262144,23,100,9.668400,0.096684000,2585.743246
windows,ecb,decrypt,262144,24,100,8.997900,0.089979000,2778.426077
windows,ecb,decrypt,262144,25,100,9.080900,0.090809000,2753.031087
windows,ecb,decrypt,262144,26,100,9.506300,0.095063000,2629.834952
windows,ecb,decrypt,262144,27,100,9.295300,0.092953000,2689.531268
windows,ecb,decrypt,262144,28,100,11.872600,0.118726000,2105.688729
windows,ecb,decrypt,262144,29,100,9.290800,0.092908000,2690.833943
windows,ecb,decrypt,262144,30,100,9.158100,0.091581000,2729.823872
windows,ecb,encrypt,1048576,1,100,124.201700,1.242017000,805.141959
windows,ecb,encrypt,1048576,2,100,125.083200,1.250832000,799.467874
windows,ecb,encrypt,1048576,3,100,125.774200,1.257742000,795.075620
windows,ecb,encrypt,1048576,4,100,132.715500,1.327155000,753.491491
windows,ecb,encrypt,1048576,5,100,125.245100,1.252451000,798.434430
windows,ecb,encrypt,1048576,6,100,133.577400,1.335774000,748.629633
windows,ecb,encrypt,1048576,7,100,117.146700,1.171467000,853.630533
windows,ecb,encrypt,1048576,8,100,124.760700,1.247607000,801.534458
windows,ecb,encrypt,1048576,9,100,145.533000,1.455330000,687.129380
windows,ecb,encrypt,1048576,10,100,116.245100,1.162451000,860.251314
windows,ecb,encrypt,1048576,11,100,120.452500,1.204525000,830.202777
windows,ecb,encrypt,1048576,12,100,132.320900,1.323209000,755.738511
windows,ecb,encrypt,1048576,13,100,131.298400,1.312984000,761.623904
windows,ecb,encrypt,1048576,14,100,126.420900,1.264209000,791.008449
windows,ecb,encrypt,1048576,15,100,123.329500,1.233295000,810.836012
windows,ecb,encrypt,1048576,16,100,131.033000,1.310330000,763.166531
windows,ecb,encrypt,1048576,17,100,130.198900,1.301989000,768.055644
windows,ecb,encrypt,1048576,18,100,122.976100,1.229761000,813.166136
windows,ecb,encrypt,1048576,19,100,121.711200,1.217112000,821.617074
windows,ecb,encrypt,1048576,20,100,120.373600,1.203736000,830.746941
windows,ecb,encrypt,1048576,21,100,121.175300,1.211753000,825.250691
windows,ecb,encrypt,1048576,22,100,125.141700,1.251417000,799.094147
windows,ecb,encrypt,1048576,23,100,122.559400,1.225594000,815.930887
windows,ecb,encrypt,1048576,24,100,125.696400,1.256964000,795.567733
windows,ecb,encrypt,1048576,25,100,118.973500,1.189735000,840.523310
windows,ecb,encrypt,1048576,26,100,124.005500,1.240055000,806.415844
windows,ecb,encrypt,1048576,27,100,120.613600,1.206136000,829.093900
windows,ecb,encrypt,1048576,28,100,124.082800,1.240828000,805.913471
windows,ecb,encrypt,1048576,29,100,119.595800,1.195958000,836.149764
windows,ecb,encrypt,1048576,30,100,121.206600,1.212066000,825.037580
windows,ecb,decrypt,1048576,1,100,87.028200,0.870282000,1149.052836
windows,ecb,decrypt,1048576,2,100,89.469500,0.894695000,1117.699328
windows,ecb,decrypt,1048576,3,100,85.767900,0.857679000,1165.937373
windows,ecb,decrypt,1048576,4,100,88.898400,0.888984000,1124.879638
windows,ecb,decrypt,1048576,5,100,101.487900,1.014879000,985.339139
windows,ecb,decrypt,1048576,6,100,91.759200,0.917592000,1089.808978
windows,ecb,decrypt,1048576,7,100,86.718900,0.867189000,1153.151159
windows,ecb,decrypt,1048576,8,100,87.556100,0.875561000,1142.124878
windows,ecb,decrypt,1048576,9,100,90.032400,0.900324000,1110.711255
windows,ecb,decrypt,1048576,10,100,122.664900,1.226649000,815.229132
windows,ecb,decrypt,1048576,11,100,101.636900,1.016369000,983.894629
windows,ecb,decrypt,1048576,12,100,90.378100,0.903781000,1106.462738
windows,ecb,decrypt,1048576,13,100,83.296900,0.832969000,1200.524869
windows,ecb,decrypt,1048576,14,100,87.430300,0.874303000,1143.768236
windows,ecb,decrypt,1048576,15,100,89.460200,0.894602000,1117.815520
windows,ecb,decrypt,1048576,16,100,90.957300,0.909573000,1099.416979
windows,ecb,decrypt,1048576,17,100,90.517900,0.905179000,1104.753866
windows,ecb,decrypt,1048576,18,100,90.368100,0.903681000,1106.585178
windows,ecb,decrypt,1048576,19,100,90.750600,0.907506000,1101.921089
windows,ecb,decrypt,1048576,20,100,90.464500,0.904645000,1105.405988
windows,ecb,decrypt,1048576,21,100,89.886300,0.898863000,1112.516590
windows,ecb,decrypt,1048576,22,100,98.082100,0.980821000,1019.554027
windows,ecb,decrypt,1048576,23,100,89.944600,0.899446000,1111.795483
windows,ecb,decrypt,1048576,24,100,89.569800,0.895698000,1116.447731
windows,ecb,decrypt,1048576,25,100,88.187500,0.881875000,1133.947555
windows,ecb,decrypt,1048576,26,100,89.601200,0.896012000,1116.056481
windows,ecb,decrypt,1048576,27,100,90.485600,0.904856000,1105.148222
windows,ecb,decrypt,1048576,28,100,90.090100,0.900901000,1109.999878
windows,ecb,decrypt,1048576,29,100,88.615000,0.886150000,1128.477120
windows,ecb,decrypt,1048576,30,100,89.268400,0.892684000,1120.217233
windows,ecb,encrypt,8388608,1,100,1086.629500,10.866295000,736.221500
windows,ecb,encrypt,8388608,2,100,1072.783900,10.727839000,745.723347
windows,ecb,encrypt,8388608,3,100,1103.848700,11.038487000,724.737004
windows,ecb,encrypt,8388608,4,100,1090.309700,10.903097000,733.736479
windows,ecb,encrypt,8388608,5,100,1083.315500,10.833155000,738.473695
windows,ecb,encrypt,8388608,6,100,1084.209200,10.842092000,737.864980
windows,ecb,encrypt,8388608,7,100,1079.675800,10.796758000,740.963167
windows,ecb,encrypt,8388608,8,100,1101.541800,11.015418000,726.254782
windows,ecb,encrypt,8388608,9,100,1082.067300,10.820673000,739.325548
windows,ecb,encrypt,8388608,10,100,1063.929400,10.639294000,751.929592
windows,ecb,encrypt,8388608,11,100,1080.857800,10.808578000,740.152867
windows,ecb,encrypt,8388608,12,100,1059.519700,10.595197000,755.059108
windows,ecb,encrypt,8388608,13,100,1106.448400,11.064484000,723.034170
windows,ecb,encrypt,8388608,14,100,1095.533500,10.955335000,730.237825
windows,ecb,encrypt,8388608,15,100,1081.513700,10.815137000,739.703991
windows,ecb,encrypt,8388608,16,100,1086.035800,10.860358000,736.623968
windows,ecb,encrypt,8388608,17,100,1189.177500,11.891775000,672.733885
windows,ecb,encrypt,8388608,18,100,1139.041700,11.390417000,702.344787
windows,ecb,encrypt,8388608,19,100,1102.754200,11.027542000,725.456317
windows,ecb,encrypt,8388608,20,100,1139.546200,11.395462000,702.033845
windows,ecb,encrypt,8388608,21,100,1119.139500,11.191395000,714.834925
windows,ecb,encrypt,8388608,22,100,1128.168400,11.281684000,709.113994
windows,ecb,encrypt,8388608,23,100,1214.400400,12.144004000,658.761311
windows,ecb,encrypt,8388608,24,100,1139.834500,11.398345000,701.856278
windows,ecb,encrypt,8388608,25,100,1174.428800,11.744288000,681.182205
windows,ecb,encrypt,8388608,26,100,1136.682100,11.366821000,703.802761
windows,ecb,encrypt,8388608,27,100,1160.064400,11.600644000,689.616887
windows,ecb,encrypt,8388608,28,100,1155.982600,11.559826000,692.051939
windows,ecb,encrypt,8388608,29,100,1122.949400,11.229494000,712.409660
windows,ecb,encrypt,8388608,30,100,1132.043400,11.320434000,706.686687
windows,ecb,decrypt,8388608,1,100,929.508200,9.295082000,860.670191
windows,ecb,decrypt,8388608,2,100,958.524200,9.585242000,834.616382
windows,ecb,decrypt,8388608,3,100,926.646100,9.266461000,863.328513
windows,ecb,decrypt,8388608,4,100,984.916000,9.849160000,812.252009
windows,ecb,decrypt,8388608,5,100,1023.116100,10.231161000,781.924945
windows,ecb,decrypt,8388608,6,100,965.587500,9.655875000,828.511140
windows,ecb,decrypt,8388608,7,100,1027.494900,10.274949000,778.592672
windows,ecb,decrypt,8388608,8,100,996.224200,9.962242000,803.032089
windows,ecb,decrypt,8388608,9,100,985.060600,9.850606000,812.132776
windows,ecb,decrypt,8388608,10,100,956.991400,9.569914000,835.953176
windows,ecb,decrypt,8388608,11,100,995.183300,9.951833000,803.872010
windows,ecb,decrypt,8388608,12,100,948.745600,9.487456000,843.218667
windows,ecb,decrypt,8388608,13,100,1149.692500,11.496925000,695.838235
windows,ecb,decrypt,8388608,14,100,1060.627100,10.606271000,754.270752
windows,ecb,decrypt,8388608,15,100,1079.604800,10.796048000,741.011896
windows,ecb,decrypt,8388608,16,100,971.599000,9.715990000,823.384956
windows,ecb,decrypt,8388608,17,100,1002.723600,10.027236000,797.827038
windows,ecb,decrypt,8388608,18,100,1002.281400,10.022814000,798.179034
windows,ecb,decrypt,8388608,19,100,983.878100,9.838781000,813.108860
windows,ecb,decrypt,8388608,20,100,990.147700,9.901477000,807.960267
windows,ecb,decrypt,8388608,21,100,1044.161800,10.441618000,766.164784
windows,ecb,decrypt,8388608,22,100,1002.459600,10.024596000,798.037148
windows,ecb,decrypt,8388608,23,100,1031.742500,10.317425000,775.387270
windows,ecb,decrypt,8388608,24,100,976.869100,9.768691000,818.942886
windows,ecb,decrypt,8388608,25,100,1020.695700,10.206957000,783.779142
windows,ecb,decrypt,8388608,26,100,1051.422500,10.514225000,760.873959
windows,ecb,decrypt,8388608,27,100,984.505200,9.845052000,812.590934
windows,ecb,decrypt,8388608,28,100,1029.025300,10.290253000,777.434724
windows,ecb,decrypt,8388608,29,100,1035.681000,10.356810000,772.438618
windows,ecb,decrypt,8388608,30,100,1024.014100,10.240141000,781.239243
windows,cbc,encrypt,1024,1,100,0.773700,0.007737000,126.219788
windows,cbc,encrypt,1024,2,100,0.665300,0.006653000,146.785285
windows,cbc,encrypt,1024,3,100,0.501900,0.005019000,194.573122
windows,cbc,encrypt,1024,4,100,0.487800,0.004878000,200.197314
windows,cbc,encrypt,1024,5,100,0.577700,0.005777000,169.043189
windows,cbc,encrypt,1024,6,100,0.620500,0.006205000,157.383159
windows,cbc,encrypt,1024,7,100,0.591600,0.005916000,165.071416
windows,cbc,encrypt,1024,8,100,0.595500,0.005955000,163.990344
windows,cbc,encrypt,1024,9,100,0.605400,0.006054000,161.308639
windows,cbc,encrypt,1024,10,100,0.597400,0.005974000,163.468781
windows,cbc,encrypt,1024,11,100,0.646200,0.006462000,151.123878
windows,cbc,encrypt,1024,12,100,0.790100,0.007901000,123.599861
windows,cbc,encrypt,1024,13,100,0.625100,0.006251000,156.225004
windows,cbc,encrypt,1024,14,100,0.498900,0.004989000,195.743135
windows,cbc,encrypt,1024,15,100,0.554600,0.005546000,176.084115
windows,cbc,encrypt,1024,16,100,0.552900,0.005529000,176.625520
windows,cbc,encrypt,1024,17,100,0.620200,0.006202000,157.459287
windows,cbc,encrypt,1024,18,100,0.602800,0.006028000,162.004396
windows,cbc,encrypt,1024,19,100,0.615600,0.006156000,158.635884
windows,cbc,encrypt,1024,20,100,0.605700,0.006057000,161.228744
windows,cbc,encrypt,1024,21,100,0.599300,0.005993000,162.950526
windows,cbc,encrypt,1024,22,100,0.605600,0.006056000,161.255367
windows,cbc,encrypt,1024,23,100,0.800100,0.008001000,122.055056
windows,cbc,encrypt,1024,24,100,0.762400,0.007624000,128.090569
windows,cbc,encrypt,1024,25,100,0.522600,0.005226000,186.866150
windows,cbc,encrypt,1024,26,100,0.528300,0.005283000,184.849991
windows,cbc,encrypt,1024,27,100,0.520200,0.005202000,187.728278
windows,cbc,encrypt,1024,28,100,0.571400,0.005714000,170.906983
windows,cbc,encrypt,1024,29,100,0.614000,0.006140000,159.049267
windows,cbc,encrypt,1024,30,100,0.599800,0.005998000,162.814688
windows,cbc,decrypt,1024,1,100,0.480900,0.004809000,203.069765
windows,cbc,decrypt,1024,2,100,0.451700,0.004517000,216.197144
windows,cbc,decrypt,1024,3,100,0.440500,0.004405000,221.694098
windows,cbc,decrypt,1024,4,100,0.438500,0.004385000,222.705245
windows,cbc,decrypt,1024,5,100,0.434900,0.004349000,224.548747
windows,cbc,decrypt,1024,6,100,0.452300,0.004523000,215.910347
windows,cbc,decrypt,1024,7,100,0.440100,0.004401000,221.895592
windows,cbc,decrypt,1024,8,100,0.433900,0.004339000,225.066260
windows,cbc,decrypt,1024,9,100,0.429600,0.004296000,227.319018
windows,cbc,decrypt,1024,10,100,0.447700,0.004477000,218.128769
windows,cbc,decrypt,1024,11,100,0.442200,0.004422000,220.841814
windows,cbc,decrypt,1024,12,100,0.433000,0.004330000,225.534065
windows,cbc,decrypt,1024,13,100,0.432700,0.004327000,225.690432
windows,cbc,decrypt,1024,14,100,0.433000,0.004330000,225.534065
windows,cbc,decrypt,1024,15,100,0.498000,0.004980000,196.096888
windows,cbc,decrypt,1024,16,100,0.741700,0.007417000,131.665431
windows,cbc,decrypt,1024,17,100,0.483000,0.004830000,202.186853
windows,cbc,decrypt,1024,18,100,0.478700,0.004787000,204.003029
windows,cbc,decrypt,1024,19,100,0.448500,0.004485000,217.739688
windows,cbc,decrypt,1024,20,100,0.433400,0.004334000,225.325911
windows,cbc,decrypt,1024,21,100,0.433100,0.004331000,225.481990
windows,cbc,decrypt,1024,22,100,0.432300,0.004323000,225.899260
windows,cbc,decrypt,1024,23,100,0.446000,0.004460000,218.960202
windows,cbc,decrypt,1024,24,100,0.437400,0.004374000,223.265318
windows,cbc,decrypt,1024,25,100,0.432500,0.004325000,225.794798
windows,cbc,decrypt,1024,26,100,0.430200,0.004302000,227.001976
windows,cbc,decrypt,1024,27,100,0.442500,0.004425000,220.692090
windows,cbc,decrypt,1024,28,100,0.436600,0.004366000,223.674416
windows,cbc,decrypt,1024,29,100,0.432400,0.004324000,225.847017
windows,cbc,decrypt,1024,30,100,0.476400,0.004764000,204.987930
windows,cbc,encrypt,4096,1,100,1.599000,0.015990000,244.293308
windows,cbc,encrypt,4096,2,100,1.704500,0.017045000,229.172778
windows,cbc,encrypt,4096,3,100,1.845800,0.018458000,211.629104
windows,cbc,encrypt,4096,4,100,1.151400,0.011514000,339.260900
windows,cbc,encrypt,4096,5,100,1.298200,0.012982000,300.897396
windows,cbc,encrypt,4096,6,100,1.285000,0.012850000,303.988327
windows,cbc,encrypt,4096,7,100,1.290000,0.012900000,302.810078
windows,cbc,encrypt,4096,8,100,1.573700,0.015737000,248.220754
windows,cbc,encrypt,4096,9,100,1.470100,0.014701000,265.713217
windows,cbc,encrypt,4096,10,100,1.303200,0.013032000,299.742940
windows,cbc,encrypt,4096,11,100,1.290900,0.012909000,302.598962
windows,cbc,encrypt,4096,12,100,1.303100,0.013031000,299.765943
windows,cbc,encrypt,4096,13,100,2.008700,0.020087000,194.466570
windows,cbc,encrypt,4096,14,100,1.345300,0.013453000,290.362744
windows,cbc,encrypt,4096,15,100,1.300000,0.013000000,300.480769
windows,cbc,encrypt,4096,16,100,1.292300,0.012923000,302.271144
windows,cbc,encrypt,4096,17,100,1.277700,0.012777000,305.725131
windows,cbc,encrypt,4096,18,100,1.358600,0.013586000,287.520241
windows,cbc,encrypt,4096,19,100,1.097800,0.010978000,355.825287
windows,cbc,encrypt,4096,20,100,1.144500,0.011445000,341.306247
windows,cbc,encrypt,4096,21,100,1.329600,0.013296000,293.791366
windows,cbc,encrypt,4096,22,100,1.287300,0.012873000,303.445195
windows,cbc,encrypt,4096,23,100,1.429500,0.014295000,273.259881
windows,cbc,encrypt,4096,24,100,1.250600,0.012506000,312.350072
windows,cbc,encrypt,4096,25,100,1.330400,0.013304000,293.614702
windows,cbc,encrypt,4096,26,100,1.360100,0.013601000,287.203147
windows,cbc,encrypt,4096,27,100,1.329600,0.013296000,293.791366
windows,cbc,encrypt,4096,28,100,1.555200,0.015552000,251.173483
windows,cbc,encrypt,4096,29,100,1.366600,0.013666000,285.837114
windows,cbc,encrypt,4096,30,100,1.234100,0.012341000,316.526213
windows,cbc,decrypt,4096,1,100,0.531600,0.005316000,734.810008
windows,cbc,decrypt,4096,2,100,0.545700,0.005457000,715.823713
windows,cbc,decrypt,4096,3,100,0.933900,0.009339000,418.272834
windows,cbc,decrypt,4096,4,100,0.559700,0.005597000,697.918528
windows,cbc,decrypt,4096,5,100,0.474500,0.004745000,823.234984
windows,cbc,decrypt,4096,6,100,0.502700,0.005027000,777.053909
windows,cbc,decrypt,4096,7,100,0.551700,0.005517000,708.038789
windows,cbc,decrypt,4096,8,100,0.539300,0.005393000,724.318561
windows,cbc,decrypt,4096,9,100,0.557400,0.005574000,700.798349
windows,cbc,decrypt,4096,10,100,0.540300,0.005403000,722.977975
windows,cbc,decrypt,4096,11,100,0.581900,0.005819000,671.292318
windows,cbc,decrypt,4096,12,100,0.563900,0.005639000,692.720340
windows,cbc,decrypt,4096,13,100,0.556100,0.005561000,702.436612
windows,cbc,decrypt,4096,14,100,0.722800,0.007228000,540.433038
windows,cbc,decrypt,4096,15,100,0.871100,0.008711000,448.427276
windows,cbc,decrypt,4096,16,100,0.610100,0.006101000,640.263891
windows,cbc,decrypt,4096,17,100,0.589700,0.005897000,662.413091
windows,cbc,decrypt,4096,18,100,0.547500,0.005475000,713.470320
windows,cbc,decrypt,4096,19,100,0.538700,0.005387000,725.125302
windows,cbc,decrypt,4096,20,100,0.564800,0.005648000,691.616501
windows,cbc,decrypt,4096,21,100,0.543300,0.005433000,718.985827
windows,cbc,decrypt,4096,22,100,0.549200,0.005492000,711.261835
windows,cbc,decrypt,4096,23,100,0.537300,0.005373000,727.014703
windows,cbc,decrypt,4096,24,100,0.551200,0.005512000,708.681060
windows,cbc,decrypt,4096,25,100,0.542200,0.005422000,720.444485
windows,cbc,decrypt,4096,26,100,0.692000,0.006920000,564.486994
windows,cbc,decrypt,4096,27,100,0.705800,0.007058000,553.449986
windows,cbc,decrypt,4096,28,100,0.639300,0.006393000,611.019865
windows,cbc,decrypt,4096,29,100,0.562800,0.005628000,694.074271
windows,cbc,decrypt,4096,30,100,0.545700,0.005457000,715.823713
windows,cbc,encrypt,16384,1,100,4.164700,0.041647000,375.177084
windows,cbc,encrypt,16384,2,100,4.344900,0.043449000,359.617022
windows,cbc,encrypt,16384,3,100,3.979300,0.039793000,392.657000
windows,cbc,encrypt,16384,4,100,4.412700,0.044127000,354.091599
windows,cbc,encrypt,16384,5,100,3.978800,0.039788000,392.706344
windows,cbc,encrypt,16384,6,100,4.324000,0.043240000,361.355227
windows,cbc,encrypt,16384,7,100,4.318500,0.043185000,361.815445
windows,cbc,encrypt,16384,8,100,3.938600,0.039386000,396.714569
windows,cbc,encrypt,16384,9,100,4.157700,0.041577000,375.808740
windows,cbc,encrypt,16384,10,100,4.269200,0.042692000,365.993629
windows,cbc,encrypt,16384,11,100,4.065100,0.040651000,384.369388
windows,cbc,encrypt,16384,12,100,4.390600,0.043906000,355.873912
windows,cbc,encrypt,16384,13,100,3.984200,0.039842000,392.174088
windows,cbc,encrypt,16384,14,100,4.209000,0.042090000,371.228320
windows,cbc,encrypt,16384,15,100,4.154100,0.041541000,376.134421
windows,cbc,encrypt,16384,16,100,4.699200,0.046992000,332.503405
windows,cbc,encrypt,16384,17,100,4.485400,0.044854000,348.352432
windows,cbc,encrypt,16384,18,100,4.196100,0.041961000,372.369581
windows,cbc,encrypt,16384,19,100,4.111800,0.041118000,380.003891
windows,cbc,encrypt,16384,20,100,4.449800,0.044498000,351.139377
windows,cbc,encrypt,16384,21,100,3.976300,0.039763000,392.953248
windows,cbc,encrypt,16384,22,100,4.075000,0.040750000,383.435583
windows,cbc,encrypt,16384,23,100,4.237100,0.042371000,368.766373
windows,cbc,encrypt,16384,24,100,4.159500,0.041595000,375.646111
windows,cbc,encrypt,16384,25,100,4.510600,0.045106000,346.406243
windows,cbc,encrypt,16384,26,100,4.189600,0.041896000,372.947298
windows,cbc,encrypt,16384,27,100,4.290600,0.042906000,364.168182
windows,cbc,encrypt,16384,28,100,4.213200,0.042132000,370.858255
windows,cbc,encrypt,16384,29,100,4.043300,0.040433000,386.441768
windows,cbc,encrypt,16384,30,100,4.645100,0.046451000,336.375966
windows,cbc,decrypt,16384,1,100,1.122700,0.011227000,1391.734212
windows,cbc,decrypt,16384,2,100,1.152600,0.011526000,1355.630748
windows,cbc,decrypt,16384,3,100,1.634800,0.016348000,955.774407
windows,cbc,decrypt,16384,4,100,0.961100,0.009611000,1625.741338
windows,cbc,decrypt,16384,5,100,1.124100,0.011241000,1390.000890
windows,cbc,decrypt,16384,6,100,1.152600,0.011526000,1355.630748
windows,cbc,decrypt,16384,7,100,1.148000,0.011480000,1361.062718
windows,cbc,decrypt,16384,8,100,1.527700,0.015277000,1022.779341
windows,cbc,decrypt,16384,9,100,1.153600,0.011536000,1354.455617
windows,cbc,decrypt,16384,10,100,1.128700,0.011287000,1384.335962
windows,cbc,decrypt,16384,11,100,1.137700,0.011377000,1373.384899
windows,cbc,decrypt,16384,12,100,1.117800,0.011178000,1397.835033
windows,cbc,decrypt,16384,13,100,1.127100,0.011271000,1386.301127
windows,cbc,decrypt,16384,14,100,1.339300,0.013393000,1166.654222
windows,cbc,decrypt,16384,15,100,1.067900,0.010679000,1463.151981
windows,cbc,decrypt,16384,16,100,1.092100,0.010921000,1430.729787
windows,cbc,decrypt,16384,17,100,1.141100,0.011411000,1369.292788
windows,cbc,decrypt,16384,18,100,1.131100,0.011311000,1381.398638
windows,cbc,decrypt,16384,19,100,1.128900,0.011289000,1384.090708
windows,cbc,decrypt,16384,20,100,1.398200,0.013982000,1117.508225
windows,cbc,decrypt,16384,21,100,1.244600,0.012446000,1255.423429
windows,cbc,decrypt,16384,22,100,1.086000,0.010860000,1438.766114
windows,cbc,decrypt,16384,23,100,1.134700,0.011347000,1377.015951
windows,cbc,decrypt,16384,24,100,1.120000,0.011200000,1395.089286
windows,cbc,decrypt,16384,25,100,1.158600,0.011586000,1348.610392
windows,cbc,decrypt,16384,26,100,1.467400,0.014674000,1064.808505
windows,cbc,decrypt,16384,27,100,1.060000,0.010600000,1474.056604
windows,cbc,decrypt,16384,28,100,1.034200,0.010342000,1510.829627
windows,cbc,decrypt,16384,29,100,1.134300,0.011343000,1377.501543
windows,cbc,decrypt,16384,30,100,1.164100,0.011641000,1342.238639
windows,cbc,encrypt,262144,1,100,61.746800,0.617468000,404.879281
windows,cbc,encrypt,262144,2,100,62.458600,0.624586000,400.265136
windows,cbc,encrypt,262144,3,100,62.683100,0.626831000,398.831583
windows,cbc,encrypt,262144,4,100,60.118000,0.601180000,415.848831
windows,cbc,encrypt,262144,5,100,60.623100,0.606231000,412.384058
windows,cbc,encrypt,262144,6,100,61.449800,0.614498000,406.836149
windows,cbc,encrypt,262144,7,100,61.182800,0.611828000,408.611571
windows,cbc,encrypt,262144,8,100,61.217300,0.612173000,408.381291
windows,cbc,encrypt,262144,9,100,65.146700,0.651467000,383.749292
windows,cbc,encrypt,262144,10,100,62.662900,0.626629000,398.960150
windows,cbc,encrypt,262144,11,100,62.313300,0.623133000,401.198460
windows,cbc,encrypt,262144,12,100,59.873100,0.598731000,417.549784
windows,cbc,encrypt,262144,13,100,61.282000,0.612820000,407.950132
windows,cbc,encrypt,262144,14,100,60.882600,0.608826000,410.626353
windows,cbc,encrypt,262144,15,100,60.957800,0.609578000,410.119788
windows,cbc,encrypt,262144,16,100,61.013400,0.610134000,409.746056
windows,cbc,encrypt,262144,17,100,60.608100,0.606081000,412.486120
windows,cbc,encrypt,262144,18,100,61.360100,0.613601000,407.430887
windows,cbc,encrypt,262144,19,100,60.015700,0.600157000,416.557667
windows,cbc,encrypt,262144,20,100,60.120700,0.601207000,415.830155
windows,cbc,encrypt,262144,21,100,60.416700,0.604167000,413.792875
windows,cbc,encrypt,262144,22,100,60.261300,0.602613000,414.859952
windows,cbc,encrypt,262144,23,100,60.181600,0.601816000,415.409361
windows,cbc,encrypt,262144,24,100,59.018100,0.590181000,423.598862
windows,cbc,encrypt,262144,25,100,60.820300,0.608203000,411.046970
windows,cbc,encrypt,262144,26,100,59.554600,0.595546000,419.782855
windows,cbc,encrypt,262144,27,100,60.030100,0.600301000,416.457744
windows,cbc,encrypt,262144,28,100,59.840100,0.598401000,417.780051
windows,cbc,encrypt,262144,29,100,63.371000,0.633710000,394.502217
windows,cbc,encrypt,262144,30,100,63.365700,0.633657000,394.535214
windows,cbc,decrypt,262144,1,100,18.408000,0.184080000,1358.105172
windows,cbc,decrypt,262144,2,100,14.997600,0.149976000,1666.933376
windows,cbc,decrypt,262144,3,100,13.662800,0.136628000,1829.785988
windows,cbc,decrypt,262144,4,100,13.016200,0.130162000,1920.683456
windows,cbc,decrypt,262144,5,100,13.040200,0.130402000,1917.148510
windows,cbc,decrypt,262144,6,100,12.517800,0.125178000,1997.156050
windows,cbc,decrypt,262144,7,100,12.715500,0.127155000,1966.104361
windows,cbc,decrypt,262144,8,100,13.689000,0.136890000,1826.283878
windows,cbc,decrypt,262144,9,100,12.849900,0.128499000,1945.540432
windows,cbc,decrypt,262144,10,100,12.870100,0.128701000,1942.486849
windows,cbc,decrypt,262144,11,100,12.854300,0.128543000,1944.874478
windows,cbc,decrypt,262144,12,100,12.652400,0.126524000,1975.909709
windows,cbc,decrypt,262144,13,100,13.067900,0.130679000,1913.084734
windows,cbc,decrypt,262144,14,100,12.852400,0.128524000,1945.161993
windows,cbc,decrypt,262144,15,100,13.743100,0.137431000,1819.094673
windows,cbc,decrypt,262144,16,100,13.462500,0.134625000,1857.010214
windows,cbc,decrypt,262144,17,100,12.214500,0.122145000,2046.747718
windows,cbc,decrypt,262144,18,100,12.799000,0.127990000,1953.277600
windows,cbc,decrypt,262144,19,100,13.522800,0.135228000,1848.729553
windows,cbc,decrypt,262144,20,100,12.858800,0.128588000,1944.193859
windows,cbc,decrypt,262144,21,100,12.897400,0.128974000,1938.375176
windows,cbc,decrypt,262144,22,100,12.330500,0.123305000,2027.492802
windows,cbc,decrypt,262144,23,100,13.199500,0.131995000,1894.011137
windows,cbc,decrypt,262144,24,100,16.564300,0.165643000,1509.269936
windows,cbc,decrypt,262144,25,100,14.370900,0.143709000,1739.626607
windows,cbc,decrypt,262144,26,100,12.765300,0.127653000,1958.434193
windows,cbc,decrypt,262144,27,100,12.265100,0.122651000,2038.303805
windows,cbc,decrypt,262144,28,100,12.544200,0.125442000,1992.952918
windows,cbc,decrypt,262144,29,100,13.671300,0.136713000,1828.648336
windows,cbc,decrypt,262144,30,100,12.800400,0.128004000,1953.063967
windows,cbc,encrypt,1048576,1,100,329.485500,3.294855000,303.503493
windows,cbc,encrypt,1048576,2,100,328.525900,3.285259000,304.390004
windows,cbc,encrypt,1048576,3,100,338.406000,3.384060000,295.503035
windows,cbc,encrypt,1048576,4,100,340.166700,3.401667000,293.973514
windows,cbc,encrypt,1048576,5,100,345.015700,3.450157000,289.841883
windows,cbc,encrypt,1048576,6,100,341.482200,3.414822000,292.841032
windows,cbc,encrypt,1048576,7,100,340.732300,3.407323000,293.485531
windows,cbc,encrypt,1048576,8,100,341.459200,3.414592000,292.860758
windows,cbc,encrypt,1048576,9,100,342.653100,3.426531000,291.840348
windows,cbc,encrypt,1048576,10,100,332.229900,3.322299000,300.996388
windows,cbc,encrypt,1048576,11,100,333.581900,3.335819000,299.776457
windows,cbc,encrypt,1048576,12,100,343.470400,3.434704000,291.145904
windows,cbc,encrypt,1048576,13,100,339.860800,3.398608000,294.238112
windows,cbc,encrypt,1048576,14,100,357.029400,3.570294000,280.088979
windows,cbc,encrypt,1048576,15,100,337.053300,3.370533000,296.688981
windows,cbc,encrypt,1048576,16,100,349.893900,3.498939000,285.800924
windows,cbc,encrypt,1048576,17,100,369.320100,3.693201000,270.767824
windows,cbc,encrypt,1048576,18,100,371.159100,3.711591000,269.426238
windows,cbc,encrypt,1048576,19,100,386.688700,3.866887000,258.605954
windows,cbc,encrypt,1048576,20,100,401.814500,4.018145000,248.871059
windows,cbc,encrypt,1048576,21,100,390.207200,3.902072000,256.274103
windows,cbc,encrypt,1048576,22,100,370.104100,3.701041000,270.194251
windows,cbc,encrypt,1048576,23,100,338.955100,3.389551000,295.024326
windows,cbc,encrypt,1048576,24,100,360.013800,3.600138000,277.767130
windows,cbc,encrypt,1048576,25,100,369.705400,3.697054000,270.485635
windows,cbc,encrypt,1048576,26,100,377.508500,3.775085000,264.894698
windows,cbc,encrypt,1048576,27,100,378.419900,3.784199000,264.256716
windows,cbc,encrypt,1048576,28,100,398.439700,3.984397000,250.979006
windows,cbc,encrypt,1048576,29,100,384.963900,3.849639000,259.764617
windows,cbc,encrypt,1048576,30,100,367.468900,3.674689000,272.131873
windows,cbc,decrypt,1048576,1,100,130.207900,1.302079000,768.002556
windows,cbc,decrypt,1048576,2,100,128.776700,1.287767000,776.537992
windows,cbc,decrypt,1048576,3,100,128.172300,1.281723000,780.199778
windows,cbc,decrypt,1048576,4,100,135.755500,1.357555000,736.618406
windows,cbc,decrypt,1048576,5,100,139.184000,1.391840000,718.473388
windows,cbc,decrypt,1048576,6,100,131.942400,1.319424000,757.906480
windows,cbc,decrypt,1048576,7,100,134.055700,1.340557000,745.958583
windows,cbc,decrypt,1048576,8,100,132.369700,1.323697000,755.459898
windows,cbc,decrypt,1048576,9,100,129.365400,1.293654000,773.004219
windows,cbc,decrypt,1048576,10,100,130.356800,1.303568000,767.125305
windows,cbc,decrypt,1048576,11,100,132.228500,1.322285000,756.266614
windows,cbc,decrypt,1048576,12,100,130.438100,1.304381000,766.647168
windows,cbc,decrypt,1048576,13,100,129.038800,1.290388000,774.960709
windows,cbc,decrypt,1048576,14,100,133.569000,1.335690000,748.676714
windows,cbc,decrypt,1048576,15,100,130.973300,1.309733000,763.514396
windows,cbc,decrypt,1048576,16,100,128.653400,1.286534000,777.282217
windows,cbc,decrypt,1048576,17,100,128.393800,1.283938000,778.853808
windows,cbc,decrypt,1048576,18,100,128.943900,1.289439000,775.531064
windows,cbc,decrypt,1048576,19,100,129.329900,1.293299000,773.216402
windows,cbc,decrypt,1048576,20,100,128.760300,1.287603000,776.636898
windows,cbc,decrypt,1048576,21,100,129.369500,1.293695000,772.979721
windows,cbc,decrypt,1048576,22,100,131.085100,1.310851000,762.863209
windows,cbc,decrypt,1048576,23,100,128.062700,1.280627000,780.867497
windows,cbc,decrypt,1048576,24,100,129.343700,1.293437000,773.133906
windows,cbc,decrypt,1048576,25,100,129.476400,1.294764000,772.341523
windows,cbc,decrypt,1048576,26,100,130.369300,1.303693000,767.051752
windows,cbc,decrypt,1048576,27,100,129.277100,1.292771000,773.532203
windows,cbc,decrypt,1048576,28,100,129.105100,1.291051000,774.562740
windows,cbc,decrypt,1048576,29,100,130.291400,1.302914000,767.510365
windows,cbc,decrypt,1048576,30,100,127.876200,1.278762000,782.006347
windows,cbc,encrypt,8388608,1,100,3305.948200,33.059482000,241.988063
windows,cbc,encrypt,8388608,2,100,3253.971600,32.539716000,245.853406
windows,cbc,encrypt,8388608,3,100,3036.797600,30.367976000,263.435403
windows,cbc,encrypt,8388608,4,100,2748.926400,27.489264000,291.022706
windows,cbc,encrypt,8388608,5,100,2790.960200,27.909602000,286.639702
windows,cbc,encrypt,8388608,6,100,3092.466500,30.924665000,258.693182
windows,cbc,encrypt,8388608,7,100,2773.319900,27.733199000,288.462936
windows,cbc,encrypt,8388608,8,100,2754.772400,27.547724000,290.405117
windows,cbc,encrypt,8388608,9,100,2743.047900,27.430479000,291.646384
windows,cbc,encrypt,8388608,10,100,2706.533000,27.065330000,295.581100
windows,cbc,encrypt,8388608,11,100,3155.156800,31.551568000,253.553167
windows,cbc,encrypt,8388608,12,100,3392.824900,33.928249000,235.791714
windows,cbc,encrypt,8388608,13,100,3229.429800,32.294298000,247.721750
windows,cbc,encrypt,8388608,14,100,2897.971700,28.979717000,276.055146
windows,cbc,encrypt,8388608,15,100,2801.142200,28.011422000,285.597782
windows,cbc,encrypt,8388608,16,100,2771.608300,27.716083000,288.641075
windows,cbc,encrypt,8388608,17,100,2780.631500,27.806315000,287.704430
windows,cbc,encrypt,8388608,18,100,2856.067100,28.560671000,280.105464
windows,cbc,encrypt,8388608,19,100,3190.567500,31.905675000,250.739093
windows,cbc,encrypt,8388608,20,100,3231.931200,32.319312000,247.530022
windows,cbc,encrypt,8388608,21,100,3324.050300,33.240503000,240.670245
windows,cbc,encrypt,8388608,22,100,3343.000800,33.430008000,239.305955
windows,cbc,encrypt,8388608,23,100,3274.468200,32.744682000,244.314481
windows,cbc,encrypt,8388608,24,100,2964.513200,29.645132000,269.858809
windows,cbc,encrypt,8388608,25,100,2903.361800,29.033618000,275.542649
windows,cbc,encrypt,8388608,26,100,3237.516200,32.375162000,247.103011
windows,cbc,encrypt,8388608,27,100,3188.131700,31.881317000,250.930663
windows,cbc,encrypt,8388608,28,100,3216.716800,32.167168000,248.700787
windows,cbc,encrypt,8388608,29,100,3317.495800,33.174958000,241.145746
windows,cbc,encrypt,8388608,30,100,3294.959600,32.949596000,242.795086
windows,cbc,decrypt,8388608,1,100,1453.603100,14.536031000,550.356559
windows,cbc,decrypt,8388608,2,100,1402.627800,14.026278000,570.358009
windows,cbc,decrypt,8388608,3,100,1453.572400,14.535724000,550.368183
windows,cbc,decrypt,8388608,4,100,1471.353000,14.713530000,543.717245
windows,cbc,decrypt,8388608,5,100,1401.110600,14.011106000,570.975625
windows,cbc,decrypt,8388608,6,100,1068.646300,10.686463000,748.610649
windows,cbc,decrypt,8388608,7,100,1219.582600,12.195826000,655.962130
windows,cbc,decrypt,8388608,8,100,1199.801700,11.998017000,666.776852
windows,cbc,decrypt,8388608,9,100,1225.935700,12.259357000,652.562773
windows,cbc,decrypt,8388608,10,100,1166.247100,11.662471000,685.960977
windows,cbc,decrypt,8388608,11,100,1307.302300,13.073023000,611.947214
windows,cbc,decrypt,8388608,12,100,1369.618900,13.696189000,584.104089
windows,cbc,decrypt,8388608,13,100,1370.554600,13.705546000,583.705312
windows,cbc,decrypt,8388608,14,100,1394.117500,13.941175000,573.839723
windows,cbc,decrypt,8388608,15,100,1502.299400,15.022994000,532.517020
windows,cbc,decrypt,8388608,16,100,1201.630600,12.016306000,665.762007
windows,cbc,decrypt,8388608,17,100,1140.628700,11.406287000,701.367588
windows,cbc,decrypt,8388608,18,100,1107.192900,11.071929000,722.547986
windows,cbc,decrypt,8388608,19,100,1191.454400,11.914544000,671.448274
windows,cbc,decrypt,8388608,20,100,1132.378200,11.323782000,706.477747
windows,cbc,decrypt,8388608,21,100,1070.717800,10.707178000,747.162324
windows,cbc,decrypt,8388608,22,100,915.635900,9.156359000,873.709735
windows,cbc,decrypt,8388608,23,100,908.493600,9.084936000,880.578575
windows,cbc,decrypt,8388608,24,100,935.812300,9.358123000,854.872286
windows,cbc,decrypt,8388608,25,100,911.979800,9.119798000,877.212412
windows,cbc,decrypt,8388608,26,100,913.480800,9.134808000,875.771007
windows,cbc,decrypt,8388608,27,100,914.206300,9.142063000,875.076009
windows,cbc,decrypt,8388608,28,100,907.104900,9.071049000,881.926666
windows,cbc,decrypt,8388608,29,100,910.698700,9.106987000,878.446406
windows,cbc,decrypt,8388608,30,100,947.590200,9.475902000,844.246806
windows,cfb,encrypt,1024,1,100,0.470300,0.004703000,207.646715
windows,cfb,encrypt,1024,2,100,0.522700,0.005227000,186.830400
windows,cfb,encrypt,1024,3,100,0.488800,0.004888000,199.787745
windows,cfb,encrypt,1024,4,100,0.500800,0.005008000,195.000499
windows,cfb,encrypt,1024,5,100,0.474600,0.004746000,205.765381
windows,cfb,encrypt,1024,6,100,0.473500,0.004735000,206.243400
windows,cfb,encrypt,1024,7,100,0.472300,0.004723000,206.767415
windows,cfb,encrypt,1024,8,100,0.481200,0.004812000,202.943163
windows,cfb,encrypt,1024,9,100,0.476200,0.004762000,205.074024
windows,cfb,encrypt,1024,10,100,0.473200,0.004732000,206.374155
windows,cfb,encrypt,1024,11,100,0.472200,0.004722000,206.811203
windows,cfb,encrypt,1024,12,100,0.471200,0.004712000,207.250106
windows,cfb,encrypt,1024,13,100,0.668600,0.006686000,146.060799
windows,cfb,encrypt,1024,14,100,0.510300,0.005103000,191.370272
windows,cfb,encrypt,1024,15,100,0.496200,0.004962000,196.808243
windows,cfb,encrypt,1024,16,100,0.519600,0.005196000,187.945054
windows,cfb,encrypt,1024,17,100,0.495300,0.004953000,197.165859
windows,cfb,encrypt,1024,18,100,0.474900,0.004749000,205.635397
windows,cfb,encrypt,1024,19,100,0.473300,0.004733000,206.330551
windows,cfb,encrypt,1024,20,100,0.483000,0.004830000,202.186853
windows,cfb,encrypt,1024,21,100,0.473600,0.004736000,206.199852
windows,cfb,encrypt,1024,22,100,0.471200,0.004712000,207.250106
windows,cfb,encrypt,1024,23,100,0.470400,0.004704000,207.602572
windows,cfb,encrypt,1024,24,100,0.477600,0.004776000,204.472885
windows,cfb,encrypt,1024,25,100,0.510500,0.005105000,191.295299
windows,cfb,encrypt,1024,26,100,0.750600,0.007506000,130.104250
windows,cfb,encrypt,1024,27,100,0.603900,0.006039000,161.709306
windows,cfb,encrypt,1024,28,100,0.484900,0.004849000,201.394617
windows,cfb,encrypt,1024,29,100,0.487000,0.004870000,200.526181
windows,cfb,encrypt,1024,30,100,0.520600,0.005206000,187.584038
windows,cfb,decrypt,1024,1,100,0.350500,0.003505000,278.619829
windows,cfb,decrypt,1024,2,100,0.359900,0.003599000,271.342734
windows,cfb,decrypt,1024,3,100,0.353500,0.003535000,276.255304
windows,cfb,decrypt,1024,4,100,0.352500,0.003525000,277.039007
windows,cfb,decrypt,1024,5,100,0.354700,0.003547000,275.320694
windows,cfb,decrypt,1024,6,100,0.355100,0.003551000,275.010560
windows,cfb,decrypt,1024,7,100,0.623200,0.006232000,156.701300
windows,cfb,decrypt,1024,8,100,0.397900,0.003979000,245.429128
windows,cfb,decrypt,1024,9,100,0.377100,0.003771000,258.966455
windows,cfb,decrypt,1024,10,100,0.368900,0.003689000,264.722825
windows,cfb,decrypt,1024,11,100,0.412800,0.004128000,236.570373
windows,cfb,decrypt,1024,12,100,0.374300,0.003743000,260.903687
windows,cfb,decrypt,1024,13,100,0.356700,0.003567000,273.776983
windows,cfb,decrypt,1024,14,100,0.374900,0.003749000,260.486130
windows,cfb,decrypt,1024,15,100,0.364000,0.003640000,268.286401
windows,cfb,decrypt,1024,16,100,0.356700,0.003567000,273.776983
windows,cfb,decrypt,1024,17,100,0.363300,0.003633000,268.803331
windows,cfb,decrypt,1024,18,100,0.357200,0.003572000,273.393757
windows,cfb,decrypt,1024,19,100,0.352400,0.003524000,277.117622
windows,cfb,decrypt,1024,20,100,0.352500,0.003525000,277.039007
windows,cfb,decrypt,1024,21,100,0.355000,0.003550000,275.088028
windows,cfb,decrypt,1024,22,100,0.368200,0.003682000,265.226100
windows,cfb,decrypt,1024,23,100,0.359300,0.003593000,271.795853
windows,cfb,decrypt,1024,24,100,0.355900,0.003559000,274.392386
windows,cfb,decrypt,1024,25,100,0.355200,0.003552000,274.933136
windows,cfb,decrypt,1024,26,100,0.354400,0.003544000,275.553753
windows,cfb,decrypt,1024,27,100,0.351200,0.003512000,278.064493
windows,cfb,decrypt,1024,28,100,0.361600,0.003616000,270.067063
windows,cfb,decrypt,1024,29,100,0.358500,0.003585000,272.402371
windows,cfb,decrypt,1024,30,100,0.390100,0.003901000,250.336452
windows,cfb,encrypt,4096,1,100,1.006500,0.010065000,388.102335
windows,cfb,encrypt,4096,2,100,1.153000,0.011530000,338.790113
windows,cfb,encrypt,4096,3,100,1.051500,0.010515000,371.493105
windows,cfb,encrypt,4096,4,100,1.053300,0.010533000,370.858255
windows,cfb,encrypt,4096,5,100,1.059300,0.010593000,368.757670
windows,cfb,encrypt,4096,6,100,1.036800,0.010368000,376.760224
windows,cfb,encrypt,4096,7,100,1.013700,0.010137000,385.345763
windows,cfb,encrypt,4096,8,100,1.017300,0.010173000,383.982110
windows,cfb,encrypt,4096,9,100,1.015500,0.010155000,384.662728
windows,cfb,encrypt,4096,10,100,1.018300,0.010183000,383.605028
windows,cfb,encrypt,4096,11,100,1.035800,0.010358000,377.123962
windows,cfb,encrypt,4096,12,100,1.035800,0.010358000,377.123962
windows,cfb,encrypt,4096,13,100,1.013400,0.010134000,385.459838
windows,cfb,encrypt,4096,14,100,1.017300,0.010173000,383.982110
windows,cfb,encrypt,4096,15,100,1.012300,0.010123000,385.878692
windows,cfb,encrypt,4096,16,100,1.019900,0.010199000,383.003236
windows,cfb,encrypt,4096,17,100,1.174500,0.011745000,332.588335
windows,cfb,encrypt,4096,18,100,1.084500,0.010845000,360.189027
windows,cfb,encrypt,4096,19,100,1.058600,0.010586000,369.001511
windows,cfb,encrypt,4096,20,100,1.022500,0.010225000,382.029340
windows,cfb,encrypt,4096,21,100,1.019900,0.010199000,383.003236
windows,cfb,encrypt,4096,22,100,1.013700,0.010137000,385.345763
windows,cfb,encrypt,4096,23,100,1.021000,0.010210000,382.590597
windows,cfb,encrypt,4096,24,100,1.032600,0.010326000,378.292659
windows,cfb,encrypt,4096,25,100,1.033600,0.010336000,377.926664
windows,cfb,encrypt,4096,26,100,1.014100,0.010141000,385.193768
windows,cfb,encrypt,4096,27,100,1.016900,0.010169000,384.133150
windows,cfb,encrypt,4096,28,100,1.012500,0.010125000,385.802469
windows,cfb,encrypt,4096,29,100,1.016600,0.010166000,384.246508
windows,cfb,encrypt,4096,30,100,1.012000,0.010120000,385.993083
windows,cfb,decrypt,4096,1,100,0.516200,0.005162000,756.731887
windows,cfb,decrypt,4096,2,100,0.515600,0.005156000,757.612490
windows,cfb,decrypt,4096,3,100,0.510100,0.005101000,765.781219
windows,cfb,decrypt,4096,4,100,0.509600,0.005096000,766.532575
windows,cfb,decrypt,4096,5,100,0.517500,0.005175000,754.830918
windows,cfb,decrypt,4096,6,100,0.513200,0.005132000,761.155495
windows,cfb,decrypt,4096,7,100,0.511500,0.005115000,763.685239
windows,cfb,decrypt,4096,8,100,0.508200,0.005082000,768.644235
windows,cfb,decrypt,4096,9,100,0.519100,0.005191000,752.504334
windows,cfb,decrypt,4096,10,100,0.546600,0.005466000,714.645079
windows,cfb,decrypt,4096,11,100,0.526400,0.005264000,742.068769
windows,cfb,decrypt,4096,12,100,0.522500,0.005225000,747.607656
windows,cfb,decrypt,4096,13,100,0.514400,0.005144000,759.379860
windows,cfb,decrypt,4096,14,100,0.510600,0.005106000,765.031336
windows,cfb,decrypt,4096,15,100,0.509700,0.005097000,766.382186
windows,cfb,decrypt,4096,16,100,0.516800,0.005168000,755.853328
windows,cfb,decrypt,4096,17,100,0.512700,0.005127000,761.897796
windows,cfb,decrypt,4096,18,100,0.510500,0.005105000,765.181195
windows,cfb,decrypt,4096,19,100,0.508900,0.005089000,767.586952
windows,cfb,decrypt,4096,20,100,0.518500,0.005185000,753.375121
windows,cfb,decrypt,4096,21,100,0.512900,0.005129000,761.600702
windows,cfb,decrypt,4096,22,100,0.509800,0.005098000,766.231856
windows,cfb,decrypt,4096,23,100,0.544000,0.005440000,718.060662
windows,cfb,decrypt,4096,24,100,0.534300,0.005343000,731.096762
windows,cfb,decrypt,4096,25,100,0.739300,0.007393000,528.371432
windows,cfb,decrypt,4096,26,100,0.551600,0.005516000,708.167150
windows,cfb,decrypt,4096,27,100,0.525300,0.005253000,743.622692
windows,cfb,decrypt,4096,28,100,0.531300,0.005313000,735.224920
windows,cfb,decrypt,4096,29,100,0.534600,0.005346000,730.686495
windows,cfb,decrypt,4096,30,100,0.510800,0.005108000,764.731793
windows,cfb,encrypt,16384,1,100,3.346200,0.033462000,466.947582
windows,cfb,encrypt,16384,2,100,3.308400,0.033084000,472.282674
windows,cfb,encrypt,16384,3,100,3.525900,0.035259000,443.149267
windows,cfb,encrypt,16384,4,100,3.321000,0.033210000,470.490816
windows,cfb,encrypt,16384,5,100,3.315900,0.033159000,471.214452
windows,cfb,encrypt,16384,6,100,3.320100,0.033201000,470.618355
windows,cfb,encrypt,16384,7,100,3.333600,0.033336000,468.712503
windows,cfb,encrypt,16384,8,100,3.598400,0.035984000,434.220765
windows,cfb,encrypt,16384,9,100,3.340300,0.033403000,467.772356
windows,cfb,encrypt,16384,10,100,3.320000,0.033200000,470.632530
windows,cfb,encrypt,16384,11,100,3.302300,0.033023000,473.155074
windows,cfb,encrypt,16384,12,100,3.403900,0.034039000,459.032286
windows,cfb,encrypt,16384,13,100,3.373500,0.033735000,463.168816
windows,cfb,encrypt,16384,14,100,3.304300,0.033043000,472.868686
windows,cfb,encrypt,16384,15,100,3.290200,0.032902000,474.895143
windows,cfb,encrypt,16384,16,100,3.289800,0.032898000,474.952885
windows,cfb,encrypt,16384,17,100,3.536900,0.035369000,441.771042
windows,cfb,encrypt,16384,18,100,3.316700,0.033167000,471.100793
windows,cfb,encrypt,16384,19,100,3.319200,0.033192000,470.745963
windows,cfb,encrypt,16384,20,100,3.307500,0.033075000,472.411187
windows,cfb,encrypt,16384,21,100,3.291400,0.032914000,474.722003
windows,cfb,encrypt,16384,22,100,3.433800,0.034338000,455.035238
windows,cfb,encrypt,16384,23,100,3.337200,0.033372000,468.206880
windows,cfb,encrypt,16384,24,100,3.298600,0.032986000,473.685806
windows,cfb,encrypt,16384,25,100,3.292100,0.032921000,474.621063
windows,cfb,encrypt,16384,26,100,3.457400,0.034574000,451.929195
windows,cfb,encrypt,16384,27,100,3.371900,0.033719000,463.388594
windows,cfb,encrypt,16384,28,100,3.337400,0.033374000,468.178822
windows,cfb,encrypt,16384,29,100,3.296100,0.032961000,474.045084
windows,cfb,encrypt,16384,30,100,3.292500,0.032925000,474.563402
windows,cfb,decrypt,16384,1,100,1.309300,0.013093000,1193.385779
windows,cfb,decrypt,16384,2,100,1.274700,0.012747000,1225.778615
windows,cfb,decrypt,16384,3,100,1.257800,0.012578000,1242.248370
windows,cfb,decrypt,16384,4,100,1.263900,0.012639000,1236.252868
windows,cfb,decrypt,16384,5,100,1.268900,0.012689000,1231.381512
windows,cfb,decrypt,16384,6,100,1.300600,0.013006000,1201.368599
windows,cfb,decrypt,16384,7,100,1.283100,0.012831000,1217.753877
windows,cfb,decrypt,16384,8,100,1.268700,0.012687000,1231.575629
windows,cfb,decrypt,16384,9,100,1.258900,0.012589000,1241.162920
windows,cfb,decrypt,16384,10,100,1.553400,0.015534000,1005.858118
windows,cfb,decrypt,16384,11,100,1.362000,0.013620000,1147.209985
windows,cfb,decrypt,16384,12,100,1.295700,0.012957000,1205.911862
windows,cfb,decrypt,16384,13,100,1.269200,0.012692000,1231.090451
windows,cfb,decrypt,16384,14,100,1.263300,0.012633000,1236.840022
windows,cfb,decrypt,16384,15,100,1.258400,0.012584000,1241.656071
windows,cfb,decrypt,16384,16,100,1.262100,0.012621000,1238.016005
windows,cfb,decrypt,16384,17,100,1.313500,0.013135000,1189.569852
windows,cfb,decrypt,16384,18,100,1.264500,0.012645000,1235.666271
windows,cfb,decrypt,16384,19,100,1.262300,0.012623000,1237.819853
windows,cfb,decrypt,16384,20,100,1.255000,0.012550000,1245.019920
windows,cfb,decrypt,16384,21,100,1.264000,0.012640000,1236.155063
windows,cfb,decrypt,16384,22,100,2.171700,0.021717000,719.482433
windows,cfb,decrypt,16384,23,100,1.329400,0.013294000,1175.342260
windows,cfb,decrypt,16384,24,100,1.301200,0.013012000,1200.814633
windows,cfb,decrypt,16384,25,100,1.263900,0.012639000,1236.252868
windows,cfb,decrypt,16384,26,100,1.270500,0.012705000,1229.830775
windows,cfb,decrypt,16384,27,100,1.324600,0.013246000,1179.601389
windows,cfb,decrypt,16384,28,100,1.282900,0.012829000,1217.943721
windows,cfb,decrypt,16384,29,100,1.268400,0.012684000,1231.866919
windows,cfb,decrypt,16384,30,100,1.267200,0.012672000,1233.033460
windows,cfb,encrypt,262144,1,100,48.435400,0.484354000,516.151410
windows,cfb,encrypt,262144,2,100,49.149700,0.491497000,508.650104
windows,cfb,encrypt,262144,3,100,48.687800,0.486878000,513.475655
windows,cfb,encrypt,262144,4,100,48.938500,0.489385000,510.845245
windows,cfb,encrypt,262144,5,100,49.673300,0.496733000,503.288487
windows,cfb,encrypt,262144,6,100,49.447900,0.494479000,505.582644
windows,cfb,encrypt,262144,7,100,54.756200,0.547562000,456.569302
windows,cfb,encrypt,262144,8,100,48.915500,0.489155000,511.085443
windows,cfb,encrypt,262144,9,100,48.910100,0.489101000,511.141870
windows,cfb,encrypt,262144,10,100,49.063800,0.490638000,509.540639
windows,cfb,encrypt,262144,11,100,49.113100,0.491131000,509.029159
windows,cfb,encrypt,262144,12,100,48.445600,0.484456000,516.042737
windows,cfb,encrypt,262144,13,100,48.480800,0.484808000,515.668058
windows,cfb,encrypt,262144,14,100,49.105600,0.491056000,509.106904
windows,cfb,encrypt,262144,15,100,48.598600,0.485986000,514.418111
windows,cfb,encrypt,262144,16,100,48.782400,0.487824000,512.479911
windows,cfb,encrypt,262144,17,100,48.967100,0.489671000,510.546877
windows,cfb,encrypt,262144,18,100,48.233300,0.482333000,518.314111
windows,cfb,encrypt,262144,19,100,48.966300,0.489663000,510.555219
windows,cfb,encrypt,262144,20,100,49.292600,0.492926000,507.175519
windows,cfb,encrypt,262144,21,100,49.056200,0.490562000,509.619579
windows,cfb,encrypt,262144,22,100,48.792100,0.487921000,512.378028
windows,cfb,encrypt,262144,23,100,48.480300,0.484803000,515.673377
windows,cfb,encrypt,262144,24,100,48.539400,0.485394000,515.045509
windows,cfb,encrypt,262144,25,100,48.522000,0.485220000,515.230205
windows,cfb,encrypt,262144,26,100,49.006700,0.490067000,510.134329
windows,cfb,encrypt,262144,27,100,48.750400,0.487504000,512.816305
windows,cfb,encrypt,262144,28,100,48.675900,0.486759000,513.601187
windows,cfb,encrypt,262144,29,100,48.775500,0.487755000,512.552408
windows,cfb,encrypt,262144,30,100,48.460300,0.484603000,515.886200
windows,cfb,decrypt,262144,1,100,16.249400,0.162494000,1538.518345
windows,cfb,decrypt,262144,2,100,16.154800,0.161548000,1547.527670
windows,cfb,decrypt,262144,3,100,16.866500,0.168665000,1482.228085
windows,cfb,decrypt,262144,4,100,16.596100,0.165961000,1506.378004
windows,cfb,decrypt,262144,5,100,16.728300,0.167283000,1494.473437
windows,cfb,decrypt,262144,6,100,16.721500,0.167215000,1495.081183
windows,cfb,decrypt,262144,7,100,17.098300,0.170983000,1462.133662
windows,cfb,decrypt,262144,8,100,17.682900,0.176829000,1413.795249
windows,cfb,decrypt,262144,9,100,16.575400,0.165754000,1508.259228
windows,cfb,decrypt,262144,10,100,16.795100,0.167951000,1488.529393
windows,cfb,decrypt,262144,11,100,16.666200,0.166662000,1500.042001
windows,cfb,decrypt,262144,12,100,16.361000,0.163610000,1528.023959
windows,cfb,decrypt,262144,13,100,16.529600,0.165296000,1512.438293
windows,cfb,decrypt,262144,14,100,16.386800,0.163868000,1525.618180
windows,cfb,decrypt,262144,15,100,17.553200,0.175532000,1424.241734
windows,cfb,decrypt,262144,16,100,16.527100,0.165271000,1512.667074
windows,cfb,decrypt,262144,17,100,16.771100,0.167711000,1490.659527
windows,cfb,decrypt,262144,18,100,16.905300,0.169053000,1478.826167
windows,cfb,decrypt,262144,19,100,16.371200,0.163712000,1527.071931
windows,cfb,decrypt,262144,20,100,16.917600,0.169176000,1477.750981
windows,cfb,decrypt,262144,21,100,18.007000,0.180070000,1388.348975
windows,cfb,decrypt,262144,22,100,16.828900,0.168289000,1485.539756
windows,cfb,decrypt,262144,23,100,16.355100,0.163551000,1528.575184
windows,cfb,decrypt,262144,24,100,16.902600,0.169026000,1479.062393
windows,cfb,decrypt,262144,25,100,16.551200,0.165512000,1510.464498
windows,cfb,decrypt,262144,26,100,16.710900,0.167109000,1496.029538
windows,cfb,decrypt,262144,27,100,16.802500,0.168025000,1487.873828
windows,cfb,decrypt,262144,28,100,16.939200,0.169392000,1475.866629
windows,cfb,decrypt,262144,29,100,16.864800,0.168648000,1482.377496
windows,cfb,decrypt,262144,30,100,17.101100,0.171011000,1461.894264
windows,cfb,encrypt,1048576,1,100,251.205400,2.512054000,398.080615
windows,cfb,encrypt,1048576,2,100,252.952900,2.529529000,395.330514
windows,cfb,encrypt,1048576,3,100,250.324100,2.503241000,399.482111
windows,cfb,encrypt,1048576,4,100,251.386500,2.513865000,397.793835
windows,cfb,encrypt,1048576,5,100,250.349600,2.503496000,399.441421
windows,cfb,encrypt,1048576,6,100,260.004100,2.600041000,384.609320
windows,cfb,encrypt,1048576,7,100,254.128600,2.541286000,393.501558
windows,cfb,encrypt,1048576,8,100,246.826400,2.468264000,405.143048
windows,cfb,encrypt,1048576,9,100,249.549900,2.495499000,400.721459
windows,cfb,encrypt,1048576,10,100,250.372700,2.503727000,399.404568
windows,cfb,encrypt,1048576,11,100,251.062400,2.510624000,398.307353
windows,cfb,encrypt,1048576,12,100,251.970800,2.519708000,396.871384
windows,cfb,encrypt,1048576,13,100,251.484900,2.514849000,397.638188
windows,cfb,encrypt,1048576,14,100,257.714100,2.577141000,388.026887
windows,cfb,encrypt,1048576,15,100,250.716000,2.507160000,398.857672
windows,cfb,encrypt,1048576,16,100,248.607400,2.486074000,402.240641
windows,cfb,encrypt,1048576,17,100,252.674800,2.526748000,395.765624
windows,cfb,encrypt,1048576,18,100,250.817300,2.508173000,398.696581
windows,cfb,encrypt,1048576,19,100,250.070600,2.500706000,399.887072
windows,cfb,encrypt,1048576,20,100,249.792700,2.497927000,400.331955
windows,cfb,encrypt,1048576,21,100,251.502600,2.515026000,397.610204
windows,cfb,encrypt,1048576,22,100,248.955700,2.489557000,401.677889
windows,cfb,encrypt,1048576,23,100,255.456500,2.554565000,391.456080
windows,cfb,encrypt,1048576,24,100,252.111100,2.521111000,396.650524
windows,cfb,encrypt,1048576,25,100,251.794400,2.517944000,397.149420
windows,cfb,encrypt,1048576,26,100,251.470300,2.514703000,397.661275
windows,cfb,encrypt,1048576,27,100,266.388300,2.663883000,375.391862
windows,cfb,encrypt,1048576,28,100,253.057200,2.530572000,395.167575
windows,cfb,encrypt,1048576,29,100,250.340300,2.503403000,399.456260
windows,cfb,encrypt,1048576,30,100,249.983800,2.499838000,400.025922
windows,cfb,decrypt,1048576,1,100,123.408000,1.234080000,810.320239
windows,cfb,decrypt,1048576,2,100,121.567800,1.215678000,822.586244
windows,cfb,decrypt,1048576,3,100,120.359300,1.203593000,830.845643
windows,cfb,decrypt,1048576,4,100,122.590700,1.225907000,815.722563
windows,cfb,decrypt,1048576,5,100,122.431200,1.224312000,816.785264
windows,cfb,decrypt,1048576,6,100,121.609800,1.216098000,822.302150
windows,cfb,decrypt,1048576,7,100,121.320800,1.213208000,824.260968
windows,cfb,decrypt,1048576,8,100,122.444400,1.224444000,816.697211
windows,cfb,decrypt,1048576,9,100,123.362600,1.233626000,810.618453
windows,cfb,decrypt,1048576,10,100,122.093500,1.220935000,819.044421
windows,cfb,decrypt,1048576,11,100,122.435800,1.224358000,816.754577
windows,cfb,decrypt,1048576,12,100,121.440400,1.214404000,823.449198
windows,cfb,decrypt,1048576,13,100,121.314100,1.213141000,824.306490
windows,cfb,decrypt,1048576,14,100,121.512700,1.215127000,822.959246
windows,cfb,decrypt,1048576,15,100,123.721000,1.237210000,808.270221
windows,cfb,decrypt,1048576,16,100,121.622800,1.216228000,822.214256
windows,cfb,decrypt,1048576,17,100,114.058900,1.140589000,876.740000
windows,cfb,decrypt,1048576,18,100,117.898400,1.178984000,848.187931
windows,cfb,decrypt,1048576,19,100,121.516300,1.215163000,822.934866
windows,cfb,decrypt,1048576,20,100,122.341800,1.223418000,817.382121
windows,cfb,decrypt,1048576,21,100,123.865200,1.238652000,807.329258
windows,cfb,decrypt,1048576,22,100,123.253600,1.232536000,811.335328
windows,cfb,decrypt,1048576,23,100,122.174200,1.221742000,818.503416
windows,cfb,decrypt,1048576,24,100,123.158000,1.231580000,811.965118
windows,cfb,decrypt,1048576,25,100,117.903500,1.179035000,848.151242
windows,cfb,decrypt,1048576,26,100,116.575600,1.165756000,857.812441
windows,cfb,decrypt,1048576,27,100,123.615600,1.236156000,808.959387
windows,cfb,decrypt,1048576,28,100,121.059500,1.210595000,826.040088
windows,cfb,decrypt,1048576,29,100,123.691900,1.236919000,808.460376
windows,cfb,decrypt,1048576,30,100,127.882000,1.278820000,781.970879
windows,cfb,encrypt,8388608,1,100,2128.527500,21.285275000,375.846683
windows,cfb,encrypt,8388608,2,100,2128.891800,21.288918000,375.782367
windows,cfb,encrypt,8388608,3,100,2127.763300,21.277633000,375.981671
windows,cfb,encrypt,8388608,4,100,2127.563600,21.275636000,376.016961
windows,cfb,encrypt,8388608,5,100,2162.145700,21.621457000,370.002817
windows,cfb,encrypt,8388608,6,100,2145.344600,21.453446000,372.900466
windows,cfb,encrypt,8388608,7,100,2136.958000,21.369580000,374.363932
windows,cfb,encrypt,8388608,8,100,2129.973000,21.299730000,375.591615
windows,cfb,encrypt,8388608,9,100,2151.317000,21.513170000,371.865234
windows,cfb,encrypt,8388608,10,100,2121.163600,21.211636000,377.151484
windows,cfb,encrypt,8388608,11,100,2133.090900,21.330909000,375.042620
windows,cfb,encrypt,8388608,12,100,2129.971100,21.299711000,375.591951
windows,cfb,encrypt,8388608,13,100,2160.437300,21.604373000,370.295403
windows,cfb,encrypt,8388608,14,100,2135.400900,21.354009000,374.636912
windows,cfb,encrypt,8388608,15,100,2140.942700,21.409427000,373.667170
windows,cfb,encrypt,8388608,16,100,2168.988000,21.689880000,368.835604
windows,cfb,encrypt,8388608,17,100,2193.371900,21.933719000,364.735228
windows,cfb,encrypt,8388608,18,100,2290.729600,22.907296000,349.233711
windows,cfb,encrypt,8388608,19,100,2283.612500,22.836125000,350.322132
windows,cfb,encrypt,8388608,20,100,2319.487200,23.194872000,344.903822
windows,cfb,encrypt,8388608,21,100,2377.312100,23.773121000,336.514503
windows,cfb,encrypt,8388608,22,100,2422.898800,24.228988000,330.183002
windows,cfb,encrypt,8388608,23,100,2129.616200,21.296162000,375.654543
windows,cfb,encrypt,8388608,24,100,2129.746300,21.297463000,375.631595
windows,cfb,encrypt,8388608,25,100,2156.217100,21.562171000,371.020154
windows,cfb,encrypt,8388608,26,100,2154.009500,21.540095000,371.400405
windows,cfb,encrypt,8388608,27,100,2171.031800,21.710318000,368.488384
windows,cfb,encrypt,8388608,28,100,2277.160100,22.771601000,351.314780
windows,cfb,encrypt,8388608,29,100,2352.393000,23.523930000,340.079230
windows,cfb,encrypt,8388608,30,100,2326.128900,23.261289000,343.919032
windows,cfb,decrypt,8388608,1,100,1354.975300,13.549753000,590.416667
windows,cfb,decrypt,8388608,2,100,1382.701500,13.827015000,578.577517
windows,cfb,decrypt,8388608,3,100,1258.531100,12.585311000,635.661685
windows,cfb,decrypt,8388608,4,100,1319.023100,13.190231000,606.509469
windows,cfb,decrypt,8388608,5,100,1327.485100,13.274851000,602.643299
windows,cfb,decrypt,8388608,6,100,1154.227300,11.542273000,693.104382
windows,cfb,decrypt,8388608,7,100,1158.726200,11.587262000,690.413318
windows,cfb,decrypt,8388608,8,100,1348.088400,13.480884000,593.432894
windows,cfb,decrypt,8388608,9,100,1224.680000,12.246800000,653.231865
windows,cfb,decrypt,8388608,10,100,1250.422400,12.504224000,639.783804
windows,cfb,decrypt,8388608,11,100,1354.876900,13.548769000,590.459547
windows,cfb,decrypt,8388608,12,100,1323.262000,13.232620000,604.566594
windows,cfb,decrypt,8388608,13,100,1237.814900,12.378149000,646.300186
windows,cfb,decrypt,8388608,14,100,1153.023800,11.530238000,693.827829
windows,cfb,decrypt,8388608,15,100,1176.055500,11.760555000,680.240006
windows,cfb,decrypt,8388608,16,100,1121.741900,11.217419000,713.176534
windows,cfb,decrypt,8388608,17,100,1134.132500,11.341325000,705.384953
windows,cfb,decrypt,8388608,18,100,1143.502100,11.435021000,699.605187
windows,cfb,decrypt,8388608,19,100,1143.768300,11.437683000,699.442361
windows,cfb,decrypt,8388608,20,100,1216.510800,12.165108000,657.618494
windows,cfb,decrypt,8388608,21,100,1177.373500,11.773735000,679.478517
windows,cfb,decrypt,8388608,22,100,1181.972900,11.819729000,676.834469
windows,cfb,decrypt,8388608,23,100,1179.889500,11.798895000,678.029595
windows,cfb,decrypt,8388608,24,100,1173.036800,11.730368000,681.990539
windows,cfb,decrypt,8388608,25,100,1159.282000,11.592820000,690.082310
windows,cfb,decrypt,8388608,26,100,1159.516400,11.595164000,689.942807
windows,cfb,decrypt,8388608,27,100,1162.103800,11.621038000,688.406664
windows,cfb,decrypt,8388608,28,100,1182.624200,11.826242000,676.461720
windows,cfb,decrypt,8388608,29,100,1235.889500,12.358895000,647.307061
windows,cfb,decrypt,8388608,30,100,1207.045100,12.070451000,662.775567
windows,ofb,encrypt,1024,1,100,0.480700,0.004807000,203.154254
windows,ofb,encrypt,1024,2,100,0.507200,0.005072000,192.539925
windows,ofb,encrypt,1024,3,100,0.497200,0.004972000,196.412409
windows,ofb,encrypt,1024,4,100,0.489900,0.004899000,199.339151
windows,ofb,encrypt,1024,5,100,0.483700,0.004837000,201.894253
windows,ofb,encrypt,1024,6,100,0.483300,0.004833000,202.061349
windows,ofb,encrypt,1024,7,100,0.491900,0.004919000,198.528664
windows,ofb,encrypt,1024,8,100,0.486400,0.004864000,200.773540
windows,ofb,encrypt,1024,9,100,0.519300,0.005193000,188.053630
windows,ofb,encrypt,1024,10,100,0.528400,0.005284000,184.815008
windows,ofb,encrypt,1024,11,100,0.506000,0.005060000,192.996542
windows,ofb,encrypt,1024,12,100,0.501000,0.005010000,194.922655
windows,ofb,encrypt,1024,13,100,0.493100,0.004931000,198.045528
windows,ofb,encrypt,1024,14,100,0.485100,0.004851000,201.311585
windows,ofb,encrypt,1024,15,100,0.638900,0.006389000,152.850603
windows,ofb,encrypt,1024,16,100,0.584900,0.005849000,166.962301
windows,ofb,encrypt,1024,17,100,0.497500,0.004975000,196.293970
windows,ofb,encrypt,1024,18,100,0.501700,0.005017000,194.650688
windows,ofb,encrypt,1024,19,100,0.490800,0.004908000,198.973615
windows,ofb,encrypt,1024,20,100,0.484300,0.004843000,201.644126
windows,ofb,encrypt,1024,21,100,0.484000,0.004840000,201.769112
windows,ofb,encrypt,1024,22,100,0.554300,0.005543000,176.179415
windows,ofb,encrypt,1024,23,100,0.506900,0.005069000,192.653877
windows,ofb,encrypt,1024,24,100,0.486500,0.004865000,200.732271
windows,ofb,encrypt,1024,25,100,0.483300,0.004833000,202.061349
windows,ofb,encrypt,1024,26,100,0.495300,0.004953000,197.165859
windows,ofb,encrypt,1024,27,100,0.486900,0.004869000,200.567365
windows,ofb,encrypt,1024,28,100,0.482900,0.004829000,202.228722
windows,ofb,encrypt,1024,29,100,0.483500,0.004835000,201.977766
windows,ofb,encrypt,1024,30,100,0.490500,0.004905000,199.095311
windows,ofb,decrypt,1024,1,100,0.518300,0.005183000,188.416458
windows,ofb,decrypt,1024,2,100,0.504400,0.005044000,193.608743
windows,ofb,decrypt,1024,3,100,0.489700,0.004897000,199.420564
windows,ofb,decrypt,1024,4,100,0.487000,0.004870000,200.526181
windows,ofb,decrypt,1024,5,100,0.495900,0.004959000,196.927304
windows,ofb,decrypt,1024,6,100,0.703900,0.007039000,138.735971
windows,ofb,decrypt,1024,7,100,0.611200,0.006112000,159.777896
windows,ofb,decrypt,1024,8,100,0.706200,0.007062000,138.284126
windows,ofb,decrypt,1024,9,100,0.561800,0.005618000,173.827430
windows,ofb,decrypt,1024,10,100,0.520000,0.005200000,187.800481
windows,ofb,decrypt,1024,11,100,0.519100,0.005191000,188.126084
windows,ofb,decrypt,1024,12,100,0.929400,0.009294000,105.074510
windows,ofb,decrypt,1024,13,100,2.070100,0.020701000,47.174653
windows,ofb,decrypt,1024,14,100,1.562400,0.015624000,62.504000
windows,ofb,decrypt,1024,15,100,0.682000,0.006820000,143.190982
windows,ofb,decrypt,1024,16,100,0.579700,0.005797000,168.459979
windows,ofb,decrypt,1024,17,100,0.508100,0.005081000,192.198878
windows,ofb,decrypt,1024,18,100,0.497200,0.004972000,196.412409
windows,ofb,decrypt,1024,19,100,0.498500,0.004985000,195.900201
windows,ofb,decrypt,1024,20,100,0.515900,0.005159000,189.292983
windows,ofb,decrypt,1024,21,100,0.526000,0.005260000,185.658270
windows,ofb,decrypt,1024,22,100,0.505600,0.005056000,193.149229
windows,ofb,decrypt,1024,23,100,0.510600,0.005106000,191.257834
windows,ofb,decrypt,1024,24,100,0.487900,0.004879000,200.156282
windows,ofb,decrypt,1024,25,100,0.485000,0.004850000,201.353093
windows,ofb,decrypt,1024,26,100,0.485500,0.004855000,201.145726
windows,ofb,decrypt,1024,27,100,0.498100,0.004981000,196.057519
windows,ofb,decrypt,1024,28,100,0.486400,0.004864000,200.773540
windows,ofb,decrypt,1024,29,100,0.486600,0.004866000,200.691019
windows,ofb,decrypt,1024,30,100,0.969700,0.009697000,100.707693
windows,ofb,encrypt,4096,1,100,1.032000,0.010320000,378.512597
windows,ofb,encrypt,4096,2,100,1.027100,0.010271000,380.318372
windows,ofb,encrypt,4096,3,100,1.033500,0.010335000,377.963232
windows,ofb,encrypt,4096,4,100,1.026300,0.010263000,380.614830
windows,ofb,encrypt,4096,5,100,1.048600,0.010486000,372.520504
windows,ofb,encrypt,4096,6,100,1.048400,0.010484000,372.591568
windows,ofb,encrypt,4096,7,100,1.035600,0.010356000,377.196794
windows,ofb,encrypt,4096,8,100,1.027700,0.010277000,380.096332
windows,ofb,encrypt,4096,9,100,1.033500,0.010335000,377.963232
windows,ofb,encrypt,4096,10,100,1.030900,0.010309000,378.916481
windows,ofb,encrypt,4096,11,100,1.161000,0.011610000,336.455642
windows,ofb,encrypt,4096,12,100,1.101500,0.011015000,354.630050
windows,ofb,encrypt,4096,13,100,1.057800,0.010578000,369.280582
windows,ofb,encrypt,4096,14,100,1.036500,0.010365000,376.869272
windows,ofb,encrypt,4096,15,100,1.029900,0.010299000,379.284397
windows,ofb,encrypt,4096,16,100,1.033900,0.010339000,377.817004
windows,ofb,encrypt,4096,17,100,1.025900,0.010259000,380.763232
windows,ofb,encrypt,4096,18,100,1.037200,0.010372000,376.614925
windows,ofb,encrypt,4096,19,100,1.029900,0.010299000,379.284397
windows,ofb,encrypt,4096,20,100,1.034100,0.010341000,377.743932
windows,ofb,encrypt,4096,21,100,1.030400,0.010304000,379.100349
windows,ofb,encrypt,4096,22,100,1.032500,0.010325000,378.329298
windows,ofb,encrypt,4096,23,100,1.027500,0.010275000,380.170316
windows,ofb,encrypt,4096,24,100,1.036400,0.010364000,376.905635
windows,ofb,encrypt,4096,25,100,1.030600,0.010306000,379.026781
windows,ofb,encrypt,4096,26,100,1.127800,0.011278000,346.360170
windows,ofb,encrypt,4096,27,100,1.086800,0.010868000,359.426757
windows,ofb,encrypt,4096,28,100,1.043000,0.010430000,374.520614
windows,ofb,encrypt,4096,29,100,1.030000,0.010300000,379.247573
windows,ofb,encrypt,4096,30,100,1.034900,0.010349000,377.451928
windows,ofb,decrypt,4096,1,100,1.038200,0.010382000,376.252167
windows,ofb,decrypt,4096,2,100,1.037900,0.010379000,376.360921
windows,ofb,decrypt,4096,3,100,1.039900,0.010399000,375.637080
windows,ofb,decrypt,4096,4,100,1.039900,0.010399000,375.637080
windows,ofb,decrypt,4096,5,100,1.041100,0.010411000,375.204111
windows,ofb,decrypt,4096,6,100,1.054300,0.010543000,370.506497
windows,ofb,decrypt,4096,7,100,1.156900,0.011569000,337.648025
windows,ofb,decrypt,4096,8,100,1.080800,0.010808000,361.422095
windows,ofb,decrypt,4096,9,100,1.048800,0.010488000,372.449466
windows,ofb,decrypt,4096,10,100,1.040100,0.010401000,375.564850
windows,ofb,decrypt,4096,11,100,1.038700,0.010387000,376.071050
windows,ofb,decrypt,4096,12,100,1.038900,0.010389000,375.998652
windows,ofb,decrypt,4096,13,100,1.069100,0.010691000,365.377420
windows,ofb,decrypt,4096,14,100,1.074400,0.010744000,363.575019
windows,ofb,decrypt,4096,15,100,1.040000,0.010400000,375.600962
windows,ofb,decrypt,4096,16,100,1.042400,0.010424000,374.736186
windows,ofb,decrypt,4096,17,100,1.036000,0.010360000,377.051158
windows,ofb,decrypt,4096,18,100,1.040400,0.010404000,375.456555
windows,ofb,decrypt,4096,19,100,1.055300,0.010553000,370.155406
windows,ofb,decrypt,4096,20,100,1.060800,0.010608000,368.236237
windows,ofb,decrypt,4096,21,100,1.038400,0.010384000,376.179700
windows,ofb,decrypt,4096,22,100,1.231000,0.012310000,317.323314
windows,ofb,decrypt,4096,23,100,1.118600,0.011186000,349.208832
windows,ofb,decrypt,4096,24,100,1.054700,0.010547000,370.365981
windows,ofb,decrypt,4096,25,100,1.053600,0.010536000,370.752658
windows,ofb,decrypt,4096,26,100,1.068100,0.010681000,365.719502
windows,ofb,decrypt,4096,27,100,1.076600,0.010766000,362.832064
windows,ofb,decrypt,4096,28,100,1.040500,0.010405000,375.420471
windows,ofb,decrypt,4096,29,100,1.042100,0.010421000,374.844065
windows,ofb,decrypt,4096,30,100,1.037000,0.010370000,376.687560
windows,ofb,encrypt,16384,1,100,3.453400,0.034534000,452.452655
windows,ofb,encrypt,16384,2,100,3.366600,0.033666000,464.118101
windows,ofb,encrypt,16384,3,100,3.331300,0.033313000,469.036112
windows,ofb,encrypt,16384,4,100,3.314300,0.033143000,471.441933
windows,ofb,encrypt,16384,5,100,3.501600,0.035016000,446.224583
windows,ofb,encrypt,16384,6,100,3.511200,0.035112000,445.004557
windows,ofb,encrypt,16384,7,100,3.352300,0.033523000,466.097903
windows,ofb,encrypt,16384,8,100,3.382800,0.033828000,461.895471
windows,ofb,encrypt,16384,9,100,3.407300,0.034073000,458.574238
windows,ofb,encrypt,16384,10,100,3.496100,0.034961000,446.926575
windows,ofb,encrypt,16384,11,100,3.353400,0.033534000,465.945011
windows,ofb,encrypt,16384,12,100,3.321800,0.033218000,470.377506
windows,ofb,encrypt,16384,13,100,3.325500,0.033255000,469.854157
windows,ofb,encrypt,16384,14,100,3.303800,0.033038000,472.940251
windows,ofb,encrypt,16384,15,100,3.520000,0.035200000,443.892045
windows,ofb,encrypt,16384,16,100,3.341300,0.033413000,467.632359
windows,ofb,encrypt,16384,17,100,3.333200,0.033332000,468.768751
windows,ofb,encrypt,16384,18,100,3.332200,0.033322000,468.909429
windows,ofb,encrypt,16384,19,100,3.493100,0.034931000,447.310412
windows,ofb,encrypt,16384,20,100,3.361200,0.033612000,464.863739
windows,ofb,encrypt,16384,21,100,3.341600,0.033416000,467.590376
windows,ofb,encrypt,16384,22,100,3.377200,0.033772000,462.661376
windows,ofb,encrypt,16384,23,100,3.327400,0.033274000,469.585863
windows,ofb,encrypt,16384,24,100,4.325400,0.043254000,361.238267
windows,ofb,encrypt,16384,25,100,3.355800,0.033558000,465.611777
windows,ofb,encrypt,16384,26,100,3.334500,0.033345000,468.585995
windows,ofb,encrypt,16384,27,100,3.320500,0.033205000,470.561662
windows,ofb,encrypt,16384,28,100,3.306100,0.033061000,472.611234
windows,ofb,encrypt,16384,29,100,3.394700,0.033947000,460.276313
windows,ofb,encrypt,16384,30,100,3.322900,0.033229000,470.221794
windows,ofb,decrypt,16384,1,100,3.318700,0.033187000,470.816886
windows,ofb,decrypt,16384,2,100,3.579400,0.035794000,436.525675
windows,ofb,decrypt,16384,3,100,3.381500,0.033815000,462.073045
windows,ofb,decrypt,16384,4,100,3.358500,0.033585000,465.237457
windows,ofb,decrypt,16384,5,100,3.348300,0.033483000,466.654720
windows,ofb,decrypt,16384,6,100,3.497800,0.034978000,446.709360
windows,ofb,decrypt,16384,7,100,3.408000,0.034080000,458.480047
windows,ofb,decrypt,16384,8,100,3.354100,0.033541000,465.847768
windows,ofb,decrypt,16384,9,100,3.348800,0.033488000,466.585045
windows,ofb,decrypt,16384,10,100,3.349100,0.033491000,466.543250
windows,ofb,decrypt,16384,11,100,3.569900,0.035699000,437.687330
windows,ofb,decrypt,16384,12,100,3.389000,0.033890000,461.050457
windows,ofb,decrypt,16384,13,100,3.364500,0.033645000,464.407787
windows,ofb,decrypt,16384,14,100,3.355900,0.033559000,465.597902
windows,ofb,decrypt,16384,15,100,3.345200,0.033452000,467.087170
windows,ofb,decrypt,16384,16,100,3.522200,0.035222000,443.614786
windows,ofb,decrypt,16384,17,100,3.371400,0.033714000,463.457317
windows,ofb,decrypt,16384,18,100,3.349100,0.033491000,466.543250
windows,ofb,decrypt,16384,19,100,3.363600,0.033636000,464.532049
windows,ofb,decrypt,16384,20,100,3.470500,0.034705000,450.223311
windows,ofb,decrypt,16384,21,100,3.402600,0.034026000,459.207665
windows,ofb,decrypt,16384,22,100,3.395100,0.033951000,460.222085
windows,ofb,decrypt,16384,23,100,3.351000,0.033510000,466.278723
windows,ofb,decrypt,16384,24,100,3.383700,0.033837000,461.772616
windows,ofb,decrypt,16384,25,100,3.472500,0.034725000,449.964003
windows,ofb,decrypt,16384,26,100,3.438900,0.034389000,454.360406
windows,ofb,decrypt,16384,27,100,3.350400,0.033504000,466.362225
windows,ofb,decrypt,16384,28,100,3.377400,0.033774000,462.633979
windows,ofb,decrypt,16384,29,100,3.364000,0.033640000,464.476813
windows,ofb,decrypt,16384,30,100,3.615500,0.036155000,432.167058
windows,ofb,encrypt,262144,1,100,48.681500,0.486815000,513.542105
windows,ofb,encrypt,262144,2,100,48.888200,0.488882000,511.370842
windows,ofb,encrypt,262144,3,100,49.043100,0.490431000,509.755705
windows,ofb,encrypt,262144,4,100,49.731600,0.497316000,502.698485
windows,ofb,encrypt,262144,5,100,50.756900,0.507569000,492.543871
windows,ofb,encrypt,262144,6,100,49.006000,0.490060000,510.141615
windows,ofb,encrypt,262144,7,100,49.977700,0.499777000,500.223100
windows,ofb,encrypt,262144,8,100,49.009300,0.490093000,510.107265
windows,ofb,encrypt,262144,9,100,50.294000,0.502940000,497.077186
windows,ofb,encrypt,262144,10,100,49.760400,0.497604000,502.407537
windows,ofb,encrypt,262144,11,100,48.907300,0.489073000,511.171134
windows,ofb,encrypt,262144,12,100,49.547400,0.495474000,504.567344
windows,ofb,encrypt,262144,13,100,49.081800,0.490818000,509.353773
windows,ofb,encrypt,262144,14,100,49.104100,0.491041000,509.122456
windows,ofb,encrypt,262144,15,100,49.515100,0.495151000,504.896486
windows,ofb,encrypt,262144,16,100,49.537700,0.495377000,504.666143
windows,ofb,encrypt,262144,17,100,48.684600,0.486846000,513.509405
windows,ofb,encrypt,262144,18,100,48.952400,0.489524000,510.700190
windows,ofb,encrypt,262144,19,100,49.468800,0.494688000,505.369041
windows,ofb,encrypt,262144,20,100,48.689200,0.486892000,513.460891
windows,ofb,encrypt,262144,21,100,49.165800,0.491658000,508.483539
windows,ofb,encrypt,262144,22,100,49.027900,0.490279000,509.913743
windows,ofb,encrypt,262144,23,100,49.052000,0.490520000,509.663215
windows,ofb,encrypt,262144,24,100,50.356900,0.503569000,496.456295
windows,ofb,encrypt,262144,25,100,49.184100,0.491841000,508.294347
windows,ofb,encrypt,262144,26,100,49.391000,0.493910000,506.165091
windows,ofb,encrypt,262144,27,100,48.638500,0.486385000,513.996114
windows,ofb,encrypt,262144,28,100,48.828600,0.488286000,511.995019
windows,ofb,encrypt,262144,29,100,48.775400,0.487754000,512.553459
windows,ofb,encrypt,262144,30,100,48.888400,0.488884000,511.368750
windows,ofb,decrypt,262144,1,100,49.431200,0.494312000,505.753451
windows,ofb,decrypt,262144,2,100,50.056400,0.500564000,499.436635
windows,ofb,decrypt,262144,3,100,49.579500,0.495795000,504.240664
windows,ofb,decrypt,262144,4,100,50.287800,0.502878000,497.138471
windows,ofb,decrypt,262144,5,100,51.729700,0.517297000,483.281364
windows,ofb,decrypt,262144,6,100,56.875100,0.568751000,439.559667
windows,ofb,decrypt,262144,7,100,52.663500,0.526635000,474.712087
windows,ofb,decrypt,262144,8,100,51.951600,0.519516000,481.217133
windows,ofb,decrypt,262144,9,100,52.197700,0.521977000,478.948306
windows,ofb,decrypt,262144,10,100,51.656400,0.516564000,483.967137
windows,ofb,decrypt,262144,11,100,50.023300,0.500233000,499.767109
windows,ofb,decrypt,262144,12,100,50.167000,0.501670000,498.335559
windows,ofb,decrypt,262144,13,100,50.049500,0.500495000,499.505490
windows,ofb,decrypt,262144,14,100,49.789400,0.497894000,502.114908
windows,ofb,decrypt,262144,15,100,50.816800,0.508168000,491.963288
windows,ofb,decrypt,262144,16,100,50.868900,0.508689000,491.459418
windows,ofb,decrypt,262144,17,100,49.594000,0.495940000,504.093237
windows,ofb,decrypt,262144,18,100,49.896200,0.498962000,501.040159
windows,ofb,decrypt,262144,19,100,49.571900,0.495719000,504.317970
windows,ofb,decrypt,262144,20,100,49.686800,0.496868000,503.151743
windows,ofb,decrypt,262144,21,100,50.984400,0.509844000,490.346067
windows,ofb,decrypt,262144,22,100,49.735800,0.497358000,502.656034
windows,ofb,decrypt,262144,23,100,49.878300,0.498783000,501.219969
windows,ofb,decrypt,262144,24,100,49.702800,0.497028000,502.989771
windows,ofb,decrypt,262144,25,100,50.221800,0.502218000,497.791796
windows,ofb,decrypt,262144,26,100,49.960000,0.499600000,500.400320
windows,ofb,decrypt,262144,27,100,50.114900,0.501149000,498.853634
windows,ofb,decrypt,262144,28,100,50.002900,0.500029000,499.971002
windows,ofb,decrypt,262144,29,100,50.602300,0.506023000,494.048689
windows,ofb,decrypt,262144,30,100,49.852500,0.498525000,501.479364
windows,ofb,encrypt,1048576,1,100,250.843800,2.508438000,398.654461
windows,ofb,encrypt,1048576,2,100,250.137600,2.501376000,399.779961
windows,ofb,encrypt,1048576,3,100,251.794900,2.517949000,397.148632
windows,ofb,encrypt,1048576,4,100,251.225500,2.512255000,398.048765
windows,ofb,encrypt,1048576,5,100,250.826800,2.508268000,398.681481
windows,ofb,encrypt,1048576,6,100,254.136300,2.541363000,393.489635
windows,ofb,encrypt,1048576,7,100,251.244800,2.512448000,398.018188
windows,ofb,encrypt,1048576,8,100,252.120600,2.521206000,396.635578
windows,ofb,encrypt,1048576,9,100,250.812400,2.508124000,398.704370
windows,ofb,encrypt,1048576,10,100,251.644700,2.516447000,397.385679
windows,ofb,encrypt,1048576,11,100,251.153000,2.511530000,398.163669
windows,ofb,encrypt,1048576,12,100,250.829000,2.508290000,398.677984
windows,ofb,encrypt,1048576,13,100,251.967000,2.519670000,396.877369
windows,ofb,encrypt,1048576,14,100,254.389000,2.543890000,393.098758
windows,ofb,encrypt,1048576,15,100,250.849200,2.508492000,398.645880
windows,ofb,encrypt,1048576,16,100,267.417900,2.674179000,373.946546
windows,ofb,encrypt,1048576,17,100,249.253200,2.492532000,401.198460
windows,ofb,encrypt,1048576,18,100,248.463000,2.484630000,402.474413
windows,ofb,encrypt,1048576,19,100,251.430100,2.514301000,397.724855
windows,ofb,encrypt,1048576,20,100,252.193800,2.521938000,396.520454
windows,ofb,encrypt,1048576,21,100,272.401800,2.724018000,367.104769
windows,ofb,encrypt,1048576,22,100,290.169400,2.901694000,344.626277
windows,ofb,encrypt,1048576,23,100,276.649900,2.766499000,361.467689
windows,ofb,encrypt,1048576,24,100,268.392500,2.683925000,372.588653
windows,ofb,encrypt,1048576,25,100,268.473300,2.684733000,372.476518
windows,ofb,encrypt,1048576,26,100,271.441400,2.714414000,368.403641
windows,ofb,encrypt,1048576,27,100,265.521600,2.655216000,376.617194
windows,ofb,encrypt,1048576,28,100,264.414200,2.644142000,378.194515
windows,ofb,encrypt,1048576,29,100,274.898800,2.748988000,363.770231
windows,ofb,encrypt,1048576,30,100,274.139500,2.741395000,364.777786
windows,ofb,decrypt,1048576,1,100,273.287800,2.732878000,365.914615
windows,ofb,decrypt,1048576,2,100,276.704000,2.767040000,361.397016
windows,ofb,decrypt,1048576,3,100,274.189000,2.741890000,364.711932
windows,ofb,decrypt,1048576,4,100,258.004400,2.580044000,387.590289
windows,ofb,decrypt,1048576,5,100,273.974600,2.739746000,364.997339
windows,ofb,decrypt,1048576,6,100,263.175100,2.631751000,379.975157
windows,ofb,decrypt,1048576,7,100,261.029300,2.610293000,383.098756
windows,ofb,decrypt,1048576,8,100,258.976700,2.589767000,386.135123
windows,ofb,decrypt,1048576,9,100,257.646500,2.576465000,388.128696
windows,ofb,decrypt,1048576,10,100,256.426700,2.564267000,389.974991
windows,ofb,decrypt,1048576,11,100,258.213000,2.582130000,387.277170
windows,ofb,decrypt,1048576,12,100,256.331900,2.563319000,390.119217
windows,ofb,decrypt,1048576,13,100,257.035500,2.570355000,389.051318
windows,ofb,decrypt,1048576,14,100,253.660700,2.536607000,394.227407
windows,ofb,decrypt,1048576,15,100,257.109900,2.571099000,388.938738
windows,ofb,decrypt,1048576,16,100,256.240400,2.562404000,390.258523
windows,ofb,decrypt,1048576,17,100,258.236900,2.582369000,387.241328
windows,ofb,decrypt,1048576,18,100,256.074000,2.560740000,390.512118
windows,ofb,decrypt,1048576,19,100,255.251900,2.552519000,391.769856
windows,ofb,decrypt,1048576,20,100,256.717300,2.567173000,389.533545
windows,ofb,decrypt,1048576,21,100,257.064600,2.570646000,389.007277
windows,ofb,decrypt,1048576,22,100,256.926600,2.569266000,389.216220
windows,ofb,decrypt,1048576,23,100,257.502300,2.575023000,388.346046
windows,ofb,decrypt,1048576,24,100,255.537800,2.555378000,391.331537
windows,ofb,decrypt,1048576,25,100,265.606800,2.656068000,376.496385
windows,ofb,decrypt,1048576,26,100,275.789500,2.757895000,362.595385
windows,ofb,decrypt,1048576,27,100,267.520600,2.675206000,373.802989
windows,ofb,decrypt,1048576,28,100,268.546800,2.685468000,372.374573
windows,ofb,decrypt,1048576,29,100,270.064700,2.700647000,370.281640
windows,ofb,decrypt,1048576,30,100,270.608900,2.706089000,369.536996
windows,ofb,encrypt,8388608,1,100,2426.264300,24.262643000,329.725002
windows,ofb,encrypt,8388608,2,100,2408.123000,24.081230000,332.208944
windows,ofb,encrypt,8388608,3,100,2356.356400,23.563564000,339.507215
windows,ofb,encrypt,8388608,4,100,2479.236200,24.792362000,322.680025
windows,ofb,encrypt,8388608,5,100,2399.280500,23.992805000,333.433294
windows,ofb,encrypt,8388608,6,100,2417.061600,24.170616000,330.980394
windows,ofb,encrypt,8388608,7,100,2293.327100,22.933271000,348.838157
windows,ofb,encrypt,8388608,8,100,2162.105800,21.621058000,370.009645
windows,ofb,encrypt,8388608,9,100,2238.451700,22.384517000,357.389887
windows,ofb,encrypt,8388608,10,100,2264.763300,22.647633000,353.237798
windows,ofb,encrypt,8388608,11,100,2308.653200,23.086532000,346.522379
windows,ofb,encrypt,8388608,12,100,2146.692000,21.466920000,372.666410
windows,ofb,encrypt,8388608,13,100,2151.582100,21.515821000,371.819416
windows,ofb,encrypt,8388608,14,100,2126.419000,21.264190000,376.219362
windows,ofb,encrypt,8388608,15,100,2145.471700,21.454717000,372.878374
windows,ofb,encrypt,8388608,16,100,2142.477300,21.424773000,373.399522
windows,ofb,encrypt,8388608,17,100,2137.635700,21.376357000,374.245247
windows,ofb,encrypt,8388608,18,100,2151.894600,21.518946000,371.765420
windows,ofb,encrypt,8388608,19,100,2141.131900,21.411319000,373.634151
windows,ofb,encrypt,8388608,20,100,2148.308400,21.483084000,372.386013
windows,ofb,encrypt,8388608,21,100,2161.116900,21.611169000,370.178957
windows,ofb,encrypt,8388608,22,100,2218.363700,22.183637000,360.626168
windows,ofb,encrypt,8388608,23,100,2481.523700,24.815237000,322.382575
windows,ofb,encrypt,8388608,24,100,2391.575300,23.915753000,334.507552
windows,ofb,encrypt,8388608,25,100,2546.138400,25.461384000,314.201302
windows,ofb,encrypt,8388608,26,100,2418.550400,24.185504000,330.776650
windows,ofb,encrypt,8388608,27,100,2333.421200,23.334212000,342.844232
windows,ofb,encrypt,8388608,28,100,2166.887800,21.668878000,369.193089
windows,ofb,encrypt,8388608,29,100,2152.772400,21.527724000,371.613832
windows,ofb,encrypt,8388608,30,100,2307.653000,23.076530000,346.672572
windows,ofb,decrypt,8388608,1,100,2194.541600,21.945416000,364.540823
windows,ofb,decrypt,8388608,2,100,2185.521600,21.855216000,366.045341
windows,ofb,decrypt,8388608,3,100,2175.141500,21.751415000,367.792164
windows,ofb,decrypt,8388608,4,100,2192.653300,21.926533000,364.854763
windows,ofb,decrypt,8388608,5,100,2145.628600,21.456286000,372.851108
windows,ofb,decrypt,8388608,6,100,2171.881000,21.718810000,368.344306
windows,ofb,decrypt,8388608,7,100,2173.789000,21.737890000,368.020999
windows,ofb,decrypt,8388608,8,100,2176.075000,21.760750000,367.634388
windows,ofb,decrypt,8388608,9,100,2192.289800,21.922898000,364.915259
windows,ofb,decrypt,8388608,10,100,2176.594700,21.765947000,367.546608
windows,ofb,decrypt,8388608,11,100,2176.485600,21.764856000,367.565032
windows,ofb,decrypt,8388608,12,100,2160.354700,21.603547000,370.309561
windows,ofb,decrypt,8388608,13,100,2192.448800,21.924488000,364.888795
windows,ofb,decrypt,8388608,14,100,2188.397100,21.883971000,365.564367
windows,ofb,decrypt,8388608,15,100,2166.614900,21.666149000,369.239591
windows,ofb,decrypt,8388608,16,100,2155.284300,21.552843000,371.180730
windows,ofb,decrypt,8388608,17,100,2195.708000,21.957080000,364.347172
windows,ofb,decrypt,8388608,18,100,2396.574300,23.965743000,333.809805
windows,ofb,decrypt,8388608,19,100,2997.467700,29.974677000,266.891950
windows,ofb,decrypt,8388608,20,100,3076.204300,30.762043000,260.060751
windows,ofb,decrypt,8388608,21,100,2780.655200,27.806552000,287.701978
windows,ofb,decrypt,8388608,22,100,2654.983500,26.549835000,301.320140
windows,ofb,decrypt,8388608,23,100,2974.328100,29.743281000,268.968309
windows,ofb,decrypt,8388608,24,100,3140.294200,31.402942000,254.753201
windows,ofb,decrypt,8388608,25,100,3162.585500,31.625855000,252.957588
windows,ofb,decrypt,8388608,26,100,2844.865200,28.448652000,281.208403
windows,ofb,decrypt,8388608,27,100,2708.627100,27.086271000,295.352579
windows,ofb,decrypt,8388608,28,100,2574.772700,25.747727000,310.707038
windows,ofb,decrypt,8388608,29,100,2568.648600,25.686486000,311.447817
windows,ofb,decrypt,8388608,30,100,2581.262600,25.812626000,309.925848
windows,ctr,encrypt,1024,1,100,0.346900,0.003469000,281.511242
windows,ctr,encrypt,1024,2,100,0.405700,0.004057000,240.710500
windows,ctr,encrypt,1024,3,100,0.387900,0.003879000,251.756252
windows,ctr,encrypt,1024,4,100,0.345100,0.003451000,282.979571
windows,ctr,encrypt,1024,5,100,0.338500,0.003385000,288.497046
windows,ctr,encrypt,1024,6,100,0.404100,0.004041000,241.663573
windows,ctr,encrypt,1024,7,100,0.473200,0.004732000,206.374155
windows,ctr,encrypt,1024,8,100,0.444000,0.004440000,219.946509
windows,ctr,encrypt,1024,9,100,0.415600,0.004156000,234.976540
windows,ctr,encrypt,1024,10,100,0.417700,0.004177000,233.795188
windows,ctr,encrypt,1024,11,100,0.427400,0.004274000,228.489120
windows,ctr,encrypt,1024,12,100,0.419700,0.004197000,232.681082
windows,ctr,encrypt,1024,13,100,0.413100,0.004131000,236.398572
windows,ctr,encrypt,1024,14,100,0.411100,0.004111000,237.548650
windows,ctr,encrypt,1024,15,100,0.410500,0.004105000,237.895859
windows,ctr,encrypt,1024,16,100,0.630100,0.006301000,154.985320
windows,ctr,encrypt,1024,17,100,0.394800,0.003948000,247.356256
windows,ctr,encrypt,1024,18,100,0.350500,0.003505000,278.619829
windows,ctr,encrypt,1024,19,100,0.364400,0.003644000,267.991905
windows,ctr,encrypt,1024,20,100,0.422700,0.004227000,231.029690
windows,ctr,encrypt,1024,21,100,0.439800,0.004398000,222.046953
windows,ctr,encrypt,1024,22,100,0.422800,0.004228000,230.975047
windows,ctr,encrypt,1024,23,100,0.415800,0.004158000,234.863516
windows,ctr,encrypt,1024,24,100,0.414300,0.004143000,235.713855
windows,ctr,encrypt,1024,25,100,0.428500,0.004285000,227.902567
windows,ctr,encrypt,1024,26,100,0.420600,0.004206000,232.183191
windows,ctr,encrypt,1024,27,100,0.414100,0.004141000,235.827699
windows,ctr,encrypt,1024,28,100,0.413000,0.004130000,236.455811
windows,ctr,encrypt,1024,29,100,0.412200,0.004122000,236.914726
windows,ctr,encrypt,1024,30,100,0.426900,0.004269000,228.756735
windows,ctr,decrypt,1024,1,100,0.409700,0.004097000,238.360386
windows,ctr,decrypt,1024,2,100,0.436100,0.004361000,223.930864
windows,ctr,decrypt,1024,3,100,0.447600,0.004476000,218.177502
windows,ctr,decrypt,1024,4,100,0.430100,0.004301000,227.054755
windows,ctr,decrypt,1024,5,100,0.421300,0.004213000,231.797413
windows,ctr,decrypt,1024,6,100,0.419800,0.004198000,232.625655
windows,ctr,decrypt,1024,7,100,0.431900,0.004319000,226.108474
windows,ctr,decrypt,1024,8,100,0.419200,0.004192000,232.958612
windows,ctr,decrypt,1024,9,100,0.421600,0.004216000,231.632472
windows,ctr,decrypt,1024,10,100,0.427400,0.004274000,228.489120
windows,ctr,decrypt,1024,11,100,0.849400,0.008494000,114.970862
windows,ctr,decrypt,1024,12,100,0.444700,0.004447000,219.600292
windows,ctr,decrypt,1024,13,100,0.359100,0.003591000,271.947229
windows,ctr,decrypt,1024,14,100,0.355600,0.003556000,274.623875
windows,ctr,decrypt,1024,15,100,0.382300,0.003823000,255.444023
windows,ctr,decrypt,1024,16,100,0.425400,0.004254000,229.563352
windows,ctr,decrypt,1024,17,100,0.414900,0.004149000,235.372981
windows,ctr,decrypt,1024,18,100,0.440300,0.004403000,221.794799
windows,ctr,decrypt,1024,19,100,0.418800,0.004188000,233.181113
windows,ctr,decrypt,1024,20,100,0.424000,0.004240000,230.321344
windows,ctr,decrypt,1024,21,100,0.422600,0.004226000,231.084359
windows,ctr,decrypt,1024,22,100,0.464000,0.004640000,210.466056
windows,ctr,decrypt,1024,23,100,0.430100,0.004301000,227.054755
windows,ctr,decrypt,1024,24,100,0.414800,0.004148000,235.429725
windows,ctr,decrypt,1024,25,100,0.422800,0.004228000,230.975047
windows,ctr,decrypt,1024,26,100,0.762100,0.007621000,128.140992
windows,ctr,decrypt,1024,27,100,0.478900,0.004789000,203.917833
windows,ctr,decrypt,1024,28,100,0.426600,0.004266000,228.917604
windows,ctr,decrypt,1024,29,100,0.357100,0.003571000,273.470316
windows,ctr,decrypt,1024,30,100,0.339500,0.003395000,287.647275
windows,ctr,encrypt,4096,1,100,0.523400,0.005234000,746.322125
windows,ctr,encrypt,4096,2,100,0.542900,0.005429000,719.515565
windows,ctr,encrypt,4096,3,100,0.586100,0.005861000,666.481829
windows,ctr,encrypt,4096,4,100,0.800200,0.008002000,488.159210
windows,ctr,encrypt,4096,5,100,0.715300,0.007153000,546.099539
windows,ctr,encrypt,4096,6,100,0.670700,0.006707000,582.413896
windows,ctr,encrypt,4096,7,100,0.694900,0.006949000,562.131242
windows,ctr,encrypt,4096,8,100,0.701900,0.007019000,556.525146
windows,ctr,encrypt,4096,9,100,0.548100,0.005481000,712.689290
windows,ctr,encrypt,4096,10,100,0.530300,0.005303000,736.611352
windows,ctr,encrypt,4096,11,100,0.542700,0.005427000,719.780726
windows,ctr,encrypt,4096,12,100,0.530600,0.005306000,736.194874
windows,ctr,encrypt,4096,13,100,0.526200,0.005262000,742.350817
windows,ctr,encrypt,4096,14,100,0.522900,0.005229000,747.035762
windows,ctr,encrypt,4096,15,100,0.942200,0.009422000,414.588198
windows,ctr,encrypt,4096,16,100,0.509600,0.005096000,766.532575
windows,ctr,encrypt,4096,17,100,0.471800,0.004718000,827.946164
windows,ctr,encrypt,4096,18,100,0.449000,0.004490000,869.988864
windows,ctr,encrypt,4096,19,100,0.433500,0.004335000,901.095732
windows,ctr,encrypt,4096,20,100,0.437200,0.004372000,893.469808
windows,ctr,encrypt,4096,21,100,0.540300,0.005403000,722.977975
windows,ctr,encrypt,4096,22,100,0.529500,0.005295000,737.724268
windows,ctr,encrypt,4096,23,100,0.524600,0.005246000,744.614945
windows,ctr,encrypt,4096,24,100,0.522500,0.005225000,747.607656
windows,ctr,encrypt,4096,25,100,0.536500,0.005365000,728.098788
windows,ctr,encrypt,4096,26,100,0.530800,0.005308000,735.917483
windows,ctr,encrypt,4096,27,100,0.523400,0.005234000,746.322125
windows,ctr,encrypt,4096,28,100,1.221400,0.012214000,319.817423
windows,ctr,encrypt,4096,29,100,0.471400,0.004714000,828.648706
windows,ctr,encrypt,4096,30,100,0.457000,0.004570000,854.759300
windows,ctr,decrypt,4096,1,100,0.524100,0.005241000,745.325320
windows,ctr,decrypt,4096,2,100,0.534400,0.005344000,730.959955
windows,ctr,decrypt,4096,3,100,0.527700,0.005277000,740.240667
windows,ctr,decrypt,4096,4,100,0.520300,0.005203000,750.768787
windows,ctr,decrypt,4096,5,100,0.604100,0.006041000,646.623076
windows,ctr,decrypt,4096,6,100,0.609000,0.006090000,641.420361
windows,ctr,decrypt,4096,7,100,0.535100,0.005351000,730.003738
windows,ctr,decrypt,4096,8,100,0.529800,0.005298000,737.306531
windows,ctr,decrypt,4096,9,100,0.540300,0.005403000,722.977975
windows,ctr,decrypt,4096,10,100,1.122900,0.011229000,347.871583
windows,ctr,decrypt,4096,11,100,0.615600,0.006156000,634.543535
windows,ctr,decrypt,4096,12,100,0.549400,0.005494000,711.002912
windows,ctr,decrypt,4096,13,100,0.534000,0.005340000,731.507491
windows,ctr,decrypt,4096,14,100,0.527100,0.005271000,741.083286
windows,ctr,decrypt,4096,15,100,0.540600,0.005406000,722.576767
windows,ctr,decrypt,4096,16,100,0.584700,0.005847000,668.077647
windows,ctr,decrypt,4096,17,100,0.618600,0.006186000,631.466214
windows,ctr,decrypt,4096,18,100,0.571100,0.005711000,683.987043
windows,ctr,decrypt,4096,19,100,0.549700,0.005497000,710.614881
windows,ctr,decrypt,4096,20,100,0.535300,0.005353000,729.730992
windows,ctr,decrypt,4096,21,100,0.524100,0.005241000,745.325320
windows,ctr,decrypt,4096,22,100,0.527900,0.005279000,739.960220
windows,ctr,decrypt,4096,23,100,0.538800,0.005388000,724.990720
windows,ctr,decrypt,4096,24,100,0.523700,0.005237000,745.894596
windows,ctr,decrypt,4096,25,100,0.528600,0.005286000,738.980325
windows,ctr,decrypt,4096,26,100,0.536900,0.005369000,727.556342
windows,ctr,decrypt,4096,27,100,0.533000,0.005330000,732.879925
windows,ctr,decrypt,4096,28,100,0.574000,0.005740000,680.531359
windows,ctr,decrypt,4096,29,100,0.596200,0.005962000,655.191211
windows,ctr,decrypt,4096,30,100,0.582500,0.005825000,670.600858
windows,ctr,encrypt,16384,1,100,1.105200,0.011052000,1413.771263
windows,ctr,encrypt,16384,2,100,1.102200,0.011022000,1417.619307
windows,ctr,encrypt,16384,3,100,1.108200,0.011082000,1409.944053
windows,ctr,encrypt,16384,4,100,1.107100,0.011071000,1411.344955
windows,ctr,encrypt,16384,5,100,1.109600,0.011096000,1408.165105
windows,ctr,encrypt,16384,6,100,1.099400,0.010994000,1421.229762
windows,ctr,encrypt,16384,7,100,1.110800,0.011108000,1406.643860
windows,ctr,encrypt,16384,8,100,1.108600,0.011086000,1409.435324
windows,ctr,encrypt,16384,9,100,1.096500,0.010965000,1424.988600
windows,ctr,encrypt,16384,10,100,1.107900,0.011079000,1410.325842
windows,ctr,encrypt,16384,11,100,1.096100,0.010961000,1425.508621
windows,ctr,encrypt,16384,12,100,1.103600,0.011036000,1415.820950
windows,ctr,encrypt,16384,13,100,1.474800,0.014748000,1059.465690
windows,ctr,encrypt,16384,14,100,1.256900,0.012569000,1243.137879
windows,ctr,encrypt,16384,15,100,1.238700,0.012387000,1261.403084
windows,ctr,encrypt,16384,16,100,1.158800,0.011588000,1348.377632
windows,ctr,encrypt,16384,17,100,1.104000,0.011040000,1415.307971
windows,ctr,encrypt,16384,18,100,1.113900,0.011139000,1402.729150
windows,ctr,encrypt,16384,19,100,1.099600,0.010996000,1420.971262
windows,ctr,encrypt,16384,20,100,1.106100,0.011061000,1412.620920
windows,ctr,encrypt,16384,21,100,1.220800,0.012208000,1279.898427
windows,ctr,encrypt,16384,22,100,1.124500,0.011245000,1389.506447
windows,ctr,encrypt,16384,23,100,1.113200,0.011132000,1403.611211
windows,ctr,encrypt,16384,24,100,1.100500,0.011005000,1419.809178
windows,ctr,encrypt,16384,25,100,1.106300,0.011063000,1412.365543
windows,ctr,encrypt,16384,26,100,1.094500,0.010945000,1427.592508
windows,ctr,encrypt,16384,27,100,1.331700,0.013317000,1173.312308
windows,ctr,encrypt,16384,28,100,1.365500,0.013655000,1144.269498
windows,ctr,encrypt,16384,29,100,1.170500,0.011705000,1334.899616
windows,ctr,encrypt,16384,30,100,1.110500,0.011105000,1407.023863
windows,ctr,decrypt,16384,1,100,1.778200,0.017782000,878.697559
windows,ctr,decrypt,16384,2,100,1.179000,0.011790000,1325.275657
windows,ctr,decrypt,16384,3,100,1.090500,0.010905000,1432.828978
windows,ctr,decrypt,16384,4,100,1.130800,0.011308000,1381.765122
windows,ctr,decrypt,16384,5,100,1.087900,0.010879000,1436.253332
windows,ctr,decrypt,16384,6,100,1.203900,0.012039000,1297.865271
windows,ctr,decrypt,16384,7,100,1.180300,0.011803000,1323.815979
windows,ctr,decrypt,16384,8,100,1.176900,0.011769000,1327.640411
windows,ctr,decrypt,16384,9,100,1.134500,0.011345000,1377.258704
windows,ctr,decrypt,16384,10,100,1.102600,0.011026000,1417.105024
windows,ctr,decrypt,16384,11,100,1.113400,0.011134000,1403.359080
windows,ctr,decrypt,16384,12,100,1.103500,0.011035000,1415.949252
windows,ctr,decrypt,16384,13,100,1.111200,0.011112000,1406.137509
windows,ctr,decrypt,16384,14,100,1.134000,0.011340000,1377.865961
windows,ctr,decrypt,16384,15,100,1.088400,0.010884000,1435.593532
windows,ctr,decrypt,16384,16,100,1.104600,0.011046000,1414.539200
windows,ctr,decrypt,16384,17,100,1.099800,0.010998000,1420.712857
windows,ctr,decrypt,16384,18,100,1.112900,0.011129000,1403.989577
windows,ctr,decrypt,16384,19,100,1.868900,0.018689000,836.053293
windows,ctr,decrypt,16384,20,100,1.214000,0.012140000,1287.067545
windows,ctr,decrypt,16384,21,100,1.134000,0.011340000,1377.865961
windows,ctr,decrypt,16384,22,100,1.108400,0.011084000,1409.689643
windows,ctr,decrypt,16384,23,100,1.123800,0.011238000,1390.371952
windows,ctr,decrypt,16384,24,100,1.278000,0.012780000,1222.613459
windows,ctr,decrypt,16384,25,100,1.205300,0.012053000,1296.357753
windows,ctr,decrypt,16384,26,100,1.185600,0.011856000,1317.898111
windows,ctr,decrypt,16384,27,100,1.110400,0.011104000,1407.150576
windows,ctr,decrypt,16384,28,100,1.114100,0.011141000,1402.477336
windows,ctr,decrypt,16384,29,100,1.121000,0.011210000,1393.844781
windows,ctr,decrypt,16384,30,100,1.344100,0.013441000,1162.487910
windows,ctr,encrypt,262144,1,100,12.918900,0.129189000,1935.149277
windows,ctr,encrypt,262144,2,100,12.212200,0.122122000,2047.133195
windows,ctr,encrypt,262144,3,100,12.320200,0.123202000,2029.187838
windows,ctr,encrypt,262144,4,100,11.354800,0.113548000,2201.712051
windows,ctr,encrypt,262144,5,100,12.032500,0.120325000,2077.706212
windows,ctr,encrypt,262144,6,100,12.939700,0.129397000,1932.038610
windows,ctr,encrypt,262144,7,100,11.978100,0.119781000,2087.142368
windows,ctr,encrypt,262144,8,100,12.420600,0.124206000,2012.785212
windows,ctr,encrypt,262144,9,100,11.929300,0.119293000,2095.680384
windows,ctr,encrypt,262144,10,100,12.567900,0.125679000,1989.194694
windows,ctr,encrypt,262144,11,100,12.455700,0.124557000,2007.113209
windows,ctr,encrypt,262144,12,100,12.027500,0.120275000,2078.569944
windows,ctr,encrypt,262144,13,100,12.541700,0.125417000,1993.350184
windows,ctr,encrypt,262144,14,100,12.832200,0.128322000,1948.223999
windows,ctr,encrypt,262144,15,100,12.627400,0.126274000,1979.821658
windows,ctr,encrypt,262144,16,100,11.818600,0.118186000,2115.309766
windows,ctr,encrypt,262144,17,100,11.967900,0.119679000,2088.921198
windows,ctr,encrypt,262144,18,100,13.221100,0.132211000,1890.916792
windows,ctr,encrypt,262144,19,100,12.048800,0.120488000,2074.895425
windows,ctr,encrypt,262144,20,100,12.908100,0.129081000,1936.768386
windows,ctr,encrypt,262144,21,100,11.609100,0.116091000,2153.483043
windows,ctr,encrypt,262144,22,100,12.617200,0.126172000,1981.422186
windows,ctr,encrypt,262144,23,100,13.871200,0.138712000,1802.295403
windows,ctr,encrypt,262144,24,100,11.820800,0.118208000,2114.916080
windows,ctr,encrypt,262144,25,100,13.113500,0.131135000,1906.432303
windows,ctr,encrypt,262144,26,100,11.482800,0.114828000,2177.169332
windows,ctr,encrypt,262144,27,100,12.563200,0.125632000,1989.938869
windows,ctr,encrypt,262144,28,100,11.906300,0.119063000,2099.728715
windows,ctr,encrypt,262144,29,100,11.976000,0.119760000,2087.508350
windows,ctr,encrypt,262144,30,100,11.982700,0.119827000,2086.341142
windows,ctr,decrypt,262144,1,100,12.957100,0.129571000,1929.444089
windows,ctr,decrypt,262144,2,100,12.886900,0.128869000,1939.954527
windows,ctr,decrypt,262144,3,100,12.797900,0.127979000,1953.445487
windows,ctr,decrypt,262144,4,100,12.721300,0.127213000,1965.207958
windows,ctr,decrypt,262144,5,100,13.235200,0.132352000,1888.902321
windows,ctr,decrypt,262144,6,100,12.818000,0.128180000,1950.382275
windows,ctr,decrypt,262144,7,100,12.748800,0.127488000,1960.968876
windows,ctr,decrypt,262144,8,100,12.902100,0.129021000,1937.669062
windows,ctr,decrypt,262144,9,100,12.935500,0.129355000,1932.665919
windows,ctr,decrypt,262144,10,100,13.258100,0.132581000,1885.639722
windows,ctr,decrypt,262144,11,100,12.773800,0.127738000,1957.131003
windows,ctr,decrypt,262144,12,100,12.967600,0.129676000,1927.881798
windows,ctr,decrypt,262144,13,100,12.347300,0.123473000,2024.734152
windows,ctr,decrypt,262144,14,100,14.479700,0.144797000,1726.555108
windows,ctr,decrypt,262144,15,100,12.683500,0.126835000,1971.064769
windows,ctr,decrypt,262144,16,100,12.930100,0.129301000,1933.473059
windows,ctr,decrypt,262144,17,100,13.274300,0.132743000,1883.338481
windows,ctr,decrypt,262144,18,100,12.247000,0.122470000,2041.316241
windows,ctr,decrypt,262144,19,100,12.402900,0.124029000,2015.657628
windows,ctr,decrypt,262144,20,100,11.867800,0.118678000,2106.540387
windows,ctr,decrypt,262144,21,100,12.789700,0.127897000,1954.697921
windows,ctr,decrypt,262144,22,100,13.835900,0.138359000,1806.893661
windows,ctr,decrypt,262144,23,100,13.400500,0.134005000,1865.602030
windows,ctr,decrypt,262144,24,100,13.454500,0.134545000,1858.114386
windows,ctr,decrypt,262144,25,100,12.369300,0.123693000,2021.132966
windows,ctr,decrypt,262144,26,100,12.595100,0.125951000,1984.898889
windows,ctr,decrypt,262144,27,100,13.158400,0.131584000,1899.927043
windows,ctr,decrypt,262144,28,100,13.646900,0.136469000,1831.917871
windows,ctr,decrypt,262144,29,100,13.150300,0.131503000,1901.097313
windows,ctr,decrypt,262144,30,100,13.599200,0.135992000,1838.343432
windows,ctr,encrypt,1048576,1,100,106.568300,1.065683000,938.365349
windows,ctr,encrypt,1048576,2,100,109.696600,1.096966000,911.605282
windows,ctr,encrypt,1048576,3,100,113.061500,1.130615000,884.474379
windows,ctr,encrypt,1048576,4,100,105.939700,1.059397000,943.933200
windows,ctr,encrypt,1048576,5,100,103.587900,1.035879000,965.363715
windows,ctr,encrypt,1048576,6,100,107.211100,1.072111000,932.739241
windows,ctr,encrypt,1048576,7,100,108.027000,1.080270000,925.694502
windows,ctr,encrypt,1048576,8,100,112.498700,1.124987000,888.899161
windows,ctr,encrypt,1048576,9,100,110.835300,1.108353000,902.239629
windows,ctr,encrypt,1048576,10,100,113.925400,1.139254000,877.767381
windows,ctr,encrypt,1048576,11,100,110.760700,1.107607000,902.847310
windows,ctr,encrypt,1048576,12,100,111.014200,1.110142000,900.785665
windows,ctr,encrypt,1048576,13,100,109.802500,1.098025000,910.726076
windows,ctr,encrypt,1048576,14,100,126.398000,1.263980000,791.151759
windows,ctr,encrypt,1048576,15,100,124.487900,1.244879000,803.290922
windows,ctr,encrypt,1048576,16,100,117.296500,1.172965000,852.540357
windows,ctr,encrypt,1048576,17,100,104.490300,1.044903000,957.026633
windows,ctr,encrypt,1048576,18,100,112.217100,1.122171000,891.129783
windows,ctr,encrypt,1048576,19,100,111.957300,1.119573000,893.197674
windows,ctr,encrypt,1048576,20,100,110.347500,1.103475000,906.228052
windows,ctr,encrypt,1048576,21,100,115.500100,1.155001000,865.800116
windows,ctr,encrypt,1048576,22,100,110.123400,1.101234000,908.072217
windows,ctr,encrypt,1048576,23,100,112.666100,1.126661000,887.578429
windows,ctr,encrypt,1048576,24,100,110.819800,1.108198000,902.365823
windows,ctr,encrypt,1048576,25,100,128.454900,1.284549000,778.483343
windows,ctr,encrypt,1048576,26,100,121.477800,1.214778000,823.195679
windows,ctr,encrypt,1048576,27,100,116.582200,1.165822000,857.763878
windows,ctr,encrypt,1048576,28,100,108.243900,1.082439000,923.839588
windows,ctr,encrypt,1048576,29,100,109.206100,1.092061000,915.699764
windows,ctr,encrypt,1048576,30,100,107.906700,1.079067000,926.726515
windows,ctr,decrypt,1048576,1,100,114.022800,1.140228000,877.017579
windows,ctr,decrypt,1048576,2,100,109.361200,1.093612000,914.401086
windows,ctr,decrypt,1048576,3,100,117.653800,1.176538000,849.951298
windows,ctr,decrypt,1048576,4,100,112.004000,1.120040000,892.825256
windows,ctr,decrypt,1048576,5,100,108.171800,1.081718000,924.455357
windows,ctr,decrypt,1048576,6,100,119.902900,1.199029000,834.008185
windows,ctr,decrypt,1048576,7,100,114.278300,1.142783000,875.056769
windows,ctr,decrypt,1048576,8,100,115.408800,1.154088000,866.485051
windows,ctr,decrypt,1048576,9,100,111.743700,1.117437000,894.905037
windows,ctr,decrypt,1048576,10,100,114.889500,1.148895000,870.401560
windows,ctr,decrypt,1048576,11,100,117.775300,1.177753000,849.074466
windows,ctr,decrypt,1048576,12,100,129.145000,1.291450000,774.323435
windows,ctr,decrypt,1048576,13,100,117.000500,1.170005000,854.697202
windows,ctr,decrypt,1048576,14,100,118.011900,1.180119000,847.372172
windows,ctr,decrypt,1048576,15,100,118.859700,1.188597000,841.328053
windows,ctr,decrypt,1048576,16,100,119.482700,1.194827000,836.941248
windows,ctr,decrypt,1048576,17,100,115.632700,1.156327000,864.807273
windows,ctr,decrypt,1048576,18,100,110.462400,1.104624000,905.285418
windows,ctr,decrypt,1048576,19,100,124.640200,1.246402000,802.309367
windows,ctr,decrypt,1048576,20,100,119.224100,1.192241000,838.756594
windows,ctr,decrypt,1048576,21,100,114.122300,1.141223000,876.252932
windows,ctr,decrypt,1048576,22,100,116.869700,1.168697000,855.653775
windows,ctr,decrypt,1048576,23,100,123.050500,1.230505000,812.674471
windows,ctr,decrypt,1048576,24,100,131.074000,1.310740000,762.927812
windows,ctr,decrypt,1048576,25,100,123.145300,1.231453000,812.048856
windows,ctr,decrypt,1048576,26,100,138.771800,1.387718000,720.607501
windows,ctr,decrypt,1048576,27,100,125.039100,1.250391000,799.749838
windows,ctr,decrypt,1048576,28,100,146.262300,1.462623000,683.703183
windows,ctr,decrypt,1048576,29,100,132.679400,1.326794000,753.696505
windows,ctr,decrypt,1048576,30,100,150.988900,1.509889000,662.300341
windows,ctr,encrypt,8388608,1,100,1076.824200,10.768242000,742.925354
windows,ctr,encrypt,8388608,2,100,1077.033200,10.770332000,742.781188
windows,ctr,encrypt,8388608,3,100,2071.869600,20.718696000,386.124687
windows,ctr,encrypt,8388608,4,100,1421.777700,14.217777000,562.675867
windows,ctr,encrypt,8388608,5,100,904.765400,9.047654000,884.207110
windows,ctr,encrypt,8388608,6,100,922.255200,9.222552000,867.438861
windows,ctr,encrypt,8388608,7,100,881.673200,8.816732000,907.365677
windows,ctr,encrypt,8388608,8,100,1408.194400,14.081944000,568.103381
windows,ctr,encrypt,8388608,9,100,1315.510100,13.155101000,608.129120
windows,ctr,encrypt,8388608,10,100,1122.199000,11.221990000,712.886039
windows,ctr,encrypt,8388608,11,100,1519.523200,15.195232000,526.480938
windows,ctr,encrypt,8388608,12,100,1694.589300,16.945893000,472.090789
windows,ctr,encrypt,8388608,13,100,1666.326900,16.663269000,480.097873
windows,ctr,encrypt,8388608,14,100,1260.832300,12.608323000,634.501511
windows,ctr,encrypt,8388608,15,100,1593.967100,15.939671000,501.892417
windows,ctr,encrypt,8388608,16,100,1560.107500,15.601075000,512.785177
windows,ctr,encrypt,8388608,17,100,1197.561000,11.975610000,668.024426
windows,ctr,encrypt,8388608,18,100,1019.467100,10.194671000,784.723705
windows,ctr,encrypt,8388608,19,100,1056.754500,10.567545000,757.034865
windows,ctr,encrypt,8388608,20,100,1054.421900,10.544219000,758.709583
windows,ctr,encrypt,8388608,21,100,1109.415500,11.094155000,721.100435
windows,ctr,encrypt,8388608,22,100,1043.141600,10.431416000,766.914099
windows,ctr,encrypt,8388608,23,100,1018.980100,10.189801000,785.098747
windows,ctr,encrypt,8388608,24,100,1099.585900,10.995859000,727.546616
windows,ctr,encrypt,8388608,25,100,1127.282100,11.272821000,709.671519
windows,ctr,encrypt,8388608,26,100,1124.779600,11.247796000,711.250453
windows,ctr,encrypt,8388608,27,100,1117.288500,11.172885000,716.019184
windows,ctr,encrypt,8388608,28,100,1108.528000,11.085280000,721.677756
windows,ctr,encrypt,8388608,29,100,1170.311800,11.703118000,683.578513
windows,ctr,encrypt,8388608,30,100,1431.167200,14.311672000,558.984303
windows,ctr,decrypt,8388608,1,100,1471.279200,14.712792000,543.744518
windows,ctr,decrypt,8388608,2,100,1471.948900,14.719489000,543.497128
windows,ctr,decrypt,8388608,3,100,1422.433800,14.224338000,562.416332
windows,ctr,decrypt,8388608,4,100,1435.205600,14.352056000,557.411426
windows,ctr,decrypt,8388608,5,100,1105.389400,11.053894000,723.726860
windows,ctr,decrypt,8388608,6,100,1111.787400,11.117874000,719.562031
windows,ctr,decrypt,8388608,7,100,1713.304800,17.133048000,466.933846
windows,ctr,decrypt,8388608,8,100,1558.700300,15.587003000,513.248121
windows,ctr,decrypt,8388608,9,100,1325.714500,13.257145000,603.448178
windows,ctr,decrypt,8388608,10,100,1024.438200,10.244382000,780.915823
windows,ctr,decrypt,8388608,11,100,1068.151800,10.681518000,748.957218
windows,ctr,decrypt,8388608,12,100,1100.977300,11.009773000,726.627152
windows,ctr,decrypt,8388608,13,100,1065.904700,10.659047000,750.536141
windows,ctr,decrypt,8388608,14,100,1180.504600,11.805046000,677.676309
windows,ctr,decrypt,8388608,15,100,1173.948200,11.739482000,681.461073
windows,ctr,decrypt,8388608,16,100,1189.162300,11.891623000,672.742484
windows,ctr,decrypt,8388608,17,100,1390.920500,13.909205000,575.158681
windows,ctr,decrypt,8388608,18,100,1172.194400,11.721944000,682.480653
windows,ctr,decrypt,8388608,19,100,1254.558400,12.545584000,637.674579
windows,ctr,decrypt,8388608,20,100,1374.344500,13.743445000,582.095683
windows,ctr,decrypt,8388608,21,100,1422.036400,14.220364000,562.573504
windows,ctr,decrypt,8388608,22,100,1044.449500,10.444495000,765.953739
windows,ctr,decrypt,8388608,23,100,1059.521000,10.595210000,755.058182
windows,ctr,decrypt,8388608,24,100,1084.456800,10.844568000,737.696513
windows,ctr,decrypt,8388608,25,100,1084.605900,10.846059000,737.595103
windows,ctr,decrypt,8388608,26,100,1220.810600,12.208106000,655.302305
windows,ctr,decrypt,8388608,27,100,1139.616400,11.396164000,701.990600
windows,ctr,decrypt,8388608,28,100,1125.944600,11.259446000,710.514532
windows,ctr,decrypt,8388608,29,100,1122.508000,11.225080000,712.689798
windows,ctr,decrypt,8388608,30,100,1214.320300,12.143203000,658.804765
windows,gcm,encrypt,1024,1,100,0.477700,0.004777000,204.430082
windows,gcm,encrypt,1024,2,100,0.482100,0.004821000,202.564302
windows,gcm,encrypt,1024,3,100,0.496600,0.004966000,196.649718
windows,gcm,encrypt,1024,4,100,0.490700,0.004907000,199.014163
windows,gcm,encrypt,1024,5,100,0.481900,0.004819000,202.648371
windows,gcm,encrypt,1024,6,100,0.483100,0.004831000,202.145001
windows,gcm,encrypt,1024,7,100,0.494400,0.004944000,197.524778
windows,gcm,encrypt,1024,8,100,0.488100,0.004881000,200.074268
windows,gcm,encrypt,1024,9,100,0.484100,0.004841000,201.727432
windows,gcm,encrypt,1024,10,100,0.486400,0.004864000,200.773540
windows,gcm,encrypt,1024,11,100,0.497400,0.004974000,196.333434
windows,gcm,encrypt,1024,12,100,0.489500,0.004895000,199.502043
windows,gcm,encrypt,1024,13,100,0.690100,0.006901000,141.510288
windows,gcm,encrypt,1024,14,100,0.405100,0.004051000,241.067020
windows,gcm,encrypt,1024,15,100,0.406300,0.004063000,240.355033
windows,gcm,encrypt,1024,16,100,0.436200,0.004362000,223.879528
windows,gcm,encrypt,1024,17,100,0.458600,0.004586000,212.944287
windows,gcm,encrypt,1024,18,100,0.461800,0.004618000,211.468709
windows,gcm,encrypt,1024,19,100,0.454800,0.004548000,214.723505
windows,gcm,encrypt,1024,20,100,0.481900,0.004819000,202.648371
windows,gcm,encrypt,1024,21,100,0.454800,0.004548000,214.723505
windows,gcm,encrypt,1024,22,100,0.455100,0.004551000,214.581960
windows,gcm,encrypt,1024,23,100,0.454400,0.004544000,214.912522
windows,gcm,encrypt,1024,24,100,0.466600,0.004666000,209.293292
windows,gcm,encrypt,1024,25,100,0.458500,0.004585000,212.990731
windows,gcm,encrypt,1024,26,100,0.453800,0.004538000,215.196673
windows,gcm,encrypt,1024,27,100,0.453200,0.004532000,215.481575
windows,gcm,encrypt,1024,28,100,0.468700,0.004687000,208.355558
windows,gcm,encrypt,1024,29,100,0.509200,0.005092000,191.783680
windows,gcm,encrypt,1024,30,100,0.456100,0.004561000,214.111489
windows,gcm,decrypt,1024,1,100,0.635900,0.006359000,153.571709
windows,gcm,decrypt,1024,2,100,0.625800,0.006258000,156.050256
windows,gcm,decrypt,1024,3,100,0.650000,0.006500000,150.240385
windows,gcm,decrypt,1024,4,100,0.625600,0.006256000,156.100144
windows,gcm,decrypt,1024,5,100,0.608100,0.006081000,160.592419
windows,gcm,decrypt,1024,6,100,0.624300,0.006243000,156.425196
windows,gcm,decrypt,1024,7,100,0.671600,0.006716000,145.408353
windows,gcm,decrypt,1024,8,100,0.659200,0.006592000,148.143583
windows,gcm,decrypt,1024,9,100,0.643500,0.006435000,151.757964
windows,gcm,decrypt,1024,10,100,0.902100,0.009021000,108.254351
windows,gcm,decrypt,1024,11,100,0.664100,0.006641000,147.050520
windows,gcm,decrypt,1024,12,100,0.639500,0.006395000,152.707193
windows,gcm,decrypt,1024,13,100,0.621500,0.006215000,157.129928
windows,gcm,decrypt,1024,14,100,0.619200,0.006192000,157.713582
windows,gcm,decrypt,1024,15,100,0.624300,0.006243000,156.425196
windows,gcm,decrypt,1024,16,100,0.747800,0.007478000,130.591401
windows,gcm,decrypt,1024,17,100,0.712700,0.007127000,137.022941
windows,gcm,decrypt,1024,18,100,0.631900,0.006319000,154.543836
windows,gcm,decrypt,1024,19,100,0.614900,0.006149000,158.816474
windows,gcm,decrypt,1024,20,100,0.630400,0.006304000,154.911564
windows,gcm,decrypt,1024,21,100,0.629600,0.006296000,155.108402
windows,gcm,decrypt,1024,22,100,0.620000,0.006200000,157.510081
windows,gcm,decrypt,1024,23,100,0.611700,0.006117000,159.647294
windows,gcm,decrypt,1024,24,100,0.868200,0.008682000,112.481283
windows,gcm,decrypt,1024,25,100,0.812400,0.008124000,120.207102
windows,gcm,decrypt,1024,26,100,0.686800,0.006868000,142.190230
windows,gcm,decrypt,1024,27,100,0.694100,0.006941000,140.694785
windows,gcm,decrypt,1024,28,100,0.642000,0.006420000,152.112539
windows,gcm,decrypt,1024,29,100,0.662600,0.006626000,147.383414
windows,gcm,decrypt,1024,30,100,0.622100,0.006221000,156.978380
windows,gcm,encrypt,4096,1,100,0.646000,0.006460000,604.682663
windows,gcm,encrypt,4096,2,100,0.657200,0.006572000,594.377663
windows,gcm,encrypt,4096,3,100,0.649500,0.006495000,601.424172
windows,gcm,encrypt,4096,4,100,0.683500,0.006835000,571.506950
windows,gcm,encrypt,4096,5,100,0.700400,0.007004000,557.717019
windows,gcm,encrypt,4096,6,100,0.713600,0.007136000,547.400504
windows,gcm,encrypt,4096,7,100,0.676000,0.006760000,577.847633
windows,gcm,encrypt,4096,8,100,0.656500,0.006565000,595.011424
windows,gcm,encrypt,4096,9,100,0.647200,0.006472000,603.561496
windows,gcm,encrypt,4096,10,100,0.662500,0.006625000,589.622642
windows,gcm,encrypt,4096,11,100,0.963500,0.009635000,405.422937
windows,gcm,encrypt,4096,12,100,0.575500,0.005755000,678.757602
windows,gcm,encrypt,4096,13,100,0.562800,0.005628000,694.074271
windows,gcm,encrypt,4096,14,100,0.688200,0.006882000,567.603894
windows,gcm,encrypt,4096,15,100,0.667900,0.006679000,584.855517
windows,gcm,encrypt,4096,16,100,0.833100,0.008331000,468.881287
windows,gcm,encrypt,4096,17,100,0.626000,0.006260000,624.001597
windows,gcm,encrypt,4096,18,100,0.543900,0.005439000,718.192682
windows,gcm,encrypt,4096,19,100,0.594200,0.005942000,657.396499
windows,gcm,encrypt,4096,20,100,0.658100,0.006581000,593.564808
windows,gcm,encrypt,4096,21,100,0.655800,0.006558000,595.646539
windows,gcm,encrypt,4096,22,100,0.666300,0.006663000,586.259943
windows,gcm,encrypt,4096,23,100,0.659600,0.006596000,592.214979
windows,gcm,encrypt,4096,24,100,0.658400,0.006584000,593.294350
windows,gcm,encrypt,4096,25,100,0.686800,0.006868000,568.760920
windows,gcm,encrypt,4096,26,100,0.672100,0.006721000,581.200714
windows,gcm,encrypt,4096,27,100,0.649500,0.006495000,601.424172
windows,gcm,encrypt,4096,28,100,0.662600,0.006626000,589.533655
windows,gcm,encrypt,4096,29,100,0.707500,0.007075000,552.120141
windows,gcm,encrypt,4096,30,100,0.648900,0.006489000,601.980274
windows,gcm,decrypt,4096,1,100,0.815300,0.008153000,479.118116
windows,gcm,decrypt,4096,2,100,0.850100,0.008501000,459.504764
windows,gcm,decrypt,4096,3,100,0.820200,0.008202000,476.255791
windows,gcm,decrypt,4096,4,100,0.839100,0.008391000,465.528542
windows,gcm,decrypt,4096,5,100,0.864800,0.008648000,451.694033
windows,gcm,decrypt,4096,6,100,0.834600,0.008346000,468.038581
windows,gcm,decrypt,4096,7,100,0.839100,0.008391000,465.528542
windows,gcm,decrypt,4096,8,100,0.870800,0.008708000,448.581764
windows,gcm,decrypt,4096,9,100,0.857500,0.008575000,455.539359
windows,gcm,decrypt,4096,10,100,0.817200,0.008172000,478.004161
windows,gcm,decrypt,4096,11,100,0.831100,0.008311000,470.009626
windows,gcm,decrypt,4096,12,100,0.999800,0.009998000,390.703141
windows,gcm,decrypt,4096,13,100,1.434600,0.014346000,272.288443
windows,gcm,decrypt,4096,14,100,0.962800,0.009628000,405.717698
windows,gcm,decrypt,4096,15,100,0.819900,0.008199000,476.430052
windows,gcm,decrypt,4096,16,100,0.821300,0.008213000,475.617923
windows,gcm,decrypt,4096,17,100,0.808800,0.008088000,482.968595
windows,gcm,decrypt,4096,18,100,0.813400,0.008134000,480.237276
windows,gcm,decrypt,4096,19,100,0.820100,0.008201000,476.313864
windows,gcm,decrypt,4096,20,100,0.820100,0.008201000,476.313864
windows,gcm,decrypt,4096,21,100,0.930300,0.009303000,419.891433
windows,gcm,decrypt,4096,22,100,0.841800,0.008418000,464.035400
windows,gcm,decrypt,4096,23,100,0.687800,0.006878000,567.933992
windows,gcm,decrypt,4096,24,100,0.765200,0.007652000,510.487454
windows,gcm,decrypt,4096,25,100,0.833000,0.008330000,468.937575
windows,gcm,decrypt,4096,26,100,0.832800,0.008328000,469.050192
windows,gcm,decrypt,4096,27,100,0.814300,0.008143000,479.706496
windows,gcm,decrypt,4096,28,100,0.808300,0.008083000,483.267351
windows,gcm,decrypt,4096,29,100,0.818700,0.008187000,477.128374
windows,gcm,decrypt,4096,30,100,0.865300,0.008653000,451.433029
windows,gcm,encrypt,16384,1,100,1.627000,0.016270000,960.356484
windows,gcm,encrypt,16384,2,100,1.644100,0.016441000,950.367982
windows,gcm,encrypt,16384,3,100,1.617900,0.016179000,965.758081
windows,gcm,encrypt,16384,4,100,1.693900,0.016939000,922.427534
windows,gcm,encrypt,16384,5,100,1.665300,0.016653000,938.269381
windows,gcm,encrypt,16384,6,100,1.566600,0.015666000,997.382867
windows,gcm,encrypt,16384,7,100,1.778300,0.017783000,878.648147
windows,gcm,encrypt,16384,8,100,1.703400,0.017034000,917.283081
windows,gcm,encrypt,16384,9,100,1.512100,0.015121000,1033.331129
windows,gcm,encrypt,16384,10,100,1.876800,0.018768000,832.534101
windows,gcm,encrypt,16384,11,100,1.488200,0.014882000,1049.926085
windows,gcm,encrypt,16384,12,100,1.983400,0.019834000,787.788646
windows,gcm,encrypt,16384,13,100,1.611000,0.016110000,969.894475
windows,gcm,encrypt,16384,14,100,1.531700,0.015317000,1020.108376
windows,gcm,encrypt,16384,15,100,2.117400,0.021174000,737.933314
windows,gcm,encrypt,16384,16,100,1.650500,0.016505000,946.682823
windows,gcm,encrypt,16384,17,100,1.524300,0.015243000,1025.060684
windows,gcm,encrypt,16384,18,100,1.670200,0.016702000,935.516705
windows,gcm,encrypt,16384,19,100,1.647500,0.016475000,948.406677
windows,gcm,encrypt,16384,20,100,1.640600,0.016406000,952.395465
windows,gcm,encrypt,16384,21,100,1.647400,0.016474000,948.464247
windows,gcm,encrypt,16384,22,100,1.608800,0.016088000,971.220786
windows,gcm,encrypt,16384,23,100,1.597100,0.015971000,978.335734
windows,gcm,encrypt,16384,24,100,2.466000,0.024660000,633.617194
windows,gcm,encrypt,16384,25,100,1.598600,0.015986000,977.417741
windows,gcm,encrypt,16384,26,100,1.601500,0.016015000,975.647830
windows,gcm,encrypt,16384,27,100,1.654500,0.016545000,944.394077
windows,gcm,encrypt,16384,28,100,1.615900,0.016159000,966.953401
windows,gcm,encrypt,16384,29,100,1.613900,0.016139000,968.151682
windows,gcm,encrypt,16384,30,100,1.602500,0.016025000,975.039002
windows,gcm,decrypt,16384,1,100,1.926100,0.019261000,811.224755
windows,gcm,decrypt,16384,2,100,2.071100,0.020711000,754.430013
windows,gcm,decrypt,16384,3,100,2.004100,0.020041000,779.651714
windows,gcm,decrypt,16384,4,100,1.863800,0.018638000,838.341024
windows,gcm,decrypt,16384,5,100,1.785200,0.017852000,875.252073
windows,gcm,decrypt,16384,6,100,1.845700,0.018457000,846.562280
windows,gcm,decrypt,16384,7,100,1.887100,0.018871000,827.990038
windows,gcm,decrypt,16384,8,100,1.880100,0.018801000,831.072815
windows,gcm,decrypt,16384,9,100,1.825000,0.018250000,856.164384
windows,gcm,decrypt,16384,10,100,1.785300,0.017853000,875.203047
windows,gcm,decrypt,16384,11,100,1.910800,0.019108000,817.720327
windows,gcm,decrypt,16384,12,100,1.893500,0.018935000,825.191444
windows,gcm,decrypt,16384,13,100,1.798800,0.017988000,868.634645
windows,gcm,decrypt,16384,14,100,1.779200,0.017792000,878.203687
windows,gcm,decrypt,16384,15,100,1.809900,0.018099000,863.307365
windows,gcm,decrypt,16384,16,100,1.969000,0.019690000,793.550025
windows,gcm,decrypt,16384,17,100,1.796800,0.017968000,869.601514
windows,gcm,decrypt,16384,18,100,1.783000,0.017830000,876.332025
windows,gcm,decrypt,16384,19,100,1.850700,0.018507000,844.275139
windows,gcm,decrypt,16384,20,100,1.925800,0.019258000,811.351127
windows,gcm,decrypt,16384,21,100,1.786400,0.017864000,874.664129
windows,gcm,decrypt,16384,22,100,1.814900,0.018149000,860.928977
windows,gcm,decrypt,16384,23,100,1.803600,0.018036000,866.322910
windows,gcm,decrypt,16384,24,100,1.916000,0.019160000,815.501044
windows,gcm,decrypt,16384,25,100,1.820600,0.018206000,858.233549
windows,gcm,decrypt,16384,26,100,1.779100,0.017791000,878.253049
windows,gcm,decrypt,16384,27,100,1.802000,0.018020000,867.092120
windows,gcm,decrypt,16384,28,100,1.920200,0.019202000,813.717321
windows,gcm,decrypt,16384,29,100,1.775500,0.017755000,880.033793
windows,gcm,decrypt,16384,30,100,1.867500,0.018675000,836.680054
windows,gcm,encrypt,262144,1,100,20.484400,0.204844000,1220.440921
windows,gcm,encrypt,262144,2,100,21.593000,0.215930000,1157.782615
windows,gcm,encrypt,262144,3,100,25.343400,0.253434000,986.450121
windows,gcm,encrypt,262144,4,100,20.396200,0.203962000,1225.718516
windows,gcm,encrypt,262144,5,100,20.619100,0.206191000,1212.468051
windows,gcm,encrypt,262144,6,100,19.715900,0.197159000,1268.012112
windows,gcm,encrypt,262144,7,100,20.525100,0.205251000,1218.020862
windows,gcm,encrypt,262144,8,100,21.160200,0.211602000,1181.463313
windows,gcm,encrypt,262144,9,100,20.207400,0.202074000,1237.170541
windows,gcm,encrypt,262144,10,100,20.427200,0.204272000,1223.858385
windows,gcm,encrypt,262144,11,100,20.690000,0.206900000,1208.313195
windows,gcm,encrypt,262144,12,100,20.878900,0.208789000,1197.381088
windows,gcm,encrypt,262144,13,100,21.260000,0.212600000,1175.917215
windows,gcm,encrypt,262144,14,100,21.833900,0.218339000,1145.008450
windows,gcm,encrypt,262144,15,100,21.179100,0.211791000,1180.408988
windows,gcm,encrypt,262144,16,100,20.307100,0.203071000,1231.096513
windows,gcm,encrypt,262144,17,100,20.499600,0.204996000,1219.535991
windows,gcm,encrypt,262144,18,100,20.152800,0.201528000,1240.522409
windows,gcm,encrypt,262144,19,100,21.203100,0.212031000,1179.072871
windows,gcm,encrypt,262144,20,100,20.355900,0.203559000,1228.145157
windows,gcm,encrypt,262144,21,100,21.136800,0.211368000,1182.771280
windows,gcm,encrypt,262144,22,100,20.164600,0.201646000,1239.796475
windows,gcm,encrypt,262144,23,100,20.445400,0.204454000,1222.768936
windows,gcm,encrypt,262144,24,100,20.703600,0.207036000,1207.519465
windows,gcm,encrypt,262144,25,100,20.266000,0.202660000,1233.593210
windows,gcm,encrypt,262144,26,100,24.914000,0.249140000,1003.451874
windows,gcm,encrypt,262144,27,100,20.420700,0.204207000,1224.247944
windows,gcm,encrypt,262144,28,100,20.468100,0.204681000,1221.412833
windows,gcm,encrypt,262144,29,100,20.825300,0.208253000,1200.462898
windows,gcm,encrypt,262144,30,100,20.182100,0.201821000,1238.721441
windows,gcm,decrypt,262144,1,100,22.714500,0.227145000,1100.618548
windows,gcm,decrypt,262144,2,100,21.675600,0.216756000,1153.370610
windows,gcm,decrypt,262144,3,100,27.101300,0.271013000,922.464974
windows,gcm,decrypt,262144,4,100,21.537600,0.215376000,1160.760716
windows,gcm,decrypt,262144,5,100,21.798100,0.217981000,1146.888949
windows,gcm,decrypt,262144,6,100,20.998500,0.209985000,1190.561231
windows,gcm,decrypt,262144,7,100,21.279100,0.212791000,1174.861719
windows,gcm,decrypt,262144,8,100,21.683200,0.216832000,1152.966352
windows,gcm,decrypt,262144,9,100,21.341100,0.213411000,1171.448520
windows,gcm,decrypt,262144,10,100,22.005900,0.220059000,1136.058966
windows,gcm,decrypt,262144,11,100,21.157600,0.211576000,1181.608500
windows,gcm,decrypt,262144,12,100,26.437100,0.264371000,945.640785
windows,gcm,decrypt,262144,13,100,22.205800,0.222058000,1125.831990
windows,gcm,decrypt,262144,14,100,21.643600,0.216436000,1155.075865
windows,gcm,decrypt,262144,15,100,30.173800,0.301738000,828.533363
windows,gcm,decrypt,262144,16,100,21.853100,0.218531000,1144.002453
windows,gcm,decrypt,262144,17,100,21.519800,0.215198000,1161.720834
windows,gcm,decrypt,262144,18,100,25.017400,0.250174000,999.304484
windows,gcm,decrypt,262144,19,100,24.533900,0.245339000,1018.998202
windows,gcm,decrypt,262144,20,100,28.267100,0.282671000,884.420404
windows,gcm,decrypt,262144,21,100,27.796300,0.277963000,899.400280
windows,gcm,decrypt,262144,22,100,23.943900,0.239439000,1044.107267
windows,gcm,decrypt,262144,23,100,24.364300,0.243643000,1026.091453
windows,gcm,decrypt,262144,24,100,22.993200,0.229932000,1087.277978
windows,gcm,decrypt,262144,25,100,22.005600,0.220056000,1136.074454
windows,gcm,decrypt,262144,26,100,21.843700,0.218437000,1144.494751
windows,gcm,decrypt,262144,27,100,24.191800,0.241918000,1033.408014
windows,gcm,decrypt,262144,28,100,21.548200,0.215482000,1160.189714
windows,gcm,decrypt,262144,29,100,21.745100,0.217451000,1149.684297
windows,gcm,decrypt,262144,30,100,21.565000,0.215650000,1159.285880
windows,gcm,encrypt,1048576,1,100,177.325800,1.773258000,563.933731
windows,gcm,encrypt,1048576,2,100,178.754700,1.787547000,559.425850
windows,gcm,encrypt,1048576,3,100,186.803500,1.868035000,535.321876
windows,gcm,encrypt,1048576,4,100,181.495300,1.814953000,550.978455
windows,gcm,encrypt,1048576,5,100,183.353000,1.833530000,545.396039
windows,gcm,encrypt,1048576,6,100,179.491600,1.794916000,557.129136
windows,gcm,encrypt,1048576,7,100,186.369400,1.863694000,536.568771
windows,gcm,encrypt,1048576,8,100,184.557700,1.845577000,541.835968
windows,gcm,encrypt,1048576,9,100,216.298900,2.162989000,462.323202
windows,gcm,encrypt,1048576,10,100,264.862700,2.648627000,377.554106
windows,gcm,encrypt,1048576,11,100,291.977900,2.919779000,342.491675
windows,gcm,encrypt,1048576,12,100,258.568700,2.585687000,386.744413
windows,gcm,encrypt,1048576,13,100,303.051100,3.030511000,329.977354
windows,gcm,encrypt,1048576,14,100,223.520900,2.235209000,447.385457
windows,gcm,encrypt,1048576,15,100,214.632300,2.146323000,465.913099
windows,gcm,encrypt,1048576,16,100,218.496900,2.184969000,457.672397
windows,gcm,encrypt,1048576,17,100,212.464800,2.124648000,470.666200
windows,gcm,encrypt,1048576,18,100,215.097100,2.150971000,464.906314
windows,gcm,encrypt,1048576,19,100,216.066400,2.160664000,462.820688
windows,gcm,encrypt,1048576,20,100,206.506100,2.065061000,484.247197
windows,gcm,encrypt,1048576,21,100,209.930900,2.099309000,476.347217
windows,gcm,encrypt,1048576,22,100,214.812200,2.148122000,465.522908
windows,gcm,encrypt,1048576,23,100,213.682900,2.136829000,467.983166
windows,gcm,encrypt,1048576,24,100,212.506900,2.125069000,470.572956
windows,gcm,encrypt,1048576,25,100,212.058900,2.120589000,471.567098
windows,gcm,encrypt,1048576,26,100,210.825300,2.108253000,474.326374
windows,gcm,encrypt,1048576,27,100,213.539100,2.135391000,468.298312
windows,gcm,encrypt,1048576,28,100,215.437300,2.154373000,464.172174
windows,gcm,encrypt,1048576,29,100,210.926900,2.109269000,474.097898
windows,gcm,encrypt,1048576,30,100,213.097500,2.130975000,469.268762
windows,gcm,decrypt,1048576,1,100,210.960300,2.109603000,474.022837
windows,gcm,decrypt,1048576,2,100,208.691700,2.086917000,479.175741
windows,gcm,decrypt,1048576,3,100,207.154700,2.071547000,482.731022
windows,gcm,decrypt,1048576,4,100,206.742100,2.067421000,483.694419
windows,gcm,decrypt,1048576,5,100,213.485200,2.134852000,468.416546
windows,gcm,decrypt,1048576,6,100,231.488500,2.314885000,431.986902
windows,gcm,decrypt,1048576,7,100,262.569400,2.625694000,380.851691
windows,gcm,decrypt,1048576,8,100,209.600100,2.096001000,477.099009
windows,gcm,decrypt,1048576,9,100,218.130000,2.181300000,458.442213
windows,gcm,decrypt,1048576,10,100,224.667600,2.246676000,445.102008
windows,gcm,decrypt,1048576,11,100,217.526500,2.175265000,459.714104
windows,gcm,decrypt,1048576,12,100,215.864100,2.158641000,463.254427
windows,gcm,decrypt,1048576,13,100,208.910700,2.089107000,478.673424
windows,gcm,decrypt,1048576,14,100,209.899800,2.098998000,476.417796
windows,gcm,decrypt,1048576,15,100,214.764900,2.147649000,465.625435
windows,gcm,decrypt,1048576,16,100,231.520100,2.315201000,431.927941
windows,gcm,decrypt,1048576,17,100,222.069400,2.220694000,450.309678
windows,gcm,decrypt,1048576,18,100,206.466600,2.064666000,484.339840
windows,gcm,decrypt,1048576,19,100,211.667500,2.116675000,472.439085
windows,gcm,decrypt,1048576,20,100,207.729400,2.077294000,481.395508
windows,gcm,decrypt,1048576,21,100,209.902000,2.099020000,476.412802
windows,gcm,decrypt,1048576,22,100,205.825100,2.058251000,485.849393
windows,gcm,decrypt,1048576,23,100,205.279600,2.052796000,487.140466
windows,gcm,decrypt,1048576,24,100,202.423600,2.024236000,494.013544
windows,gcm,decrypt,1048576,25,100,208.403100,2.084031000,479.839311
windows,gcm,decrypt,1048576,26,100,214.167600,2.141676000,466.924035
windows,gcm,decrypt,1048576,27,100,222.955500,2.229555000,448.519996
windows,gcm,decrypt,1048576,28,100,216.604400,2.166044000,461.671139
windows,gcm,decrypt,1048576,29,100,213.811600,2.138116000,467.701472
windows,gcm,decrypt,1048576,30,100,214.502700,2.145027000,466.194598
windows,gcm,encrypt,8388608,1,100,2013.323500,20.133235000,397.352934
windows,gcm,encrypt,8388608,2,100,1963.910400,19.639104000,407.350559
windows,gcm,encrypt,8388608,3,100,2053.096200,20.530962000,389.655390
windows,gcm,encrypt,8388608,4,100,1965.707100,19.657071000,406.978232
windows,gcm,encrypt,8388608,5,100,1945.988600,19.459886000,411.102100
windows,gcm,encrypt,8388608,6,100,2010.601600,20.106016000,397.890860
windows,gcm,encrypt,8388608,7,100,1786.813700,17.868137000,447.724349
windows,gcm,encrypt,8388608,8,100,1515.038100,15.150381000,528.039526
windows,gcm,encrypt,8388608,9,100,1658.949100,16.589491000,482.232999
windows,gcm,encrypt,8388608,10,100,1773.136000,17.731360000,451.178026
windows,gcm,encrypt,8388608,11,100,1604.889000,16.048890000,498.476842
windows,gcm,encrypt,8388608,12,100,1541.245400,15.412454000,519.060754
windows,gcm,encrypt,8388608,13,100,1507.816500,15.078165000,530.568541
windows,gcm,encrypt,8388608,14,100,1502.068900,15.020689000,532.598738
windows,gcm,encrypt,8388608,15,100,1500.004500,15.000045000,533.331733
windows,gcm,encrypt,8388608,16,100,1540.340300,15.403403000,519.365753
windows,gcm,encrypt,8388608,17,100,1487.767000,14.877670000,537.718608
windows,gcm,encrypt,8388608,18,100,1495.276400,14.952764000,535.018141
windows,gcm,encrypt,8388608,19,100,1567.697900,15.676979000,510.302399
windows,gcm,encrypt,8388608,20,100,1506.691400,15.066914000,530.964735
windows,gcm,encrypt,8388608,21,100,1466.267000,14.662670000,545.603222
windows,gcm,encrypt,8388608,22,100,1516.510300,15.165103000,527.526915
windows,gcm,encrypt,8388608,23,100,1554.265900,15.542659000,514.712444
windows,gcm,encrypt,8388608,24,100,1493.432700,14.934327000,535.678642
windows,gcm,encrypt,8388608,25,100,1500.674000,15.006740000,533.093797
windows,gcm,encrypt,8388608,26,100,1623.359200,16.233592000,492.805289
windows,gcm,encrypt,8388608,27,100,1645.943000,16.459430000,486.043563
windows,gcm,encrypt,8388608,28,100,1776.682800,17.766828000,450.277337
windows,gcm,encrypt,8388608,29,100,2020.127600,20.201276000,396.014588
windows,gcm,encrypt,8388608,30,100,2046.096400,20.460964000,390.988421
windows,gcm,decrypt,8388608,1,100,1823.256000,18.232560000,438.775465
windows,gcm,decrypt,8388608,2,100,1822.633900,18.226339000,438.925228
windows,gcm,decrypt,8388608,3,100,1604.617200,16.046172000,498.561277
windows,gcm,decrypt,8388608,4,100,1513.782100,15.137821000,528.477645
windows,gcm,decrypt,8388608,5,100,1552.535800,15.525358000,515.286024
windows,gcm,decrypt,8388608,6,100,1514.302100,15.143021000,528.296170
windows,gcm,decrypt,8388608,7,100,1503.041200,15.030412000,532.254206
windows,gcm,decrypt,8388608,8,100,1542.844500,15.428445000,518.522768
windows,gcm,decrypt,8388608,9,100,1532.507800,15.325078000,522.020182
windows,gcm,decrypt,8388608,10,100,1631.396100,16.313961000,490.377536
windows,gcm,decrypt,8388608,11,100,1854.816400,18.548164000,431.309536
windows,gcm,decrypt,8388608,12,100,1816.513400,18.165134000,440.404128
windows,gcm,decrypt,8388608,13,100,1504.247500,15.042475000,531.827375
windows,gcm,decrypt,8388608,14,100,1504.588000,15.045880000,531.707019
windows,gcm,decrypt,8388608,15,100,1544.561100,15.445611000,517.946490
windows,gcm,decrypt,8388608,16,100,1554.002300,15.540023000,514.799753
windows,gcm,decrypt,8388608,17,100,1503.031500,15.030315000,532.257641
windows,gcm,decrypt,8388608,18,100,1569.841000,15.698410000,509.605750
windows,gcm,decrypt,8388608,19,100,1491.933800,14.919338000,536.216821
windows,gcm,decrypt,8388608,20,100,1500.672400,15.006724000,533.094365
windows,gcm,decrypt,8388608,21,100,1476.561600,14.765616000,541.799272
windows,gcm,decrypt,8388608,22,100,1572.851700,15.728517000,508.630280
windows,gcm,decrypt,8388608,23,100,1487.306500,14.873065000,537.885096
windows,gcm,decrypt,8388608,24,100,1539.565300,15.395653000,519.627196
windows,gcm,decrypt,8388608,25,100,1531.422000,15.314220000,522.390301
windows,gcm,decrypt,8388608,26,100,1495.531600,14.955316000,534.926845
windows,gcm,decrypt,8388608,27,100,1483.408400,14.834084000,539.298551
windows,gcm,decrypt,8388608,28,100,1507.351600,15.073516000,530.732180
windows,gcm,decrypt,8388608,29,100,1527.387200,15.273872000,523.770266
windows,gcm,decrypt,8388608,30,100,1480.283300,14.802833000,540.437091
windows,ccm,encrypt,1024,1,100,0.687000,0.006870000,142.148836
windows,ccm,encrypt,1024,2,100,0.601000,0.006010000,162.489601
windows,ccm,encrypt,1024,3,100,0.564200,0.005642000,173.088001
windows,ccm,encrypt,1024,4,100,0.776800,0.007768000,125.716079
windows,ccm,encrypt,1024,5,100,0.671700,0.006717000,145.386705
windows,ccm,encrypt,1024,6,100,0.540800,0.005408000,180.577385
windows,ccm,encrypt,1024,7,100,0.554000,0.005540000,176.274819
windows,ccm,encrypt,1024,8,100,0.667200,0.006672000,146.367281
windows,ccm,encrypt,1024,9,100,0.683900,0.006839000,142.793172
windows,ccm,encrypt,1024,10,100,0.726500,0.007265000,134.420165
windows,ccm,encrypt,1024,11,100,0.669200,0.006692000,145.929842
windows,ccm,encrypt,1024,12,100,0.652000,0.006520000,149.779525
windows,ccm,encrypt,1024,13,100,0.699500,0.006995000,139.608649
windows,ccm,encrypt,1024,14,100,0.692900,0.006929000,140.938447
windows,ccm,encrypt,1024,15,100,0.647500,0.006475000,150.820463
windows,ccm,encrypt,1024,16,100,0.805700,0.008057000,121.206715
windows,ccm,encrypt,1024,17,100,0.713300,0.007133000,136.907683
windows,ccm,encrypt,1024,18,100,0.649900,0.006499000,150.263502
windows,ccm,encrypt,1024,19,100,0.678000,0.006780000,144.035767
windows,ccm,encrypt,1024,20,100,0.672400,0.006724000,145.235351
windows,ccm,encrypt,1024,21,100,0.656600,0.006566000,148.730201
windows,ccm,encrypt,1024,22,100,0.652100,0.006521000,149.756556
windows,ccm,encrypt,1024,23,100,0.647000,0.006470000,150.937017
windows,ccm,encrypt,1024,24,100,0.640000,0.006400000,152.587891
windows,ccm,encrypt,1024,25,100,0.651900,0.006519000,149.802500
windows,ccm,encrypt,1024,26,100,0.647700,0.006477000,150.773892
windows,ccm,encrypt,1024,27,100,0.655700,0.006557000,148.934345
windows,ccm,encrypt,1024,28,100,0.656900,0.006569000,148.662277
windows,ccm,encrypt,1024,29,100,0.646300,0.006463000,151.100495
windows,ccm,encrypt,1024,30,100,0.641000,0.006410000,152.349844
windows,ccm,decrypt,1024,1,100,0.805400,0.008054000,121.251862
windows,ccm,decrypt,1024,2,100,0.843100,0.008431000,115.829973
windows,ccm,decrypt,1024,3,100,0.822900,0.008229000,118.673290
windows,ccm,decrypt,1024,4,100,0.810700,0.008107000,120.459171
windows,ccm,decrypt,1024,5,100,0.830200,0.008302000,117.629788
windows,ccm,decrypt,1024,6,100,0.810100,0.008101000,120.548389
windows,ccm,decrypt,1024,7,100,0.820500,0.008205000,119.020414
windows,ccm,decrypt,1024,8,100,0.852400,0.008524000,114.566225
windows,ccm,decrypt,1024,9,100,0.830100,0.008301000,117.643959
windows,ccm,decrypt,1024,10,100,0.797800,0.007978000,122.406932
windows,ccm,decrypt,1024,11,100,0.805000,0.008050000,121.312112
windows,ccm,decrypt,1024,12,100,0.813800,0.008138000,120.000307
windows,ccm,decrypt,1024,13,100,0.811800,0.008118000,120.295947
windows,ccm,decrypt,1024,14,100,0.825600,0.008256000,118.285187
windows,ccm,decrypt,1024,15,100,0.817300,0.008173000,119.486419
windows,ccm,decrypt,1024,16,100,0.840100,0.008401000,116.243602
windows,ccm,decrypt,1024,17,100,0.834100,0.008341000,117.079787
windows,ccm,decrypt,1024,18,100,0.815400,0.008154000,119.764839
windows,ccm,decrypt,1024,19,100,0.953700,0.009537000,102.397242
windows,ccm,decrypt,1024,20,100,0.872000,0.008720000,111.991112
windows,ccm,decrypt,1024,21,100,0.836700,0.008367000,116.715967
windows,ccm,decrypt,1024,22,100,1.068000,0.010680000,91.438436
windows,ccm,decrypt,1024,23,100,0.868200,0.008682000,112.481283
windows,ccm,decrypt,1024,24,100,0.803700,0.008037000,121.508336
windows,ccm,decrypt,1024,25,100,0.956200,0.009562000,102.129523
windows,ccm,decrypt,1024,26,100,0.852300,0.008523000,114.579667
windows,ccm,decrypt,1024,27,100,0.792800,0.007928000,123.178923
windows,ccm,decrypt,1024,28,100,0.811200,0.008112000,120.384924
windows,ccm,decrypt,1024,29,100,0.824700,0.008247000,118.414272
windows,ccm,decrypt,1024,30,100,0.803500,0.008035000,121.538581
windows,ccm,encrypt,4096,1,100,1.562100,0.015621000,250.064016
windows,ccm,encrypt,4096,2,100,1.434400,0.014344000,272.326408
windows,ccm,encrypt,4096,3,100,1.434200,0.014342000,272.364384
windows,ccm,encrypt,4096,4,100,1.423900,0.014239000,274.334574
windows,ccm,encrypt,4096,5,100,1.417400,0.014174000,275.592634
windows,ccm,encrypt,4096,6,100,1.403000,0.014030000,278.421240
windows,ccm,encrypt,4096,7,100,1.413300,0.014133000,276.392132
windows,ccm,encrypt,4096,8,100,1.415000,0.014150000,276.060071
windows,ccm,encrypt,4096,9,100,1.404400,0.014044000,278.143691
windows,ccm,encrypt,4096,10,100,1.418000,0.014180000,275.476023
windows,ccm,encrypt,4096,11,100,1.441200,0.014412000,271.041493
windows,ccm,encrypt,4096,12,100,1.588000,0.015880000,245.985516
windows,ccm,encrypt,4096,13,100,1.444200,0.014442000,270.478466
windows,ccm,encrypt,4096,14,100,1.417300,0.014173000,275.612079
windows,ccm,encrypt,4096,15,100,1.424700,0.014247000,274.180529
windows,ccm,encrypt,4096,16,100,1.539200,0.015392000,253.784433
windows,ccm,encrypt,4096,17,100,1.500700,0.015007000,260.295196
windows,ccm,encrypt,4096,18,100,1.380900,0.013809000,282.877109
windows,ccm,encrypt,4096,19,100,1.454600,0.014546000,268.544617
windows,ccm,encrypt,4096,20,100,1.428600,0.014286000,273.432031
windows,ccm,encrypt,4096,21,100,1.596700,0.015967000,244.645206
windows,ccm,encrypt,4096,22,100,1.719100,0.017191000,227.226456
windows,ccm,encrypt,4096,23,100,1.512500,0.015125000,258.264463
windows,ccm,encrypt,4096,24,100,1.465700,0.014657000,266.510882
windows,ccm,encrypt,4096,25,100,1.430000,0.014300000,273.164336
windows,ccm,encrypt,4096,26,100,1.432800,0.014328000,272.630514
windows,ccm,encrypt,4096,27,100,1.454900,0.014549000,268.489243
windows,ccm,encrypt,4096,28,100,1.448200,0.014482000,269.731391
windows,ccm,encrypt,4096,29,100,1.422100,0.014221000,274.681809
windows,ccm,encrypt,4096,30,100,1.431600,0.014316000,272.859039
windows,ccm,decrypt,4096,1,100,1.479700,0.014797000,263.989322
windows,ccm,decrypt,4096,2,100,1.575600,0.015756000,247.921427
windows,ccm,decrypt,4096,3,100,1.575800,0.015758000,247.889961
windows,ccm,decrypt,4096,4,100,1.741100,0.017411000,224.355293
windows,ccm,decrypt,4096,5,100,1.518600,0.015186000,257.227051
windows,ccm,decrypt,4096,6,100,1.743800,0.017438000,224.007914
windows,ccm,decrypt,4096,7,100,1.559000,0.015590000,250.561257
windows,ccm,decrypt,4096,8,100,1.886600,0.018866000,207.052369
windows,ccm,decrypt,4096,9,100,1.455000,0.014550000,268.470790
windows,ccm,decrypt,4096,10,100,1.586900,0.015869000,246.156027
windows,ccm,decrypt,4096,11,100,1.603800,0.016038000,243.562165
windows,ccm,decrypt,4096,12,100,1.600900,0.016009000,244.003373
windows,ccm,decrypt,4096,13,100,1.675700,0.016757000,233.111535
windows,ccm,decrypt,4096,14,100,1.645900,0.016459000,237.332159
windows,ccm,decrypt,4096,15,100,1.607500,0.016075000,243.001555
windows,ccm,decrypt,4096,16,100,1.606900,0.016069000,243.092290
windows,ccm,decrypt,4096,17,100,1.612700,0.016127000,242.218019
windows,ccm,decrypt,4096,18,100,1.788400,0.017884000,218.421494
windows,ccm,decrypt,4096,19,100,1.710600,0.017106000,228.355548
windows,ccm,decrypt,4096,20,100,1.614500,0.016145000,241.947972
windows,ccm,decrypt,4096,21,100,1.611500,0.016115000,242.398387
windows,ccm,decrypt,4096,22,100,1.588200,0.015882000,245.954540
windows,ccm,decrypt,4096,23,100,1.708900,0.017089000,228.582714
windows,ccm,decrypt,4096,24,100,1.611200,0.016112000,242.443520
windows,ccm,decrypt,4096,25,100,1.605600,0.016056000,243.289113
windows,ccm,decrypt,4096,26,100,1.704000,0.017040000,229.240023
windows,ccm,decrypt,4096,27,100,1.783200,0.017832000,219.058434
windows,ccm,decrypt,4096,28,100,1.722900,0.017229000,226.725289
windows,ccm,decrypt,4096,29,100,1.589400,0.015894000,245.768844
windows,ccm,decrypt,4096,30,100,1.702000,0.017020000,229.509401
windows,ccm,encrypt,16384,1,100,4.272000,0.042720000,365.753745
windows,ccm,encrypt,16384,2,100,4.514800,0.045148000,346.083990
windows,ccm,encrypt,16384,3,100,4.657300,0.046573000,335.494815
windows,ccm,encrypt,16384,4,100,4.656400,0.046564000,335.559660
windows,ccm,encrypt,16384,5,100,4.807000,0.048070000,325.046807
windows,ccm,encrypt,16384,6,100,4.679900,0.046799000,333.874655
windows,ccm,encrypt,16384,7,100,4.637100,0.046371000,336.956287
windows,ccm,encrypt,16384,8,100,4.985200,0.049852000,313.427746
windows,ccm,encrypt,16384,9,100,4.901500,0.049015000,318.779965
windows,ccm,encrypt,16384,10,100,4.721200,0.047212000,330.953995
windows,ccm,encrypt,16384,11,100,4.982300,0.049823000,313.610180
windows,ccm,encrypt,16384,12,100,4.744700,0.047447000,329.314814
windows,ccm,encrypt,16384,13,100,4.675400,0.046754000,334.196005
windows,ccm,encrypt,16384,14,100,5.008000,0.050080000,312.000799
windows,ccm,encrypt,16384,15,100,4.545300,0.045453000,343.761688
windows,ccm,encrypt,16384,16,100,4.864500,0.048645000,321.204646
windows,ccm,encrypt,16384,17,100,4.705200,0.047052000,332.079402
windows,ccm,encrypt,16384,18,100,4.808500,0.048085000,324.945409
windows,ccm,encrypt,16384,19,100,4.841500,0.048415000,322.730559
windows,ccm,encrypt,16384,20,100,4.767400,0.047674000,327.746780
windows,ccm,encrypt,16384,21,100,4.955400,0.049554000,315.312588
windows,ccm,encrypt,16384,22,100,5.058600,0.050586000,308.879927
windows,ccm,encrypt,16384,23,100,4.767200,0.047672000,327.760530
windows,ccm,encrypt,16384,24,100,5.400000,0.054000000,289.351852
windows,ccm,encrypt,16384,25,100,4.379300,0.043793000,356.792181
windows,ccm,encrypt,16384,26,100,5.170400,0.051704000,302.200990
windows,ccm,encrypt,16384,27,100,4.875200,0.048752000,320.499672
windows,ccm,encrypt,16384,28,100,4.543200,0.045432000,343.920585
windows,ccm,encrypt,16384,29,100,4.787000,0.047870000,326.404846
windows,ccm,encrypt,16384,30,100,4.814700,0.048147000,324.526969
windows,ccm,decrypt,16384,1,100,5.005200,0.050052000,312.175338
windows,ccm,decrypt,16384,2,100,4.995300,0.049953000,312.794026
windows,ccm,decrypt,16384,3,100,4.566100,0.045661000,342.195747
windows,ccm,decrypt,16384,4,100,4.861600,0.048616000,321.396248
windows,ccm,decrypt,16384,5,100,5.300900,0.053009000,294.761267
windows,ccm,decrypt,16384,6,100,4.943200,0.049432000,316.090791
windows,ccm,decrypt,16384,7,100,4.979600,0.049796000,313.780223
windows,ccm,decrypt,16384,8,100,5.345100,0.053451000,292.323811
windows,ccm,decrypt,16384,9,100,5.003900,0.050039000,312.256440
windows,ccm,decrypt,16384,10,100,4.912800,0.049128000,318.046735
windows,ccm,decrypt,16384,11,100,5.061500,0.050615000,308.702954
windows,ccm,decrypt,16384,12,100,4.982600,0.049826000,313.591298
windows,ccm,decrypt,16384,13,100,4.990300,0.049903000,313.107428
windows,ccm,decrypt,16384,14,100,4.896300,0.048963000,319.118518
windows,ccm,decrypt,16384,15,100,5.045900,0.050459000,309.657346
windows,ccm,decrypt,16384,16,100,4.953200,0.049532000,315.452637
windows,ccm,decrypt,16384,17,100,4.798900,0.047989000,325.595449
windows,ccm,decrypt,16384,18,100,5.026300,0.050263000,310.864851
windows,ccm,decrypt,16384,19,100,4.926300,0.049263000,317.175162
windows,ccm,decrypt,16384,20,100,4.648700,0.046487000,336.115473
windows,ccm,decrypt,16384,21,100,5.594200,0.055942000,279.307140
windows,ccm,decrypt,16384,22,100,5.015300,0.050153000,311.546667
windows,ccm,decrypt,16384,23,100,4.915800,0.049158000,317.852638
windows,ccm,decrypt,16384,24,100,5.216700,0.052167000,299.518853
windows,ccm,decrypt,16384,25,100,4.904000,0.049040000,318.617455
windows,ccm,decrypt,16384,26,100,4.931500,0.049315000,316.840718
windows,ccm,decrypt,16384,27,100,5.166500,0.051665000,302.429111
windows,ccm,decrypt,16384,28,100,4.953700,0.049537000,315.420797
windows,ccm,decrypt,16384,29,100,4.878800,0.048788000,320.263179
windows,ccm,decrypt,16384,30,100,5.621800,0.056218000,277.935892
windows,ccm,encrypt,262144,1,100,70.864300,0.708643000,352.786946
windows,ccm,encrypt,262144,2,100,69.459700,0.694597000,359.920933
windows,ccm,encrypt,262144,3,100,72.520200,0.725202000,344.731537
windows,ccm,encrypt,262144,4,100,71.789000,0.717890000,348.242767
windows,ccm,encrypt,262144,5,100,70.001600,0.700016000,357.134694
windows,ccm,encrypt,262144,6,100,71.196500,0.711965000,351.140857
windows,ccm,encrypt,262144,7,100,70.406500,0.704065000,355.080852
windows,ccm,encrypt,262144,8,100,69.707300,0.697073000,358.642495
windows,ccm,encrypt,262144,9,100,68.571900,0.685719000,364.580827
windows,ccm,encrypt,262144,10,100,73.964900,0.739649000,337.998159
windows,ccm,encrypt,262144,11,100,70.616500,0.706165000,354.024909
windows,ccm,encrypt,262144,12,100,68.647400,0.686474000,364.179852
windows,ccm,encrypt,262144,13,100,73.422600,0.734226000,340.494616
windows,ccm,encrypt,262144,14,100,70.728000,0.707280000,353.466802
windows,ccm,encrypt,262144,15,100,69.694600,0.696946000,358.707848
windows,ccm,encrypt,262144,16,100,73.514300,0.735143000,340.069891
windows,ccm,encrypt,262144,17,100,70.242000,0.702420000,355.912417
windows,ccm,encrypt,262144,18,100,69.816600,0.698166000,358.081029
windows,ccm,encrypt,262144,19,100,69.602400,0.696024000,359.183017
windows,ccm,encrypt,262144,20,100,74.375500,0.743755000,336.132194
windows,ccm,encrypt,262144,21,100,69.319800,0.693198000,360.647319
windows,ccm,encrypt,262144,22,100,69.439100,0.694391000,360.027708
windows,ccm,encrypt,262144,23,100,69.594300,0.695943000,359.224822
windows,ccm,encrypt,262144,24,100,74.695100,0.746951000,334.693976
windows,ccm,encrypt,262144,25,100,74.205100,0.742051000,336.904067
windows,ccm,encrypt,262144,26,100,76.919600,0.769196000,325.014691
windows,ccm,encrypt,262144,27,100,70.853800,0.708538000,352.839227
windows,ccm,encrypt,262144,28,100,70.204000,0.702040000,356.105065
windows,ccm,encrypt,262144,29,100,69.451100,0.694511000,359.965501
windows,ccm,encrypt,262144,30,100,72.787700,0.727877000,343.464624
windows,ccm,decrypt,262144,1,100,74.175400,0.741754000,337.038964
windows,ccm,decrypt,262144,2,100,71.974200,0.719742000,347.346688
windows,ccm,decrypt,262144,3,100,71.333000,0.713330000,350.468927
windows,ccm,decrypt,262144,4,100,71.375100,0.713751000,350.262206
windows,ccm,decrypt,262144,5,100,76.239300,0.762393000,327.914868
windows,ccm,decrypt,262144,6,100,71.960200,0.719602000,347.414265
windows,ccm,decrypt,262144,7,100,71.644400,0.716444000,348.945626
windows,ccm,decrypt,262144,8,100,70.528000,0.705280000,354.469147
windows,ccm,decrypt,262144,9,100,76.039200,0.760392000,328.777788
windows,ccm,decrypt,262144,10,100,71.999500,0.719995000,347.224634
windows,ccm,decrypt,262144,11,100,71.836100,0.718361000,348.014438
windows,ccm,decrypt,262144,12,100,72.715100,0.727151000,343.807545
windows,ccm,decrypt,262144,13,100,71.250500,0.712505000,350.874731
windows,ccm,decrypt,262144,14,100,71.378600,0.713786000,350.245031
windows,ccm,decrypt,262144,15,100,73.122000,0.731220000,341.894368
windows,ccm,decrypt,262144,16,100,72.395000,0.723950000,345.327716
windows,ccm,decrypt,262144,17,100,71.236600,0.712366000,350.943195
windows,ccm,decrypt,262144,18,100,70.511600,0.705116000,354.551592
windows,ccm,decrypt,262144,19,100,75.776800,0.757768000,329.916280
windows,ccm,decrypt,262144,20,100,72.261100,0.722611000,345.967609
windows,ccm,decrypt,262144,21,100,71.601900,0.716019000,349.152746
windows,ccm,decrypt,262144,22,100,75.259400,0.752594000,332.184418
windows,ccm,decrypt,262144,23,100,72.048900,0.720489000,346.986561
windows,ccm,decrypt,262144,24,100,69.933600,0.699336000,357.481954
windows,ccm,decrypt,262144,25,100,73.743400,0.737434000,339.013390
windows,ccm,decrypt,262144,26,100,71.636400,0.716364000,348.984594
windows,ccm,decrypt,262144,27,100,72.123900,0.721239000,346.625737
windows,ccm,decrypt,262144,28,100,74.575400,0.745754000,335.231189
windows,ccm,decrypt,262144,29,100,72.233100,0.722331000,346.101718
windows,ccm,decrypt,262144,30,100,70.978700,0.709787000,352.218342
windows,ccm,encrypt,1048576,1,100,377.234500,3.772345000,265.087101
windows,ccm,encrypt,1048576,2,100,392.801900,3.928019000,254.581253
windows,ccm,encrypt,1048576,3,100,415.896500,4.158965000,240.444437
windows,ccm,encrypt,1048576,4,100,413.466500,4.134665000,241.857563
windows,ccm,encrypt,1048576,5,100,377.456300,3.774563000,264.931331
windows,ccm,encrypt,1048576,6,100,379.793100,3.797931000,263.301255
windows,ccm,encrypt,1048576,7,100,393.072100,3.930721000,254.406253
windows,ccm,encrypt,1048576,8,100,378.047600,3.780476000,264.516955
windows,ccm,encrypt,1048576,9,100,382.986500,3.829865000,261.105809
windows,ccm,encrypt,1048576,10,100,382.885900,3.828859000,261.174413
windows,ccm,encrypt,1048576,11,100,372.554800,3.725548000,268.416888
windows,ccm,encrypt,1048576,12,100,393.306200,3.933062000,254.254827
windows,ccm,encrypt,1048576,13,100,382.914400,3.829144000,261.154974
windows,ccm,encrypt,1048576,14,100,417.802700,4.178027000,239.347424
windows,ccm,encrypt,1048576,15,100,409.267200,4.092672000,244.339151
windows,ccm,encrypt,1048576,16,100,428.475100,4.284751000,233.385791
windows,ccm,encrypt,1048576,17,100,433.332500,4.333325000,230.769675
windows,ccm,encrypt,1048576,18,100,438.445200,4.384452000,228.078674
windows,ccm,encrypt,1048576,19,100,433.881700,4.338817000,230.477570
windows,ccm,encrypt,1048576,20,100,453.733900,4.537339000,220.393495
windows,ccm,encrypt,1048576,21,100,479.217100,4.792171000,208.673689
windows,ccm,encrypt,1048576,22,100,422.838500,4.228385000,236.496913
windows,ccm,encrypt,1048576,23,100,427.322300,4.273223000,234.015402
windows,ccm,encrypt,1048576,24,100,431.707700,4.317077000,231.638213
windows,ccm,encrypt,1048576,25,100,438.881000,4.388810000,227.852197
windows,ccm,encrypt,1048576,26,100,438.381400,4.383814000,228.111868
windows,ccm,encrypt,1048576,27,100,430.288000,4.302880000,232.402484
windows,ccm,encrypt,1048576,28,100,428.518500,4.285185000,233.362154
windows,ccm,encrypt,1048576,29,100,418.263000,4.182630000,239.084021
windows,ccm,encrypt,1048576,30,100,414.186100,4.141861000,241.437364
windows,ccm,decrypt,1048576,1,100,416.071400,4.160714000,240.343364
windows,ccm,decrypt,1048576,2,100,452.438100,4.524381000,221.024710
windows,ccm,decrypt,1048576,3,100,420.200200,4.202002000,237.981800
windows,ccm,decrypt,1048576,4,100,425.765000,4.257650000,234.871349
windows,ccm,decrypt,1048576,5,100,418.558200,4.185582000,238.915401
windows,ccm,decrypt,1048576,6,100,459.303300,4.593033000,217.721057
windows,ccm,decrypt,1048576,7,100,459.077300,4.590773000,217.828239
windows,ccm,decrypt,1048576,8,100,440.997900,4.409979000,226.758449
windows,ccm,decrypt,1048576,9,100,434.934700,4.349347000,229.919572
windows,ccm,decrypt,1048576,10,100,427.715300,4.277153000,233.800381
windows,ccm,decrypt,1048576,11,100,403.586800,4.035868000,247.778173
windows,ccm,decrypt,1048576,12,100,411.476300,4.114763000,243.027363
windows,ccm,decrypt,1048576,13,100,428.495100,4.284951000,233.374897
windows,ccm,decrypt,1048576,14,100,463.992100,4.639921000,215.520911
windows,ccm,decrypt,1048576,15,100,420.007700,4.200077000,238.090873
windows,ccm,decrypt,1048576,16,100,412.295800,4.122958000,242.544309
windows,ccm,decrypt,1048576,17,100,410.808200,4.108082000,243.422600
windows,ccm,decrypt,1048576,18,100,414.789000,4.147890000,241.086432
windows,ccm,decrypt,1048576,19,100,423.124800,4.231248000,236.336892
windows,ccm,decrypt,1048576,20,100,408.800100,4.088001000,244.618335
windows,ccm,decrypt,1048576,21,100,415.222100,4.152221000,240.834965
windows,ccm,decrypt,1048576,22,100,418.479400,4.184794000,238.960388
windows,ccm,decrypt,1048576,23,100,418.464200,4.184642000,238.969068
windows,ccm,decrypt,1048576,24,100,421.048100,4.210481000,237.502556
windows,ccm,decrypt,1048576,25,100,430.427300,4.304273000,232.327271
windows,ccm,decrypt,1048576,26,100,426.871500,4.268715000,234.262536
windows,ccm,decrypt,1048576,27,100,439.741300,4.397413000,227.406432
windows,ccm,decrypt,1048576,28,100,417.167300,4.171673000,239.711981
windows,ccm,decrypt,1048576,29,100,422.078000,4.220780000,236.923033
windows,ccm,decrypt,1048576,30,100,422.643300,4.226433000,236.606140
windows,ccm,encrypt,8388608,1,100,3633.114500,36.331145000,220.196749
windows,ccm,encrypt,8388608,2,100,3128.385300,31.283853000,255.722976
windows,ccm,encrypt,8388608,3,100,3822.488500,38.224885000,209.287745
windows,ccm,encrypt,8388608,4,100,3688.791500,36.887915000,216.873195
windows,ccm,encrypt,8388608,5,100,4043.884600,40.438846000,197.829582
windows,ccm,encrypt,8388608,6,100,3797.444400,37.974444000,210.667996
windows,ccm,encrypt,8388608,7,100,3728.108700,37.281087000,214.586018
windows,ccm,encrypt,8388608,8,100,3786.903900,37.869039000,211.254371
windows,ccm,encrypt,8388608,9,100,3744.841500,37.448415000,213.627199
windows,ccm,encrypt,8388608,10,100,3737.811700,37.378117000,214.028973
windows,ccm,encrypt,8388608,11,100,3785.098100,37.850981000,211.355156
windows,ccm,encrypt,8388608,12,100,3231.108200,32.311082000,247.593070
windows,ccm,encrypt,8388608,13,100,3446.481300,34.464813000,232.120801
windows,ccm,encrypt,8388608,14,100,3263.818300,32.638183000,245.111684
windows,ccm,encrypt,8388608,15,100,3210.968300,32.109683000,249.146029
windows,ccm,encrypt,8388608,16,100,3262.033800,32.620338000,245.245773
windows,ccm,encrypt,8388608,17,100,3368.331700,33.683317000,237.506300
windows,ccm,encrypt,8388608,18,100,2982.350000,29.823500000,268.244840
windows,ccm,encrypt,8388608,19,100,3132.312100,31.323121000,255.402391
windows,ccm,encrypt,8388608,20,100,3522.137200,35.221372000,227.134820
windows,ccm,encrypt,8388608,21,100,3912.944700,39.129447000,204.449605
windows,ccm,encrypt,8388608,22,100,3900.312000,39.003120000,205.111796
windows,ccm,encrypt,8388608,23,100,3753.144400,37.531444000,213.154602
windows,ccm,encrypt,8388608,24,100,3749.162400,37.491624000,213.380994
windows,ccm,encrypt,8388608,25,100,3198.715600,31.987156000,250.100384
windows,ccm,encrypt,8388608,26,100,3388.539000,33.885390000,236.089949
windows,ccm,encrypt,8388608,27,100,3813.915000,38.139150000,209.758214
windows,ccm,encrypt,8388608,28,100,3767.106200,37.671062000,212.364600
windows,ccm,encrypt,8388608,29,100,3747.036900,37.470369000,213.502034
windows,ccm,encrypt,8388608,30,100,3780.593500,37.805935000,211.606987
windows,ccm,decrypt,8388608,1,100,3619.057400,36.190574000,221.052034
windows,ccm,decrypt,8388608,2,100,3319.619400,33.196194000,240.991482
windows,ccm,decrypt,8388608,3,100,3245.162700,32.451627000,246.520768
windows,ccm,decrypt,8388608,4,100,3342.969600,33.429696000,239.308189
windows,ccm,decrypt,8388608,5,100,3145.589100,31.455891000,254.324381
windows,ccm,decrypt,8388608,6,100,3000.113300,30.001133000,266.656596
windows,ccm,decrypt,8388608,7,100,3027.411200,30.274112000,264.252177
windows,ccm,decrypt,8388608,8,100,3120.173900,31.201739000,256.395966
windows,ccm,decrypt,8388608,9,100,2758.994000,27.589940000,289.960761
windows,ccm,decrypt,8388608,10,100,2871.189800,28.711898000,278.630134
windows,ccm,decrypt,8388608,11,100,3581.890300,35.818903000,223.345757
windows,ccm,decrypt,8388608,12,100,3260.042000,32.600420000,245.395611
windows,ccm,decrypt,8388608,13,100,3088.002700,30.880027000,259.067131
windows,ccm,decrypt,8388608,14,100,2935.178100,29.351781000,272.555863
windows,ccm,decrypt,8388608,15,100,2954.912500,29.549125000,270.735597
windows,ccm,decrypt,8388608,16,100,2852.683000,28.526830000,280.437749
windows,ccm,decrypt,8388608,17,100,2740.967100,27.409671000,291.867786
windows,ccm,decrypt,8388608,18,100,3529.706900,35.297069000,226.647714
windows,ccm,decrypt,8388608,19,100,3573.081300,35.730813000,223.896389
windows,ccm,decrypt,8388608,20,100,3173.517500,31.735175000,252.086210
windows,ccm,decrypt,8388608,21,100,3216.490500,32.164905000,248.718285
windows,ccm,decrypt,8388608,22,100,2924.548300,29.245483000,273.546517
windows,ccm,decrypt,8388608,23,100,2679.251400,26.792514000,298.590868
windows,ccm,decrypt,8388608,24,100,2622.145500,26.221455000,305.093672
windows,ccm,decrypt,8388608,25,100,2662.043000,26.620430000,300.521066
windows,ccm,decrypt,8388608,26,100,2630.495800,26.304958000,304.125177
windows,ccm,decrypt,8388608,27,100,2644.240300,26.442403000,302.544364
windows,ccm,decrypt,8388608,28,100,2620.265400,26.202654000,305.312584
windows,ccm,decrypt,8388608,29,100,2641.684400,26.416844000,302.837084
windows,ccm,decrypt,8388608,30,100,2624.184100,26.241841000,304.856660
windows,xts,encrypt,1024,1,100,1.075400,0.010754000,90.809234
windows,xts,encrypt,1024,2,100,0.875500,0.008755000,111.543404
windows,xts,encrypt,1024,3,100,0.573200,0.005732000,170.370290
windows,xts,encrypt,1024,4,100,0.588900,0.005889000,165.828239
windows,xts,encrypt,1024,5,100,0.558100,0.005581000,174.979842
windows,xts,encrypt,1024,6,100,0.702000,0.007020000,139.111467
windows,xts,encrypt,1024,7,100,0.617100,0.006171000,158.250284
windows,xts,encrypt,1024,8,100,0.571800,0.005718000,170.787426
windows,xts,encrypt,1024,9,100,0.569700,0.005697000,171.416974
windows,xts,encrypt,1024,10,100,0.555300,0.005553000,175.862147
windows,xts,encrypt,1024,11,100,0.626000,0.006260000,156.000399
windows,xts,encrypt,1024,12,100,0.590300,0.005903000,165.434948
windows,xts,encrypt,1024,13,100,0.528800,0.005288000,184.675208
windows,xts,encrypt,1024,14,100,0.694800,0.006948000,140.553037
windows,xts,encrypt,1024,15,100,0.667400,0.006674000,146.323419
windows,xts,encrypt,1024,16,100,0.530500,0.005305000,184.083412
windows,xts,encrypt,1024,17,100,0.510700,0.005107000,191.220384
windows,xts,encrypt,1024,18,100,0.495700,0.004957000,197.006758
windows,xts,encrypt,1024,19,100,0.488900,0.004889000,199.746881
windows,xts,encrypt,1024,20,100,0.485700,0.004857000,201.062899
windows,xts,encrypt,1024,21,100,0.496400,0.004964000,196.728948
windows,xts,encrypt,1024,22,100,0.489500,0.004895000,199.502043
windows,xts,encrypt,1024,23,100,0.487100,0.004871000,200.485013
windows,xts,encrypt,1024,24,100,0.484900,0.004849000,201.394617
windows,xts,encrypt,1024,25,100,0.494800,0.004948000,197.365097
windows,xts,encrypt,1024,26,100,0.487600,0.004876000,200.279430
windows,xts,encrypt,1024,27,100,0.484000,0.004840000,201.769112
windows,xts,encrypt,1024,28,100,0.674000,0.006740000,144.890579
windows,xts,encrypt,1024,29,100,0.573000,0.005730000,170.429756
windows,xts,encrypt,1024,30,100,0.512700,0.005127000,190.474449
windows,xts,decrypt,1024,1,100,0.473300,0.004733000,206.330551
windows,xts,decrypt,1024,2,100,0.468600,0.004686000,208.400021
windows,xts,decrypt,1024,3,100,0.473000,0.004730000,206.461416
windows,xts,decrypt,1024,4,100,0.490300,0.004903000,199.176525
windows,xts,decrypt,1024,5,100,0.481100,0.004811000,202.985346
windows,xts,decrypt,1024,6,100,0.478600,0.004786000,204.045654
windows,xts,decrypt,1024,7,100,0.470400,0.004704000,207.602572
windows,xts,decrypt,1024,8,100,0.482000,0.004820000,202.606328
windows,xts,decrypt,1024,9,100,0.506100,0.005061000,192.958407
windows,xts,decrypt,1024,10,100,0.485600,0.004856000,201.104304
windows,xts,decrypt,1024,11,100,0.474700,0.004747000,205.722035
windows,xts,decrypt,1024,12,100,0.476400,0.004764000,204.987930
windows,xts,decrypt,1024,13,100,0.487100,0.004871000,200.485013
windows,xts,decrypt,1024,14,100,0.479400,0.004794000,203.705152
windows,xts,decrypt,1024,15,100,0.721000,0.007210000,135.445562
windows,xts,decrypt,1024,16,100,0.643600,0.006436000,151.734385
windows,xts,decrypt,1024,17,100,0.508100,0.005081000,192.198878
windows,xts,decrypt,1024,18,100,0.511200,0.005112000,191.033353
windows,xts,decrypt,1024,19,100,0.486700,0.004867000,200.649784
windows,xts,decrypt,1024,20,100,0.483200,0.004832000,202.103166
windows,xts,decrypt,1024,21,100,0.631800,0.006318000,154.568297
windows,xts,decrypt,1024,22,100,0.552800,0.005528000,176.657471
windows,xts,decrypt,1024,23,100,0.506100,0.005061000,192.958407
windows,xts,decrypt,1024,24,100,0.496900,0.004969000,196.530992
windows,xts,decrypt,1024,25,100,0.488500,0.004885000,199.910440
windows,xts,decrypt,1024,26,100,0.487700,0.004877000,200.238364
windows,xts,decrypt,1024,27,100,0.478400,0.004784000,204.130957
windows,xts,decrypt,1024,28,100,0.477600,0.004776000,204.472885
windows,xts,decrypt,1024,29,100,0.471000,0.004710000,207.338110
windows,xts,decrypt,1024,30,100,0.488800,0.004888000,199.787745
windows,xts,encrypt,4096,1,100,0.901600,0.009016000,433.257542
windows,xts,encrypt,4096,2,100,1.135800,0.011358000,343.920585
windows,xts,encrypt,4096,3,100,1.346500,0.013465000,290.103973
windows,xts,encrypt,4096,4,100,0.979400,0.009794000,398.841127
windows,xts,encrypt,4096,5,100,0.935500,0.009355000,417.557456
windows,xts,encrypt,4096,6,100,0.930100,0.009301000,419.981722
windows,xts,encrypt,4096,7,100,0.919300,0.009193000,424.915697
windows,xts,encrypt,4096,8,100,0.928100,0.009281000,420.886758
windows,xts,encrypt,4096,9,100,0.961100,0.009611000,406.435335
windows,xts,encrypt,4096,10,100,0.936800,0.009368000,416.978010
windows,xts,encrypt,4096,11,100,0.919500,0.009195000,424.823274
windows,xts,encrypt,4096,12,100,0.916600,0.009166000,426.167358
windows,xts,encrypt,4096,13,100,0.870000,0.008700000,448.994253
windows,xts,encrypt,4096,14,100,0.847100,0.008471000,461.132098
windows,xts,encrypt,4096,15,100,0.870600,0.008706000,448.684815
windows,xts,encrypt,4096,16,100,0.859700,0.008597000,454.373619
windows,xts,encrypt,4096,17,100,0.863000,0.008630000,452.636153
windows,xts,encrypt,4096,18,100,1.169200,0.011692000,334.095963
windows,xts,encrypt,4096,19,100,1.527600,0.015276000,255.711574
windows,xts,encrypt,4096,20,100,0.855100,0.008551000,456.817916
windows,xts,encrypt,4096,21,100,0.855700,0.008557000,456.497604
windows,xts,encrypt,4096,22,100,0.844600,0.008446000,462.497040
windows,xts,encrypt,4096,23,100,0.849700,0.008497000,459.721078
windows,xts,encrypt,4096,24,100,0.970800,0.009708000,402.374330
windows,xts,encrypt,4096,25,100,0.876200,0.008762000,445.817165
windows,xts,encrypt,4096,26,100,0.903400,0.009034000,432.394288
windows,xts,encrypt,4096,27,100,0.856900,0.008569000,455.858327
windows,xts,encrypt,4096,28,100,0.853800,0.008538000,457.513469
windows,xts,encrypt,4096,29,100,0.844000,0.008440000,462.825829
windows,xts,encrypt,4096,30,100,0.848200,0.008482000,460.534072
windows,xts,decrypt,4096,1,100,0.834300,0.008343000,468.206880
windows,xts,decrypt,4096,2,100,0.798300,0.007983000,489.321057
windows,xts,decrypt,4096,3,100,0.835000,0.008350000,467.814371
windows,xts,decrypt,4096,4,100,0.810300,0.008103000,482.074540
windows,xts,decrypt,4096,5,100,0.813100,0.008131000,480.414463
windows,xts,decrypt,4096,6,100,0.808000,0.008080000,483.446782
windows,xts,decrypt,4096,7,100,0.788100,0.007881000,495.654105
windows,xts,decrypt,4096,8,100,0.867900,0.008679000,450.080654
windows,xts,decrypt,4096,9,100,0.832600,0.008326000,469.162863
windows,xts,decrypt,4096,10,100,0.824400,0.008244000,473.829452
windows,xts,decrypt,4096,11,100,0.810700,0.008107000,481.836684
windows,xts,decrypt,4096,12,100,0.816600,0.008166000,478.355376
windows,xts,decrypt,4096,13,100,0.910700,0.009107000,428.928297
windows,xts,decrypt,4096,14,100,0.875300,0.008753000,446.275563
windows,xts,decrypt,4096,15,100,0.850700,0.008507000,459.180675
windows,xts,decrypt,4096,16,100,0.817700,0.008177000,477.711875
windows,xts,decrypt,4096,17,100,0.816100,0.008161000,478.648450
windows,xts,decrypt,4096,18,100,0.814800,0.008148000,479.412126
windows,xts,decrypt,4096,19,100,0.809900,0.008099000,482.312631
windows,xts,decrypt,4096,20,100,0.825500,0.008255000,473.198062
windows,xts,decrypt,4096,21,100,0.819300,0.008193000,476.778958
windows,xts,decrypt,4096,22,100,0.815400,0.008154000,479.059357
windows,xts,decrypt,4096,23,100,0.800500,0.008005000,487.976265
windows,xts,decrypt,4096,24,100,0.810300,0.008103000,482.074540
windows,xts,decrypt,4096,25,100,0.811500,0.008115000,481.361676
windows,xts,decrypt,4096,26,100,0.794800,0.007948000,491.475843
windows,xts,decrypt,4096,27,100,0.868900,0.008689000,449.562665
windows,xts,decrypt,4096,28,100,0.822900,0.008229000,474.693158
windows,xts,decrypt,4096,29,100,0.812700,0.008127000,480.650917
windows,xts,decrypt,4096,30,100,0.797100,0.007971000,490.057709
windows,xts,encrypt,16384,1,100,2.423400,0.024234000,644.755302
windows,xts,encrypt,16384,2,100,2.370100,0.023701000,659.254884
windows,xts,encrypt,16384,3,100,2.337400,0.023374000,668.477796
windows,xts,encrypt,16384,4,100,2.893500,0.028935000,540.003456
windows,xts,encrypt,16384,5,100,2.580900,0.025809000,605.408966
windows,xts,encrypt,16384,6,100,2.366700,0.023667000,660.201969
windows,xts,encrypt,16384,7,100,2.333900,0.023339000,669.480269
windows,xts,encrypt,16384,8,100,3.144600,0.031446000,496.883546
windows,xts,encrypt,16384,9,100,2.628900,0.026289000,594.355053
windows,xts,encrypt,16384,10,100,2.666700,0.026667000,585.930176
windows,xts,encrypt,16384,11,100,2.395400,0.023954000,652.291893
windows,xts,encrypt,16384,12,100,2.351700,0.023517000,664.412978
windows,xts,encrypt,16384,13,100,2.339500,0.023395000,667.877752
windows,xts,encrypt,16384,14,100,2.367800,0.023678000,659.895261
windows,xts,encrypt,16384,15,100,2.355100,0.023551000,663.453781
windows,xts,encrypt,16384,16,100,3.044300,0.030443000,513.254278
windows,xts,encrypt,16384,17,100,4.933200,0.049332000,316.731533
windows,xts,encrypt,16384,18,100,5.248800,0.052488000,297.687090
windows,xts,encrypt,16384,19,100,2.640900,0.026409000,591.654360
windows,xts,encrypt,16384,20,100,2.390400,0.023904000,653.656292
windows,xts,encrypt,16384,21,100,2.658500,0.026585000,587.737446
windows,xts,encrypt,16384,22,100,2.374000,0.023740000,658.171862
windows,xts,encrypt,16384,23,100,2.339400,0.023394000,667.906301
windows,xts,encrypt,16384,24,100,2.336400,0.023364000,668.763910
windows,xts,encrypt,16384,25,100,2.369300,0.023693000,659.477483
windows,xts,encrypt,16384,26,100,2.360600,0.023606000,661.907989
windows,xts,encrypt,16384,27,100,2.895800,0.028958000,539.574556
windows,xts,encrypt,16384,28,100,3.010500,0.030105000,519.016775
windows,xts,encrypt,16384,29,100,2.379100,0.023791000,656.760960
windows,xts,encrypt,16384,30,100,2.334200,0.023342000,669.394225
windows,xts,decrypt,16384,1,100,2.194300,0.021943000,712.072187
windows,xts,decrypt,16384,2,100,2.287500,0.022875000,683.060109
windows,xts,decrypt,16384,3,100,2.373400,0.023734000,658.338249
windows,xts,decrypt,16384,4,100,2.291700,0.022917000,681.808265
windows,xts,decrypt,16384,5,100,2.442500,0.024425000,639.713408
windows,xts,decrypt,16384,6,100,2.254000,0.022540000,693.212067
windows,xts,decrypt,16384,7,100,2.616300,0.026163000,597.217444
windows,xts,decrypt,16384,8,100,2.291200,0.022912000,681.957053
windows,xts,decrypt,16384,9,100,2.240200,0.022402000,697.482368
windows,xts,decrypt,16384,10,100,2.229500,0.022295000,700.829782
windows,xts,decrypt,16384,11,100,2.186200,0.021862000,714.710456
windows,xts,decrypt,16384,12,100,2.195300,0.021953000,711.747825
windows,xts,decrypt,16384,13,100,2.163400,0.021634000,722.242766
windows,xts,decrypt,16384,14,100,3.591600,0.035916000,435.042878
windows,xts,decrypt,16384,15,100,2.275500,0.022755000,686.662272
windows,xts,decrypt,16384,16,100,2.274200,0.022742000,687.054788
windows,xts,decrypt,16384,17,100,2.248700,0.022487000,694.845911
windows,xts,decrypt,16384,18,100,2.181700,0.021817000,716.184627
windows,xts,decrypt,16384,19,100,2.193800,0.021938000,712.234479
windows,xts,decrypt,16384,20,100,2.391100,0.023911000,653.464932
windows,xts,decrypt,16384,21,100,2.220700,0.022207000,703.606971
windows,xts,decrypt,16384,22,100,2.215600,0.022156000,705.226575
windows,xts,decrypt,16384,23,100,2.224800,0.022248000,702.310320
windows,xts,decrypt,16384,24,100,2.190100,0.021901000,713.437743
windows,xts,decrypt,16384,25,100,2.200900,0.022009000,709.936844
windows,xts,decrypt,16384,26,100,2.203900,0.022039000,708.970461
windows,xts,decrypt,16384,27,100,2.439600,0.024396000,640.473848
windows,xts,decrypt,16384,28,100,2.273400,0.022734000,687.296560
windows,xts,decrypt,16384,29,100,2.580500,0.025805000,605.502810
windows,xts,decrypt,16384,30,100,2.524500,0.025245000,618.934442
windows,xts,encrypt,262144,1,100,33.145000,0.331450000,754.261578
windows,xts,encrypt,262144,2,100,33.360000,0.333600000,749.400480
windows,xts,encrypt,262144,3,100,32.752500,0.327525000,763.300511
windows,xts,encrypt,262144,4,100,33.059800,0.330598000,756.205422
windows,xts,encrypt,262144,5,100,32.694900,0.326949000,764.645250
windows,xts,encrypt,262144,6,100,39.255600,0.392556000,636.851812
windows,xts,encrypt,262144,7,100,33.410100,0.334101000,748.276719
windows,xts,encrypt,262144,8,100,34.258300,0.342583000,729.750163
windows,xts,encrypt,262144,9,100,32.713000,0.327130000,764.222175
windows,xts,encrypt,262144,10,100,32.162300,0.321623000,777.307593
windows,xts,encrypt,262144,11,100,33.147700,0.331477000,754.200141
windows,xts,encrypt,262144,12,100,32.782000,0.327820000,762.613629
windows,xts,encrypt,262144,13,100,41.002200,0.410022000,609.723381
windows,xts,encrypt,262144,14,100,32.407500,0.324075000,771.426367
windows,xts,encrypt,262144,15,100,34.429100,0.344291000,726.129931
windows,xts,encrypt,262144,16,100,34.451400,0.344514000,725.659915
windows,xts,encrypt,262144,17,100,33.389000,0.333890000,748.749588
windows,xts,encrypt,262144,18,100,33.120800,0.331208000,754.812686
windows,xts,encrypt,262144,19,100,39.101900,0.391019000,639.355121
windows,xts,encrypt,262144,20,100,33.970300,0.339703000,735.936980
windows,xts,encrypt,262144,21,100,38.324100,0.383241000,652.331040
windows,xts,encrypt,262144,22,100,32.950000,0.329500000,758.725341
windows,xts,encrypt,262144,23,100,33.067700,0.330677000,756.024761
windows,xts,encrypt,262144,24,100,32.734200,0.327342000,763.727233
windows,xts,encrypt,262144,25,100,33.552500,0.335525000,745.100961
windows,xts,encrypt,262144,26,100,33.341100,0.333411000,749.825291
windows,xts,encrypt,262144,27,100,39.586800,0.395868000,631.523639
windows,xts,encrypt,262144,28,100,33.849900,0.338499000,738.554619
windows,xts,encrypt,262144,29,100,41.041700,0.410417000,609.136561
windows,xts,encrypt,262144,30,100,38.635500,0.386355000,647.073288
windows,xts,decrypt,262144,1,100,44.705600,0.447056000,559.214058
windows,xts,decrypt,262144,2,100,36.305600,0.363056000,688.599004
windows,xts,decrypt,262144,3,100,33.555400,0.335554000,745.036566
windows,xts,decrypt,262144,4,100,32.713500,0.327135000,764.210494
windows,xts,decrypt,262144,5,100,33.455100,0.334551000,747.270222
windows,xts,decrypt,262144,6,100,33.144700,0.331447000,754.268405
windows,xts,decrypt,262144,7,100,39.807500,0.398075000,628.022358
windows,xts,decrypt,262144,8,100,33.301100,0.333011000,750.725952
windows,xts,decrypt,262144,9,100,34.043800,0.340438000,734.348105
windows,xts,decrypt,262144,10,100,33.770800,0.337708000,740.284506
windows,xts,decrypt,262144,11,100,33.447300,0.334473000,747.444487
windows,xts,decrypt,262144,12,100,33.912200,0.339122000,737.197823
windows,xts,decrypt,262144,13,100,38.269800,0.382698000,653.256615
windows,xts,decrypt,262144,14,100,45.379000,0.453790000,550.915622
windows,xts,decrypt,262144,15,100,35.590000,0.355900000,702.444507
windows,xts,decrypt,262144,16,100,34.510000,0.345100000,724.427702
windows,xts,decrypt,262144,17,100,33.798300,0.337983000,739.682173
windows,xts,decrypt,262144,18,100,34.012900,0.340129000,735.015244
windows,xts,decrypt,262144,19,100,33.445800,0.334458000,747.478009
windows,xts,decrypt,262144,20,100,39.101400,0.391014000,639.363296
windows,xts,decrypt,262144,21,100,33.758900,0.337589000,740.545456
windows,xts,decrypt,262144,22,100,33.948000,0.339480000,736.420408
windows,xts,decrypt,262144,23,100,34.193300,0.341933000,731.137387
windows,xts,decrypt,262144,24,100,32.993500,0.329935000,757.725006
windows,xts,decrypt,262144,25,100,33.851900,0.338519000,738.510985
windows,xts,decrypt,262144,26,100,34.408100,0.344081000,726.573103
windows,xts,decrypt,262144,27,100,33.562500,0.335625000,744.878957
windows,xts,decrypt,262144,28,100,38.824200,0.388242000,643.928272
windows,xts,decrypt,262144,29,100,33.778900,0.337789000,740.106990
windows,xts,decrypt,262144,30,100,35.257600,0.352576000,709.066981
windows,xts,encrypt,1048576,1,100,187.842500,1.878425000,532.360887
windows,xts,encrypt,1048576,2,100,187.755500,1.877555000,532.607567
windows,xts,encrypt,1048576,3,100,205.666300,2.056663000,486.224530
windows,xts,encrypt,1048576,4,100,187.130700,1.871307000,534.385860
windows,xts,encrypt,1048576,5,100,187.931600,1.879316000,532.108491
windows,xts,encrypt,1048576,6,100,191.013000,1.910130000,523.524577
windows,xts,encrypt,1048576,7,100,189.479900,1.894799000,527.760464
windows,xts,encrypt,1048576,8,100,198.786200,1.987862000,503.053029
windows,xts,encrypt,1048576,9,100,185.822300,1.858223000,538.148543
windows,xts,encrypt,1048576,10,100,187.497400,1.874974000,533.340729
windows,xts,encrypt,1048576,11,100,187.471900,1.874719000,533.413274
windows,xts,encrypt,1048576,12,100,191.845000,1.918450000,521.254137
windows,xts,encrypt,1048576,13,100,187.945500,1.879455000,532.069137
windows,xts,encrypt,1048576,14,100,181.780800,1.817808000,550.113103
windows,xts,encrypt,1048576,15,100,185.891100,1.858911000,537.949369
windows,xts,encrypt,1048576,16,100,188.189300,1.881893000,531.379839
windows,xts,encrypt,1048576,17,100,195.022100,1.950221000,512.762400
windows,xts,encrypt,1048576,18,100,190.165200,1.901652000,525.858569
windows,xts,encrypt,1048576,19,100,189.248500,1.892485000,528.405773
windows,xts,encrypt,1048576,20,100,182.041300,1.820413000,549.325895
windows,xts,encrypt,1048576,21,100,203.821300,2.038213000,490.625857
windows,xts,encrypt,1048576,22,100,197.273100,1.972731000,506.911485
windows,xts,encrypt,1048576,23,100,187.303200,1.873032000,533.893708
windows,xts,encrypt,1048576,24,100,192.556500,1.925565000,519.328093
windows,xts,encrypt,1048576,25,100,200.796500,2.007965000,498.016649
windows,xts,encrypt,1048576,26,100,185.937600,1.859376000,537.814837
windows,xts,encrypt,1048576,27,100,197.500100,1.975001000,506.328858
windows,xts,encrypt,1048576,28,100,189.252500,1.892525000,528.394605
windows,xts,encrypt,1048576,29,100,197.342500,1.973425000,506.733218
windows,xts,encrypt,1048576,30,100,181.616600,1.816166000,550.610462
windows,xts,decrypt,1048576,1,100,194.386200,1.943862000,514.439811
windows,xts,decrypt,1048576,2,100,191.982100,1.919821000,520.881895
windows,xts,decrypt,1048576,3,100,192.492300,1.924923000,519.501300
windows,xts,decrypt,1048576,4,100,191.227500,1.912275000,522.937339
windows,xts,decrypt,1048576,5,100,197.692100,1.976921000,505.837107
windows,xts,decrypt,1048576,6,100,192.760300,1.927603000,518.779022
windows,xts,decrypt,1048576,7,100,198.369200,1.983692000,504.110517
windows,xts,decrypt,1048576,8,100,202.030300,2.020303000,494.975259
windows,xts,decrypt,1048576,9,100,194.780400,1.947804000,513.398679
windows,xts,decrypt,1048576,10,100,189.738100,1.897381000,527.042276
windows,xts,decrypt,1048576,11,100,225.217900,2.252179000,444.014441
windows,xts,decrypt,1048576,12,100,235.700200,2.357002000,424.267777
windows,xts,decrypt,1048576,13,100,219.471200,2.194712000,455.640649
windows,xts,decrypt,1048576,14,100,216.521000,2.165210000,461.848966
windows,xts,decrypt,1048576,15,100,211.714000,2.117140000,472.335320
windows,xts,decrypt,1048576,16,100,222.683100,2.226831000,449.068654
windows,xts,decrypt,1048576,17,100,228.796700,2.287967000,437.069241
windows,xts,decrypt,1048576,18,100,225.625000,2.256250000,443.213296
windows,xts,decrypt,1048576,19,100,209.830500,2.098305000,476.575140
windows,xts,decrypt,1048576,20,100,210.156700,2.101567000,475.835412
windows,xts,decrypt,1048576,21,100,206.095800,2.060958000,485.211246
windows,xts,decrypt,1048576,22,100,249.973900,2.499739000,400.041764
windows,xts,decrypt,1048576,23,100,204.220700,2.042207000,489.666327
windows,xts,decrypt,1048576,24,100,194.316400,1.943164000,514.624602
windows,xts,decrypt,1048576,25,100,192.504700,1.925047000,519.467836
windows,xts,decrypt,1048576,26,100,194.505000,1.945050000,514.125601
windows,xts,decrypt,1048576,27,100,195.759400,1.957594000,510.831153
windows,xts,decrypt,1048576,28,100,192.466900,1.924669000,519.569859
windows,xts,decrypt,1048576,29,100,188.291300,1.882913000,531.091984
windows,xts,decrypt,1048576,30,100,194.113000,1.941130000,515.163848
windows,xts,encrypt,8388608,1,100,1646.450000,16.464500000,485.893893
windows,xts,encrypt,8388608,2,100,1650.413800,16.504138000,484.726921
windows,xts,encrypt,8388608,3,100,1611.474000,16.114740000,496.439905
windows,xts,encrypt,8388608,4,100,1616.273900,16.162739000,494.965612
windows,xts,encrypt,8388608,5,100,1641.595900,16.415959000,487.330652
windows,xts,encrypt,8388608,6,100,1609.138700,16.091387000,497.160375
windows,xts,encrypt,8388608,7,100,1596.454400,15.964544000,501.110461
windows,xts,encrypt,8388608,8,100,1618.141100,16.181411000,494.394463
windows,xts,encrypt,8388608,9,100,1641.688000,16.416880000,487.303312
windows,xts,encrypt,8388608,10,100,1607.907100,16.079071000,497.541183
windows,xts,encrypt,8388608,11,100,1615.402800,16.154028000,495.232520
windows,xts,encrypt,8388608,12,100,1666.168500,16.661685000,480.143515
windows,xts,encrypt,8388608,13,100,1637.600000,16.376000000,488.519785
windows,xts,encrypt,8388608,14,100,1597.865500,15.978655000,500.667922
windows,xts,encrypt,8388608,15,100,1637.085100,16.370851000,488.673435
windows,xts,encrypt,8388608,16,100,1633.560100,16.335601000,489.727926
windows,xts,encrypt,8388608,17,100,1615.483800,16.154838000,495.207689
windows,xts,encrypt,8388608,18,100,1661.887800,16.618878000,481.380271
windows,xts,encrypt,8388608,19,100,1611.531800,16.115318000,496.422100
windows,xts,encrypt,8388608,20,100,1609.738900,16.097389000,496.975006
windows,xts,encrypt,8388608,21,100,1675.057100,16.750571000,477.595659
windows,xts,encrypt,8388608,22,100,1637.957000,16.379570000,488.413310
windows,xts,encrypt,8388608,23,100,1653.925900,16.539259000,483.697607
windows,xts,encrypt,8388608,24,100,1654.423900,16.544239000,483.552009
windows,xts,encrypt,8388608,25,100,1646.972200,16.469722000,485.739832
windows,xts,encrypt,8388608,26,100,1619.564100,16.195641000,493.960072
windows,xts,encrypt,8388608,27,100,1645.576800,16.455768000,486.151725
windows,xts,encrypt,8388608,28,100,1856.583500,18.565835000,430.899014
windows,xts,encrypt,8388608,29,100,1893.682300,18.936823000,422.457347
windows,xts,encrypt,8388608,30,100,1891.820600,18.918206000,422.873078
windows,xts,decrypt,8388608,1,100,1956.751800,19.567518000,408.840815
windows,xts,decrypt,8388608,2,100,1898.212400,18.982124000,421.449149
windows,xts,decrypt,8388608,3,100,1968.094400,19.680944000,406.484567
windows,xts,decrypt,8388608,4,100,1917.094000,19.170940000,417.298265
windows,xts,decrypt,8388608,5,100,1919.602600,19.196026000,416.752926
windows,xts,decrypt,8388608,6,100,1683.072200,16.830722000,475.321261
windows,xts,decrypt,8388608,7,100,1635.225500,16.352255000,489.229161
windows,xts,decrypt,8388608,8,100,1635.395600,16.353956000,489.178276
windows,xts,decrypt,8388608,9,100,1645.603100,16.456031000,486.143955
windows,xts,decrypt,8388608,10,100,1631.695400,16.316954000,490.287587
windows,xts,decrypt,8388608,11,100,1644.890700,16.448907000,486.354504
windows,xts,decrypt,8388608,12,100,1643.059100,16.430591000,486.896667
windows,xts,decrypt,8388608,13,100,1689.043400,16.890434000,473.640879
windows,xts,decrypt,8388608,14,100,1652.265800,16.522658000,484.183598
windows,xts,decrypt,8388608,15,100,1615.538600,16.155386000,495.190892
windows,xts,decrypt,8388608,16,100,1703.173000,17.031730000,469.711533
windows,xts,decrypt,8388608,17,100,1952.242700,19.522427000,409.785115
windows,xts,decrypt,8388608,18,100,2124.460000,21.244600000,376.566280
windows,xts,decrypt,8388608,19,100,2029.491400,20.294914000,394.187430
windows,xts,decrypt,8388608,20,100,1971.617700,19.716177000,405.758175
windows,xts,decrypt,8388608,21,100,1674.101900,16.741019000,477.868163
windows,xts,decrypt,8388608,22,100,1740.076000,17.400760000,459.750034
windows,xts,decrypt,8388608,23,100,1864.844500,18.648445000,428.990192
windows,xts,decrypt,8388608,24,100,1989.602100,19.896021000,402.090448
windows,xts,decrypt,8388608,25,100,1956.793000,19.567930000,408.832207
windows,xts,decrypt,8388608,26,100,1925.865000,19.258650000,415.397756
windows,xts,decrypt,8388608,27,100,1998.612400,19.986124000,400.277713
windows,xts,decrypt,8388608,28,100,1989.167100,19.891671000,402.178379
windows,xts,decrypt,8388608,29,100,2031.700200,20.317002000,393.758882
windows,xts,decrypt,8388608,30,100,2111.358200,21.113582000,378.903021
