platform,mode,operation,payload_bytes,run,ops,total_ms,ms_per_op,throughput_mib_s
ubuntu-linux,ecb,encrypt,1024,1,100,0.151451,0.001514510,644.804260
ubuntu-linux,ecb,encrypt,1024,2,100,0.152022,0.001520220,642.382353
ubuntu-linux,ecb,encrypt,1024,3,100,0.143847,0.001438470,678.889723
ubuntu-linux,ecb,encrypt,1024,4,100,0.156381,0.001563810,624.476439
ubuntu-linux,ecb,encrypt,1024,5,100,0.146432,0.001464320,666.905116
ubuntu-linux,ecb,encrypt,1024,6,100,0.146202,0.001462020,667.954269
ubuntu-linux,ecb,encrypt,1024,7,100,0.144839,0.001448390,674.240018
ubuntu-linux,ecb,encrypt,1024,8,100,0.152393,0.001523930,640.818476
ubuntu-linux,ecb,encrypt,1024,9,100,0.151461,0.001514610,644.761688
ubuntu-linux,ecb,encrypt,1024,10,100,0.147725,0.001477250,661.067863
ubuntu-linux,ecb,encrypt,1024,11,100,0.145941,0.001459410,669.148834
ubuntu-linux,ecb,encrypt,1024,12,100,0.168543,0.001685430,579.414452
ubuntu-linux,ecb,encrypt,1024,13,100,0.209569,0.002095690,465.986143
ubuntu-linux,ecb,encrypt,1024,14,100,0.155439,0.001554390,628.260926
ubuntu-linux,ecb,encrypt,1024,15,100,0.144628,0.001446280,675.223677
ubuntu-linux,ecb,encrypt,1024,16,100,0.144479,0.001444790,675.920030
ubuntu-linux,ecb,encrypt,1024,17,100,0.145089,0.001450890,673.078249
ubuntu-linux,ecb,encrypt,1024,18,100,0.145591,0.001455910,670.757464
ubuntu-linux,ecb,encrypt,1024,19,100,0.143998,0.001439980,678.177822
ubuntu-linux,ecb,encrypt,1024,20,100,0.143406,0.001434060,680.977435
ubuntu-linux,ecb,encrypt,1024,21,100,0.150118,0.001501180,650.529916
ubuntu-linux,ecb,encrypt,1024,22,100,0.144658,0.001446580,675.083646
ubuntu-linux,ecb,encrypt,1024,23,100,0.145460,0.001454600,671.361543
ubuntu-linux,ecb,encrypt,1024,24,100,0.145410,0.001454100,671.592394
ubuntu-linux,ecb,encrypt,1024,25,100,0.144789,0.001447890,674.472854
ubuntu-linux,ecb,encrypt,1024,26,100,0.145600,0.001456000,670.716003
ubuntu-linux,ecb,encrypt,1024,27,100,0.151631,0.001516310,644.038818
ubuntu-linux,ecb,encrypt,1024,28,100,0.145560,0.001455600,670.900316
ubuntu-linux,ecb,encrypt,1024,29,100,0.146792,0.001467920,665.269565
ubuntu-linux,ecb,encrypt,1024,30,100,0.198098,0.001980980,492.969389
ubuntu-linux,ecb,decrypt,1024,1,100,0.144388,0.001443880,676.346026
ubuntu-linux,ecb,decrypt,1024,2,100,0.146603,0.001466030,666.127228
ubuntu-linux,ecb,decrypt,1024,3,100,0.150159,0.001501590,650.352293
ubuntu-linux,ecb,decrypt,1024,4,100,0.145701,0.001457010,670.251062
ubuntu-linux,ecb,decrypt,1024,5,100,0.145090,0.001450900,673.073609
ubuntu-linux,ecb,decrypt,1024,6,100,0.144899,0.001448990,673.960828
ubuntu-linux,ecb,decrypt,1024,7,100,0.144799,0.001447990,674.426274
ubuntu-linux,ecb,decrypt,1024,8,100,0.145019,0.001450190,673.403140
ubuntu-linux,ecb,decrypt,1024,9,100,0.144679,0.001446790,674.985658
ubuntu-linux,ecb,decrypt,1024,10,100,0.152003,0.001520030,642.462649
ubuntu-linux,ecb,decrypt,1024,11,100,0.145841,0.001458410,669.607655
ubuntu-linux,ecb,decrypt,1024,12,100,0.145119,0.001451190,672.939105
ubuntu-linux,ecb,decrypt,1024,13,100,0.145060,0.001450600,673.212808
ubuntu-linux,ecb,decrypt,1024,14,100,0.145079,0.001450790,673.124642
ubuntu-linux,ecb,decrypt,1024,15,100,0.145009,0.001450090,673.449579
ubuntu-linux,ecb,decrypt,1024,16,100,0.144728,0.001447280,674.757131
ubuntu-linux,ecb,decrypt,1024,17,100,0.149989,0.001499890,651.089413
ubuntu-linux,ecb,decrypt,1024,18,100,0.145019,0.001450190,673.403140
ubuntu-linux,ecb,decrypt,1024,19,100,0.144819,0.001448190,674.333133
ubuntu-linux,ecb,decrypt,1024,20,100,0.144689,0.001446890,674.939007
ubuntu-linux,ecb,decrypt,1024,21,100,0.145380,0.001453800,671.730981
ubuntu-linux,ecb,decrypt,1024,22,100,0.145200,0.001452000,672.563705
ubuntu-linux,ecb,decrypt,1024,23,100,0.148846,0.001488460,656.089179
ubuntu-linux,ecb,decrypt,1024,24,100,0.145941,0.001459410,669.148834
ubuntu-linux,ecb,decrypt,1024,25,100,0.145139,0.001451390,672.846375
ubuntu-linux,ecb,decrypt,1024,26,100,0.144528,0.001445280,675.690870
ubuntu-linux,ecb,decrypt,1024,27,100,0.144950,0.001449500,673.723698
ubuntu-linux,ecb,decrypt,1024,28,100,0.144668,0.001446680,675.036981
ubuntu-linux,ecb,decrypt,1024,29,100,0.144599,0.001445990,675.359097
ubuntu-linux,ecb,decrypt,1024,30,100,0.148626,0.001486260,657.060339
ubuntu-linux,ecb,encrypt,4096,1,100,0.502784,0.005027840,776.924087
ubuntu-linux,ecb,encrypt,4096,2,100,0.508254,0.005082540,768.562569
ubuntu-linux,ecb,encrypt,4096,3,100,0.502984,0.005029840,776.615161
ubuntu-linux,ecb,encrypt,4096,4,100,0.507082,0.005070820,770.338920
ubuntu-linux,ecb,encrypt,4096,5,100,0.503185,0.005031850,776.304938
ubuntu-linux,ecb,encrypt,4096,6,100,0.506771,0.005067710,770.811668
ubuntu-linux,ecb,encrypt,4096,7,100,0.503204,0.005032040,776.275626
ubuntu-linux,ecb,encrypt,4096,8,100,0.507824,0.005078240,769.213350
ubuntu-linux,ecb,encrypt,4096,9,100,0.503535,0.005035350,775.765339
ubuntu-linux,ecb,encrypt,4096,10,100,0.522089,0.005220890,748.196189
ubuntu-linux,ecb,encrypt,4096,11,100,0.602109,0.006021090,648.761271
ubuntu-linux,ecb,encrypt,4096,12,100,0.515969,0.005159690,757.070677
ubuntu-linux,ecb,encrypt,4096,13,100,0.504237,0.005042370,774.685317
ubuntu-linux,ecb,encrypt,4096,14,100,0.507963,0.005079630,769.002860
ubuntu-linux,ecb,encrypt,4096,15,100,0.503204,0.005032040,776.275626
ubuntu-linux,ecb,encrypt,4096,16,100,0.507423,0.005074230,769.821234
ubuntu-linux,ecb,encrypt,4096,17,100,0.503425,0.005034250,775.934846
ubuntu-linux,ecb,encrypt,4096,18,100,0.507373,0.005073730,769.897097
ubuntu-linux,ecb,encrypt,4096,19,100,0.503856,0.005038560,775.271109
ubuntu-linux,ecb,encrypt,4096,20,100,0.507092,0.005070920,770.323728
ubuntu-linux,ecb,encrypt,4096,21,100,0.502854,0.005028540,776.815935
ubuntu-linux,ecb,encrypt,4096,22,100,0.507252,0.005072520,770.080749
ubuntu-linux,ecb,encrypt,4096,23,100,0.503285,0.005032850,776.150690
ubuntu-linux,ecb,encrypt,4096,24,100,0.507082,0.005070820,770.338920
ubuntu-linux,ecb,encrypt,4096,25,100,0.502684,0.005026840,777.078642
ubuntu-linux,ecb,encrypt,4096,26,100,0.507142,0.005071420,770.247781
ubuntu-linux,ecb,encrypt,4096,27,100,0.503165,0.005031650,776.335794
ubuntu-linux,ecb,encrypt,4096,28,100,0.509897,0.005098970,766.086092
ubuntu-linux,ecb,encrypt,4096,29,100,0.503606,0.005036060,775.655969
ubuntu-linux,ecb,encrypt,4096,30,100,0.507212,0.005072120,770.141479
ubuntu-linux,ecb,decrypt,4096,1,100,0.438465,0.004384650,890.892089
ubuntu-linux,ecb,decrypt,4096,2,100,0.426943,0.004269430,914.934781
ubuntu-linux,ecb,decrypt,4096,3,100,0.417425,0.004174250,935.796850
ubuntu-linux,ecb,decrypt,4096,4,100,0.427224,0.004272240,914.332996
ubuntu-linux,ecb,decrypt,4096,5,100,0.419479,0.004194790,931.214673
ubuntu-linux,ecb,decrypt,4096,6,100,0.423507,0.004235070,922.357836
ubuntu-linux,ecb,decrypt,4096,7,100,0.419048,0.004190480,932.172448
ubuntu-linux,ecb,decrypt,4096,8,100,0.418297,0.004182970,933.846047
ubuntu-linux,ecb,decrypt,4096,9,100,0.421663,0.004216630,926.391455
ubuntu-linux,ecb,decrypt,4096,10,100,0.416263,0.004162630,938.409131
ubuntu-linux,ecb,decrypt,4096,11,100,0.425461,0.004254610,918.121755
ubuntu-linux,ecb,decrypt,4096,12,100,0.417675,0.004176750,935.236727
ubuntu-linux,ecb,decrypt,4096,13,100,0.420661,0.004206610,928.598087
ubuntu-linux,ecb,decrypt,4096,14,100,0.416884,0.004168840,937.011255
ubuntu-linux,ecb,decrypt,4096,15,100,0.417585,0.004175850,935.438294
ubuntu-linux,ecb,decrypt,4096,16,100,0.423457,0.004234570,922.466744
ubuntu-linux,ecb,decrypt,4096,17,100,0.418608,0.004186080,933.152257
ubuntu-linux,ecb,decrypt,4096,18,100,0.421854,0.004218540,925.972019
ubuntu-linux,ecb,decrypt,4096,19,100,0.418437,0.004184370,933.533602
ubuntu-linux,ecb,decrypt,4096,20,100,0.418177,0.004181770,934.114023
ubuntu-linux,ecb,decrypt,4096,21,100,0.422054,0.004220540,925.533226
ubuntu-linux,ecb,decrypt,4096,22,100,0.418818,0.004188180,932.684364
ubuntu-linux,ecb,decrypt,4096,23,100,0.421603,0.004216030,926.523293
ubuntu-linux,ecb,decrypt,4096,24,100,0.416624,0.004166240,937.596010
ubuntu-linux,ecb,decrypt,4096,25,100,0.420291,0.004202910,929.415572
ubuntu-linux,ecb,decrypt,4096,26,100,0.416334,0.004163340,938.249098
ubuntu-linux,ecb,decrypt,4096,27,100,0.416954,0.004169540,936.853946
ubuntu-linux,ecb,decrypt,4096,28,100,0.421523,0.004215230,926.699136
ubuntu-linux,ecb,decrypt,4096,29,100,0.418477,0.004184770,933.444371
ubuntu-linux,ecb,decrypt,4096,30,100,0.422535,0.004225350,924.479629
ubuntu-linux,ecb,encrypt,16384,1,100,1.707432,0.017074320,915.116971
ubuntu-linux,ecb,encrypt,16384,2,100,1.712962,0.017129620,912.162675
ubuntu-linux,ecb,encrypt,16384,3,100,1.718301,0.017183010,909.328459
ubuntu-linux,ecb,encrypt,16384,4,100,1.711699,0.017116990,912.835726
ubuntu-linux,ecb,encrypt,16384,5,100,1.713934,0.017139340,911.645373
ubuntu-linux,ecb,encrypt,16384,6,100,1.715255,0.017152550,910.943271
ubuntu-linux,ecb,encrypt,16384,7,100,1.714514,0.017145140,911.336974
ubuntu-linux,ecb,encrypt,16384,8,100,1.712941,0.017129410,912.173858
ubuntu-linux,ecb,encrypt,16384,9,100,2.003422,0.020034220,779.915564
ubuntu-linux,ecb,encrypt,16384,10,100,1.716598,0.017165980,910.230584
ubuntu-linux,ecb,encrypt,16384,11,100,1.711499,0.017114990,912.942397
ubuntu-linux,ecb,encrypt,16384,12,100,1.716047,0.017160470,910.522847
ubuntu-linux,ecb,encrypt,16384,13,100,1.710507,0.017105070,913.471854
ubuntu-linux,ecb,encrypt,16384,14,100,1.719964,0.017199640,908.449247
ubuntu-linux,ecb,encrypt,16384,15,100,1.843965,0.018439650,847.358816
ubuntu-linux,ecb,encrypt,16384,16,100,1.830510,0.018305100,853.587252
ubuntu-linux,ecb,encrypt,16384,17,100,1.717731,0.017177310,909.630204
ubuntu-linux,ecb,encrypt,16384,18,100,1.719213,0.017192130,908.846082
ubuntu-linux,ecb,encrypt,16384,19,100,1.716628,0.017166280,910.214677
ubuntu-linux,ecb,encrypt,16384,20,100,1.712350,0.017123500,912.488685
ubuntu-linux,ecb,encrypt,16384,21,100,1.715968,0.017159680,910.564766
ubuntu-linux,ecb,encrypt,16384,22,100,1.717841,0.017178410,909.571957
ubuntu-linux,ecb,encrypt,16384,23,100,1.779245,0.017792450,878.181476
ubuntu-linux,ecb,encrypt,16384,24,100,1.720736,0.017207360,908.041675
ubuntu-linux,ecb,encrypt,16384,25,100,1.772442,0.017724420,881.552118
ubuntu-linux,ecb,encrypt,16384,26,100,1.725395,0.017253950,905.589735
ubuntu-linux,ecb,encrypt,16384,27,100,1.726557,0.017265570,904.980258
ubuntu-linux,ecb,encrypt,16384,28,100,1.713273,0.017132730,911.997096
ubuntu-linux,ecb,encrypt,16384,29,100,1.721908,0.017219080,907.423625
ubuntu-linux,ecb,encrypt,16384,30,100,1.714395,0.017143950,911.400232
ubuntu-linux,ecb,decrypt,16384,1,100,1.315634,0.013156340,1187.640332
ubuntu-linux,ecb,decrypt,16384,2,100,1.336393,0.013363930,1169.191997
ubuntu-linux,ecb,decrypt,16384,3,100,1.323348,0.013233480,1180.717393
ubuntu-linux,ecb,decrypt,16384,4,100,1.319801,0.013198010,1183.890602
ubuntu-linux,ecb,decrypt,16384,5,100,1.324219,0.013242190,1179.940780
ubuntu-linux,ecb,decrypt,16384,6,100,1.322406,0.013224060,1181.558462
ubuntu-linux,ecb,decrypt,16384,7,100,1.332064,0.013320640,1172.991688
ubuntu-linux,ecb,decrypt,16384,8,100,1.323949,0.013239490,1180.181412
ubuntu-linux,ecb,decrypt,16384,9,100,1.322256,0.013222560,1181.692501
ubuntu-linux,ecb,decrypt,16384,10,100,1.325141,0.013251410,1179.119807
ubuntu-linux,ecb,decrypt,16384,11,100,1.332556,0.013325560,1172.558602
ubuntu-linux,ecb,decrypt,16384,12,100,1.324150,0.013241500,1180.002266
ubuntu-linux,ecb,decrypt,16384,13,100,1.324420,0.013244200,1179.761707
ubuntu-linux,ecb,decrypt,16384,14,100,1.327245,0.013272450,1177.250621
ubuntu-linux,ecb,decrypt,16384,15,100,1.322988,0.013229880,1181.038679
ubuntu-linux,ecb,decrypt,16384,16,100,1.322847,0.013228470,1181.164564
ubuntu-linux,ecb,decrypt,16384,17,100,1.327697,0.013276970,1176.849838
ubuntu-linux,ecb,decrypt,16384,18,100,1.318028,0.013180280,1185.483161
ubuntu-linux,ecb,decrypt,16384,19,100,1.322347,0.013223470,1181.611181
ubuntu-linux,ecb,decrypt,16384,20,100,1.506778,0.015067780,1036.980896
ubuntu-linux,ecb,decrypt,16384,21,100,1.459832,0.014598320,1070.328641
ubuntu-linux,ecb,decrypt,16384,22,100,1.331273,0.013312730,1173.688642
ubuntu-linux,ecb,decrypt,16384,23,100,1.347063,0.013470630,1159.930902
ubuntu-linux,ecb,decrypt,16384,24,100,1.330120,0.013301200,1174.706042
ubuntu-linux,ecb,decrypt,16384,25,100,1.327395,0.013273950,1177.117587
ubuntu-linux,ecb,decrypt,16384,26,100,1.323378,0.013233780,1180.690627
ubuntu-linux,ecb,decrypt,16384,27,100,1.322076,0.013220760,1181.853388
ubuntu-linux,ecb,decrypt,16384,28,100,1.317958,0.013179580,1185.546125
ubuntu-linux,ecb,decrypt,16384,29,100,1.326844,0.013268440,1177.606410
ubuntu-linux,ecb,decrypt,16384,30,100,1.320823,0.013208230,1182.974555
ubuntu-linux,ecb,encrypt,262144,1,100,53.697319,0.536973190,465.572592
ubuntu-linux,ecb,encrypt,262144,2,100,53.788979,0.537889790,464.779225
ubuntu-linux,ecb,encrypt,262144,3,100,53.630324,0.536303240,466.154185
ubuntu-linux,ecb,encrypt,262144,4,100,54.026791,0.540267910,462.733387
ubuntu-linux,ecb,encrypt,262144,5,100,53.322362,0.533223620,468.846448
ubuntu-linux,ecb,encrypt,262144,6,100,53.522584,0.535225840,467.092545
ubuntu-linux,ecb,encrypt,262144,7,100,54.438706,0.544387060,459.232077
ubuntu-linux,ecb,encrypt,262144,8,100,54.285742,0.542857420,460.526081
ubuntu-linux,ecb,encrypt,262144,9,100,53.534557,0.535345570,466.988080
ubuntu-linux,ecb,encrypt,262144,10,100,53.887532,0.538875320,463.929207
ubuntu-linux,ecb,encrypt,262144,11,100,53.578629,0.535786290,466.603951
ubuntu-linux,ecb,encrypt,262144,12,100,53.723908,0.537239080,465.342171
ubuntu-linux,ecb,encrypt,262144,13,100,53.179297,0.531792970,470.107756
ubuntu-linux,ecb,encrypt,262144,14,100,53.220544,0.532205440,469.743413
ubuntu-linux,ecb,encrypt,262144,15,100,53.660110,0.536601100,465.895430
ubuntu-linux,ecb,encrypt,262144,16,100,53.321040,0.533210400,468.858072
ubuntu-linux,ecb,encrypt,262144,17,100,53.262692,0.532626920,469.371695
ubuntu-linux,ecb,encrypt,262144,18,100,53.256922,0.532569220,469.422548
ubuntu-linux,ecb,encrypt,262144,19,100,53.954668,0.539546680,463.351938
ubuntu-linux,ecb,encrypt,262144,20,100,53.239109,0.532391090,469.579609
ubuntu-linux,ecb,encrypt,262144,21,100,53.426265,0.534262650,467.934639
ubuntu-linux,ecb,encrypt,262144,22,100,53.659840,0.536598400,465.897774
ubuntu-linux,ecb,encrypt,262144,23,100,53.785884,0.537858840,464.805970
ubuntu-linux,ecb,encrypt,262144,24,100,53.272169,0.532721690,469.288194
ubuntu-linux,ecb,encrypt,262144,25,100,53.246151,0.532461510,469.517506
ubuntu-linux,ecb,encrypt,262144,26,100,53.206037,0.532060370,469.871492
ubuntu-linux,ecb,encrypt,262144,27,100,53.871493,0.538714930,464.067331
ubuntu-linux,ecb,encrypt,262144,28,100,53.303227,0.533032270,469.014756
ubuntu-linux,ecb,encrypt,262144,29,100,53.378818,0.533788180,468.350573
ubuntu-linux,ecb,encrypt,262144,30,100,53.846827,0.538468270,464.279910
ubuntu-linux,ecb,decrypt,262144,1,100,22.179648,0.221796480,1127.159457
ubuntu-linux,ecb,decrypt,262144,2,100,22.216395,0.222163950,1125.295081
ubuntu-linux,ecb,decrypt,262144,3,100,22.222867,0.222228670,1124.967359
ubuntu-linux,ecb,decrypt,262144,4,100,22.156835,0.221568350,1128.319997
ubuntu-linux,ecb,decrypt,262144,5,100,22.474435,0.224744350,1112.375016
ubuntu-linux,ecb,decrypt,262144,6,100,22.192371,0.221923710,1126.513251
ubuntu-linux,ecb,decrypt,262144,7,100,22.236112,0.222361120,1124.297269
ubuntu-linux,ecb,decrypt,262144,8,100,22.211827,0.222118270,1125.526504
ubuntu-linux,ecb,decrypt,262144,9,100,22.218740,0.222187400,1125.176315
ubuntu-linux,ecb,decrypt,262144,10,100,22.145785,0.221457850,1128.882991
ubuntu-linux,ecb,decrypt,262144,11,100,22.208251,0.222082510,1125.707738
ubuntu-linux,ecb,decrypt,262144,12,100,22.143160,0.221431600,1129.016816
ubuntu-linux,ecb,decrypt,262144,13,100,22.232075,0.222320750,1124.501424
ubuntu-linux,ecb,decrypt,262144,14,100,22.418842,0.224188420,1115.133422
ubuntu-linux,ecb,decrypt,262144,15,100,22.259515,0.222595150,1123.115216
ubuntu-linux,ecb,decrypt,262144,16,100,22.189415,0.221894150,1126.663321
ubuntu-linux,ecb,decrypt,262144,17,100,22.232726,0.222327260,1124.468497
ubuntu-linux,ecb,decrypt,262144,18,100,22.178516,0.221785160,1127.216988
ubuntu-linux,ecb,decrypt,262144,19,100,22.349433,0.223494330,1118.596610
ubuntu-linux,ecb,decrypt,262144,20,100,22.150563,0.221505630,1128.639484
ubuntu-linux,ecb,decrypt,262144,21,100,22.321731,0.223217310,1119.984826
ubuntu-linux,ecb,decrypt,262144,22,100,22.158327,0.221583270,1128.244023
ubuntu-linux,ecb,decrypt,262144,23,100,22.444088,0.224440880,1113.879076
ubuntu-linux,ecb,decrypt,262144,24,100,22.204294,0.222042940,1125.908349
ubuntu-linux,ecb,decrypt,262144,25,100,22.243606,0.222436060,1123.918487
ubuntu-linux,ecb,decrypt,262144,26,100,22.181320,0.221813200,1127.074493
ubuntu-linux,ecb,decrypt,262144,27,100,22.220974,0.222209740,1125.063195
ubuntu-linux,ecb,decrypt,262144,28,100,22.217958,0.222179580,1125.215918
ubuntu-linux,ecb,decrypt,262144,29,100,22.217838,0.222178380,1125.221995
ubuntu-linux,ecb,decrypt,262144,30,100,22.126769,0.221267690,1129.853166
ubuntu-linux,ecb,encrypt,1048576,1,100,187.791421,1.877914210,532.505689
ubuntu-linux,ecb,encrypt,1048576,2,100,188.304806,1.883048060,531.053891
ubuntu-linux,ecb,encrypt,1048576,3,100,189.123316,1.891233160,528.755534
ubuntu-linux,ecb,encrypt,1048576,4,100,188.299095,1.882990950,531.069998
ubuntu-linux,ecb,encrypt,1048576,5,100,187.612770,1.876127700,533.012758
ubuntu-linux,ecb,encrypt,1048576,6,100,186.759034,1.867590340,535.449332
ubuntu-linux,ecb,encrypt,1048576,7,100,187.415585,1.874155850,533.573555
ubuntu-linux,ecb,encrypt,1048576,8,100,187.885267,1.878852670,532.239710
ubuntu-linux,ecb,encrypt,1048576,9,100,187.988589,1.879885890,531.947181
ubuntu-linux,ecb,encrypt,1048576,10,100,187.528524,1.875285240,533.252211
ubuntu-linux,ecb,encrypt,1048576,11,100,187.463002,1.874630020,533.438593
ubuntu-linux,ecb,encrypt,1048576,12,100,188.027532,1.880275320,531.837008
ubuntu-linux,ecb,encrypt,1048576,13,100,187.558651,1.875586510,533.166556
ubuntu-linux,ecb,encrypt,1048576,14,100,187.479685,1.874796850,533.391124
ubuntu-linux,ecb,encrypt,1048576,15,100,188.484281,1.884842810,530.548221
ubuntu-linux,ecb,encrypt,1048576,16,100,187.565044,1.875650440,533.148383
ubuntu-linux,ecb,encrypt,1048576,17,100,187.293990,1.872939900,533.919962
ubuntu-linux,ecb,encrypt,1048576,18,100,190.900720,1.909007200,523.832493
ubuntu-linux,ecb,encrypt,1048576,19,100,188.028155,1.880281550,531.835246
ubuntu-linux,ecb,encrypt,1048576,20,100,187.724039,1.877240390,532.696827
ubuntu-linux,ecb,encrypt,1048576,21,100,188.280043,1.882800430,531.123737
ubuntu-linux,ecb,encrypt,1048576,22,100,199.894325,1.998943250,500.264327
ubuntu-linux,ecb,encrypt,1048576,23,100,215.467012,2.154670120,464.108167
ubuntu-linux,ecb,encrypt,1048576,24,100,204.871822,2.048718220,488.110073
ubuntu-linux,ecb,encrypt,1048576,25,100,187.966932,1.879669320,532.008471
ubuntu-linux,ecb,encrypt,1048576,26,100,189.569238,1.895692380,527.511747
ubuntu-linux,ecb,encrypt,1048576,27,100,186.765390,1.867653900,535.431110
ubuntu-linux,ecb,encrypt,1048576,28,100,190.760150,1.907601500,524.218502
ubuntu-linux,ecb,encrypt,1048576,29,100,211.057643,2.110576430,473.804211
ubuntu-linux,ecb,encrypt,1048576,30,100,205.061185,2.050611850,487.659330
ubuntu-linux,ecb,decrypt,1048576,1,100,76.629487,0.766294870,1304.980679
ubuntu-linux,ecb,decrypt,1048576,2,100,77.359723,0.773597230,1292.662333
ubuntu-linux,ecb,decrypt,1048576,3,100,76.112777,0.761127770,1313.839856
ubuntu-linux,ecb,decrypt,1048576,4,100,77.467854,0.774678540,1290.858012
ubuntu-linux,ecb,decrypt,1048576,5,100,76.125351,0.761253510,1313.622843
ubuntu-linux,ecb,decrypt,1048576,6,100,76.521917,0.765219170,1306.815144
ubuntu-linux,ecb,decrypt,1048576,7,100,76.827445,0.768274450,1301.618191
ubuntu-linux,ecb,decrypt,1048576,8,100,76.393960,0.763939600,1309.004010
ubuntu-linux,ecb,decrypt,1048576,9,100,77.540890,0.775408900,1289.642149
ubuntu-linux,ecb,decrypt,1048576,10,100,76.399560,0.763995600,1308.908062
ubuntu-linux,ecb,decrypt,1048576,11,100,76.244412,0.762444120,1311.571529
ubuntu-linux,ecb,decrypt,1048576,12,100,76.898637,0.768986370,1300.413166
ubuntu-linux,ecb,decrypt,1048576,13,100,83.173292,0.831732920,1202.309030
ubuntu-linux,ecb,decrypt,1048576,14,100,85.272702,0.852727020,1172.708237
ubuntu-linux,ecb,decrypt,1048576,15,100,84.219576,0.842195760,1187.372399
ubuntu-linux,ecb,decrypt,1048576,16,100,83.956437,0.839564370,1191.093900
ubuntu-linux,ecb,decrypt,1048576,17,100,83.412366,0.834123660,1198.863008
ubuntu-linux,ecb,decrypt,1048576,18,100,79.144920,0.791449200,1263.504973
ubuntu-linux,ecb,decrypt,1048576,19,100,77.093059,0.770930590,1297.133637
ubuntu-linux,ecb,decrypt,1048576,20,100,76.959651,0.769596510,1299.382192
ubuntu-linux,ecb,decrypt,1048576,21,100,76.539290,0.765392900,1306.518521
ubuntu-linux,ecb,decrypt,1048576,22,100,77.118236,0.771182360,1296.710158
ubuntu-linux,ecb,decrypt,1048576,23,100,78.732704,0.787327040,1270.120229
ubuntu-linux,ecb,decrypt,1048576,24,100,81.133253,0.811332530,1232.540251
ubuntu-linux,ecb,decrypt,1048576,25,100,84.370857,0.843708570,1185.243383
ubuntu-linux,ecb,decrypt,1048576,26,100,80.708124,0.807081240,1239.032641
ubuntu-linux,ecb,decrypt,1048576,27,100,77.841549,0.778415490,1284.660972
ubuntu-linux,ecb,decrypt,1048576,28,100,76.439394,0.764393940,1308.225965
ubuntu-linux,ecb,decrypt,1048576,29,100,77.157077,0.771570770,1296.057392
ubuntu-linux,ecb,decrypt,1048576,30,100,76.431810,0.764318100,1308.355775
ubuntu-linux,ecb,encrypt,8388608,1,100,1871.291798,18.712917980,427.512161
ubuntu-linux,ecb,encrypt,8388608,2,100,1817.753108,18.177531080,440.103772
ubuntu-linux,ecb,encrypt,8388608,3,100,1781.428461,17.814284610,449.077815
ubuntu-linux,ecb,encrypt,8388608,4,100,1776.516552,17.765165520,450.319474
ubuntu-linux,ecb,encrypt,8388608,5,100,1773.246563,17.732465630,451.149895
ubuntu-linux,ecb,encrypt,8388608,6,100,1771.024841,17.710248410,451.715855
ubuntu-linux,ecb,encrypt,8388608,7,100,1771.588054,17.715880540,451.572248
ubuntu-linux,ecb,encrypt,8388608,8,100,1773.123400,17.731234000,451.181232
ubuntu-linux,ecb,encrypt,8388608,9,100,1776.530153,17.765301530,450.316027
ubuntu-linux,ecb,encrypt,8388608,10,100,1792.724370,17.927243700,446.248187
ubuntu-linux,ecb,encrypt,8388608,11,100,1776.814272,17.768142720,450.244020
ubuntu-linux,ecb,encrypt,8388608,12,100,1769.589395,17.695893950,452.082275
ubuntu-linux,ecb,encrypt,8388608,13,100,1779.123250,17.791232500,449.659685
ubuntu-linux,ecb,encrypt,8388608,14,100,1780.529867,17.805298670,449.304454
ubuntu-linux,ecb,encrypt,8388608,15,100,1789.040011,17.890400110,447.167193
ubuntu-linux,ecb,encrypt,8388608,16,100,1789.752360,17.897523600,446.989214
ubuntu-linux,ecb,encrypt,8388608,17,100,1777.423943,17.774239430,450.089582
ubuntu-linux,ecb,encrypt,8388608,18,100,1776.483220,17.764832200,450.327924
ubuntu-linux,ecb,encrypt,8388608,19,100,1775.551704,17.755517040,450.564181
ubuntu-linux,ecb,encrypt,8388608,20,100,1775.313266,17.753132660,450.624696
ubuntu-linux,ecb,encrypt,8388608,21,100,1769.939959,17.699399590,451.992733
ubuntu-linux,ecb,encrypt,8388608,22,100,1770.396881,17.703968810,451.876079
ubuntu-linux,ecb,encrypt,8388608,23,100,1775.719624,17.757196240,450.521574
ubuntu-linux,ecb,encrypt,8388608,24,100,1771.974130,17.719741300,451.473860
ubuntu-linux,ecb,encrypt,8388608,25,100,1772.952953,17.729529530,451.224607
ubuntu-linux,ecb,encrypt,8388608,26,100,1773.562580,17.735625800,451.069508
ubuntu-linux,ecb,encrypt,8388608,27,100,1774.457346,17.744573460,450.842057
ubuntu-linux,ecb,encrypt,8388608,28,100,1773.450038,17.734500380,451.098132
ubuntu-linux,ecb,encrypt,8388608,29,100,1774.942355,17.749423550,450.718863
ubuntu-linux,ecb,encrypt,8388608,30,100,1774.442461,17.744424610,450.845839
ubuntu-linux,ecb,decrypt,8388608,1,100,697.550052,6.975500520,1146.871107
ubuntu-linux,ecb,decrypt,8388608,2,100,698.157973,6.981579730,1145.872469
ubuntu-linux,ecb,decrypt,8388608,3,100,696.250142,6.962501420,1149.012333
ubuntu-linux,ecb,decrypt,8388608,4,100,696.414930,6.964149300,1148.740450
ubuntu-linux,ecb,decrypt,8388608,5,100,694.479477,6.944794770,1151.941888
ubuntu-linux,ecb,decrypt,8388608,6,100,696.357447,6.963574470,1148.835276
ubuntu-linux,ecb,decrypt,8388608,7,100,696.017819,6.960178190,1149.395861
ubuntu-linux,ecb,decrypt,8388608,8,100,698.007908,6.980079080,1146.118820
ubuntu-linux,ecb,decrypt,8388608,9,100,696.234435,6.962344350,1149.038255
ubuntu-linux,ecb,decrypt,8388608,10,100,697.299597,6.972995970,1147.283038
ubuntu-linux,ecb,decrypt,8388608,11,100,696.258223,6.962582230,1148.998997
ubuntu-linux,ecb,decrypt,8388608,12,100,697.862516,6.978625160,1146.357601
ubuntu-linux,ecb,decrypt,8388608,13,100,696.134708,6.961347080,1149.202864
ubuntu-linux,ecb,decrypt,8388608,14,100,697.145338,6.971453380,1147.536900
ubuntu-linux,ecb,decrypt,8388608,15,100,696.054353,6.960543530,1149.335532
ubuntu-linux,ecb,decrypt,8388608,16,100,696.063663,6.960636630,1149.320159
ubuntu-linux,ecb,decrypt,8388608,17,100,696.109911,6.961099110,1149.243801
ubuntu-linux,ecb,decrypt,8388608,18,100,695.336215,6.953362150,1150.522557
ubuntu-linux,ecb,decrypt,8388608,19,100,695.562618,6.955626180,1150.148066
ubuntu-linux,ecb,decrypt,8388608,20,100,696.829965,6.968299650,1148.056255
ubuntu-linux,ecb,decrypt,8388608,21,100,695.901472,6.959014720,1149.588027
ubuntu-linux,ecb,decrypt,8388608,22,100,695.390915,6.953909150,1150.432056
ubuntu-linux,ecb,decrypt,8388608,23,100,696.267396,6.962673960,1148.983860
ubuntu-linux,ecb,decrypt,8388608,24,100,702.344968,7.023449680,1139.041406
ubuntu-linux,ecb,decrypt,8388608,25,100,696.440130,6.964401300,1148.698884
ubuntu-linux,ecb,decrypt,8388608,26,100,696.224753,6.962247530,1149.054234
ubuntu-linux,ecb,decrypt,8388608,27,100,695.446700,6.954467000,1150.339774
ubuntu-linux,ecb,decrypt,8388608,28,100,696.610763,6.966107630,1148.417513
ubuntu-linux,ecb,decrypt,8388608,29,100,694.802106,6.948021060,1151.406988
ubuntu-linux,ecb,decrypt,8388608,30,100,696.418471,6.964184710,1148.734609
ubuntu-linux,cbc,encrypt,1024,1,100,0.227353,0.002273530,429.535788
ubuntu-linux,cbc,encrypt,1024,2,100,0.231430,0.002314300,421.968846
ubuntu-linux,cbc,encrypt,1024,3,100,0.226972,0.002269720,430.256816
ubuntu-linux,cbc,encrypt,1024,4,100,0.225940,0.002259400,432.222050
ubuntu-linux,cbc,encrypt,1024,5,100,0.226270,0.002262700,431.591683
ubuntu-linux,cbc,encrypt,1024,6,100,0.232622,0.002326220,419.806596
ubuntu-linux,cbc,encrypt,1024,7,100,0.226501,0.002265010,431.151518
ubuntu-linux,cbc,encrypt,1024,8,100,0.226952,0.002269520,430.294732
ubuntu-linux,cbc,encrypt,1024,9,100,0.227733,0.002277330,428.819056
ubuntu-linux,cbc,encrypt,1024,10,100,0.227362,0.002273620,429.518785
ubuntu-linux,cbc,encrypt,1024,11,100,0.231400,0.002314000,422.023552
ubuntu-linux,cbc,encrypt,1024,12,100,0.227162,0.002271620,429.896946
ubuntu-linux,cbc,encrypt,1024,13,100,0.225899,0.002258990,432.300497
ubuntu-linux,cbc,encrypt,1024,14,100,0.225609,0.002256090,432.856180
ubuntu-linux,cbc,encrypt,1024,15,100,0.229616,0.002296160,425.302462
ubuntu-linux,cbc,encrypt,1024,16,100,0.225940,0.002259400,432.222050
ubuntu-linux,cbc,encrypt,1024,17,100,0.225609,0.002256090,432.856180
ubuntu-linux,cbc,encrypt,1024,18,100,0.225800,0.002258000,432.490035
ubuntu-linux,cbc,encrypt,1024,19,100,0.232391,0.002323910,420.223890
ubuntu-linux,cbc,encrypt,1024,20,100,0.225960,0.002259600,432.183794
ubuntu-linux,cbc,encrypt,1024,21,100,0.226140,0.002261400,431.839790
ubuntu-linux,cbc,encrypt,1024,22,100,0.225739,0.002257390,432.606904
ubuntu-linux,cbc,encrypt,1024,23,100,0.226141,0.002261410,431.837880
ubuntu-linux,cbc,encrypt,1024,24,100,0.231129,0.002311290,422.518377
ubuntu-linux,cbc,encrypt,1024,25,100,0.227563,0.002275630,429.139403
ubuntu-linux,cbc,encrypt,1024,26,100,0.226731,0.002267310,430.714150
ubuntu-linux,cbc,encrypt,1024,27,100,0.226762,0.002267620,430.655269
ubuntu-linux,cbc,encrypt,1024,28,100,0.230378,0.002303780,423.895728
ubuntu-linux,cbc,encrypt,1024,29,100,0.226430,0.002264300,431.286711
ubuntu-linux,cbc,encrypt,1024,30,100,0.225720,0.002257200,432.643319
ubuntu-linux,cbc,decrypt,1024,1,100,0.161761,0.001617610,603.707012
ubuntu-linux,cbc,decrypt,1024,2,100,0.163954,0.001639540,595.632007
ubuntu-linux,cbc,decrypt,1024,3,100,0.168733,0.001687330,578.762009
ubuntu-linux,cbc,decrypt,1024,4,100,0.163073,0.001630730,598.849902
ubuntu-linux,cbc,decrypt,1024,5,100,0.162412,0.001624120,601.287159
ubuntu-linux,cbc,decrypt,1024,6,100,0.162272,0.001622720,601.805918
ubuntu-linux,cbc,decrypt,1024,7,100,0.161380,0.001613800,605.132296
ubuntu-linux,cbc,decrypt,1024,8,100,0.162071,0.001620710,602.552276
ubuntu-linux,cbc,decrypt,1024,9,100,0.165337,0.001653370,590.649703
ubuntu-linux,cbc,decrypt,1024,10,100,0.161660,0.001616600,604.084189
ubuntu-linux,cbc,decrypt,1024,11,100,0.161430,0.001614300,604.944868
ubuntu-linux,cbc,decrypt,1024,12,100,0.161110,0.001611100,606.146422
ubuntu-linux,cbc,decrypt,1024,13,100,0.161780,0.001617800,603.636111
ubuntu-linux,cbc,decrypt,1024,14,100,0.161801,0.001618010,603.557765
ubuntu-linux,cbc,decrypt,1024,15,100,0.165287,0.001652870,590.828377
ubuntu-linux,cbc,decrypt,1024,16,100,0.161691,0.001616910,603.968372
ubuntu-linux,cbc,decrypt,1024,17,100,0.161009,0.001610090,606.526654
ubuntu-linux,cbc,decrypt,1024,18,100,0.161169,0.001611690,605.924526
ubuntu-linux,cbc,decrypt,1024,19,100,0.161270,0.001612700,605.545049
ubuntu-linux,cbc,decrypt,1024,20,100,0.160999,0.001609990,606.564326
ubuntu-linux,cbc,decrypt,1024,21,100,0.164856,0.001648560,592.373041
ubuntu-linux,cbc,decrypt,1024,22,100,0.161380,0.001613800,605.132296
ubuntu-linux,cbc,decrypt,1024,23,100,0.161039,0.001610390,606.413664
ubuntu-linux,cbc,decrypt,1024,24,100,0.160568,0.001605680,608.192479
ubuntu-linux,cbc,decrypt,1024,25,100,0.161159,0.001611590,605.962124
ubuntu-linux,cbc,decrypt,1024,26,100,0.161470,0.001614700,604.795008
ubuntu-linux,cbc,decrypt,1024,27,100,0.161520,0.001615200,604.607789
ubuntu-linux,cbc,decrypt,1024,28,100,0.163123,0.001631230,598.666344
ubuntu-linux,cbc,decrypt,1024,29,100,0.161500,0.001615000,604.682663
ubuntu-linux,cbc,decrypt,1024,30,100,0.161600,0.001616000,604.308478
ubuntu-linux,cbc,encrypt,4096,1,100,0.805306,0.008053060,485.064063
ubuntu-linux,cbc,encrypt,4096,2,100,0.805076,0.008050760,485.202639
ubuntu-linux,cbc,encrypt,4096,3,100,0.801479,0.008014790,487.380206
ubuntu-linux,cbc,encrypt,4096,4,100,0.804735,0.008047350,485.408240
ubuntu-linux,cbc,encrypt,4096,5,100,0.805216,0.008052160,485.118279
ubuntu-linux,cbc,encrypt,4096,6,100,0.804294,0.008042940,485.674393
ubuntu-linux,cbc,encrypt,4096,7,100,0.805056,0.008050560,485.214693
ubuntu-linux,cbc,encrypt,4096,8,100,0.801820,0.008018200,487.172932
ubuntu-linux,cbc,encrypt,4096,9,100,0.804535,0.008045350,485.528908
ubuntu-linux,cbc,encrypt,4096,10,100,0.804515,0.008045150,485.540978
ubuntu-linux,cbc,encrypt,4096,11,100,0.805136,0.008051360,485.166481
ubuntu-linux,cbc,encrypt,4096,12,100,0.804365,0.008043650,485.631523
ubuntu-linux,cbc,encrypt,4096,13,100,0.804345,0.008043450,485.643598
ubuntu-linux,cbc,encrypt,4096,14,100,0.802611,0.008026110,486.692806
ubuntu-linux,cbc,encrypt,4096,15,100,0.815335,0.008153350,479.097549
ubuntu-linux,cbc,encrypt,4096,16,100,0.824622,0.008246220,473.701890
ubuntu-linux,cbc,encrypt,4096,17,100,0.809574,0.008095740,482.506849
ubuntu-linux,cbc,encrypt,4096,18,100,0.808622,0.008086220,483.074910
ubuntu-linux,cbc,encrypt,4096,19,100,0.807591,0.008075910,483.691621
ubuntu-linux,cbc,encrypt,4096,20,100,0.812610,0.008126100,480.704151
ubuntu-linux,cbc,encrypt,4096,21,100,0.809373,0.008093730,482.626675
ubuntu-linux,cbc,encrypt,4096,22,100,0.814173,0.008141730,479.781324
ubuntu-linux,cbc,encrypt,4096,23,100,0.814453,0.008144530,479.616381
ubuntu-linux,cbc,encrypt,4096,24,100,0.804705,0.008047050,485.426336
ubuntu-linux,cbc,encrypt,4096,25,100,0.806759,0.008067590,484.190446
ubuntu-linux,cbc,encrypt,4096,26,100,0.804154,0.008041540,485.758947
ubuntu-linux,cbc,encrypt,4096,27,100,0.804445,0.008044450,485.583228
ubuntu-linux,cbc,encrypt,4096,28,100,0.805406,0.008054060,485.003837
ubuntu-linux,cbc,encrypt,4096,29,100,0.805837,0.008058370,484.744433
ubuntu-linux,cbc,encrypt,4096,30,100,0.802251,0.008022510,486.911204
ubuntu-linux,cbc,decrypt,4096,1,100,0.437964,0.004379640,891.911207
ubuntu-linux,cbc,decrypt,4096,2,100,0.437493,0.004374930,892.871429
ubuntu-linux,cbc,decrypt,4096,3,100,0.439687,0.004396870,888.416078
ubuntu-linux,cbc,decrypt,4096,4,100,0.434648,0.004346480,898.715742
ubuntu-linux,cbc,decrypt,4096,5,100,0.437573,0.004375730,892.708188
ubuntu-linux,cbc,decrypt,4096,6,100,0.434227,0.004342270,899.587082
ubuntu-linux,cbc,decrypt,4096,7,100,0.434508,0.004345080,899.005312
ubuntu-linux,cbc,decrypt,4096,8,100,0.437803,0.004378030,892.239203
ubuntu-linux,cbc,decrypt,4096,9,100,0.434578,0.004345780,898.860504
ubuntu-linux,cbc,decrypt,4096,10,100,0.439286,0.004392860,889.227064
ubuntu-linux,cbc,decrypt,4096,11,100,0.434297,0.004342970,899.442087
ubuntu-linux,cbc,decrypt,4096,12,100,0.453723,0.004537230,860.932772
ubuntu-linux,cbc,decrypt,4096,13,100,0.437673,0.004376730,892.504221
ubuntu-linux,cbc,decrypt,4096,14,100,0.435929,0.004359290,896.074820
ubuntu-linux,cbc,decrypt,4096,15,100,0.440859,0.004408590,886.054271
ubuntu-linux,cbc,decrypt,4096,16,100,0.437733,0.004377330,892.381886
ubuntu-linux,cbc,decrypt,4096,17,100,0.439316,0.004393160,889.166340
ubuntu-linux,cbc,decrypt,4096,18,100,0.434257,0.004342570,899.524936
ubuntu-linux,cbc,decrypt,4096,19,100,0.437974,0.004379740,891.890843
ubuntu-linux,cbc,decrypt,4096,20,100,0.434587,0.004345870,898.841889
ubuntu-linux,cbc,decrypt,4096,21,100,0.437844,0.004378440,892.155654
ubuntu-linux,cbc,decrypt,4096,22,100,0.434637,0.004346370,898.738488
ubuntu-linux,cbc,decrypt,4096,23,100,0.436010,0.004360100,895.908351
ubuntu-linux,cbc,decrypt,4096,24,100,0.441200,0.004412000,885.369447
ubuntu-linux,cbc,decrypt,4096,25,100,0.437252,0.004372520,893.363552
ubuntu-linux,cbc,decrypt,4096,26,100,0.440178,0.004401780,887.425087
ubuntu-linux,cbc,decrypt,4096,27,100,0.436832,0.004368320,894.222493
ubuntu-linux,cbc,decrypt,4096,28,100,0.455777,0.004557770,857.052901
ubuntu-linux,cbc,decrypt,4096,29,100,0.440068,0.004400680,887.646909
ubuntu-linux,cbc,decrypt,4096,30,100,0.442001,0.004420010,883.764969
ubuntu-linux,cbc,encrypt,16384,1,100,2.861726,0.028617260,545.999163
ubuntu-linux,cbc,encrypt,16384,2,100,2.868920,0.028689200,544.630035
ubuntu-linux,cbc,encrypt,16384,3,100,2.867768,0.028677680,544.848816
ubuntu-linux,cbc,encrypt,16384,4,100,2.868971,0.028689710,544.620353
ubuntu-linux,cbc,encrypt,16384,5,100,2.866084,0.028660840,545.168948
ubuntu-linux,cbc,encrypt,16384,6,100,2.866926,0.028669260,545.008835
ubuntu-linux,cbc,encrypt,16384,7,100,2.866235,0.028662350,545.140228
ubuntu-linux,cbc,encrypt,16384,8,100,2.877716,0.028777160,542.965324
ubuntu-linux,cbc,encrypt,16384,9,100,2.931056,0.029310560,533.084322
ubuntu-linux,cbc,encrypt,16384,10,100,3.050979,0.030509790,512.130696
ubuntu-linux,cbc,encrypt,16384,11,100,2.875723,0.028757230,543.341622
ubuntu-linux,cbc,encrypt,16384,12,100,2.868439,0.028684390,544.721362
ubuntu-linux,cbc,encrypt,16384,13,100,2.866927,0.028669270,545.008645
ubuntu-linux,cbc,encrypt,16384,14,100,2.863089,0.028630890,545.739235
ubuntu-linux,cbc,encrypt,16384,15,100,2.866956,0.028669560,545.003132
ubuntu-linux,cbc,encrypt,16384,16,100,2.866626,0.028666260,545.065872
ubuntu-linux,cbc,encrypt,16384,17,100,2.859603,0.028596030,546.404518
ubuntu-linux,cbc,encrypt,16384,18,100,2.874871,0.028748710,543.502648
ubuntu-linux,cbc,encrypt,16384,19,100,2.877255,0.028772550,543.052319
ubuntu-linux,cbc,encrypt,16384,20,100,2.865173,0.028651730,545.342288
ubuntu-linux,cbc,encrypt,16384,21,100,2.870082,0.028700820,544.409533
ubuntu-linux,cbc,encrypt,16384,22,100,2.869912,0.028699120,544.441781
ubuntu-linux,cbc,encrypt,16384,23,100,2.872447,0.028724470,543.961299
ubuntu-linux,cbc,encrypt,16384,24,100,2.873428,0.028734280,543.775588
ubuntu-linux,cbc,encrypt,16384,25,100,2.867608,0.028676080,544.879216
ubuntu-linux,cbc,encrypt,16384,26,100,2.866736,0.028667360,545.044957
ubuntu-linux,cbc,encrypt,16384,27,100,2.859012,0.028590120,546.517468
ubuntu-linux,cbc,encrypt,16384,28,100,2.868429,0.028684290,544.723261
ubuntu-linux,cbc,encrypt,16384,29,100,2.859883,0.028598830,546.351022
ubuntu-linux,cbc,encrypt,16384,30,100,2.867889,0.028678890,544.825828
ubuntu-linux,cbc,decrypt,16384,1,100,1.349387,0.013493870,1157.933195
ubuntu-linux,cbc,decrypt,16384,2,100,1.356440,0.013564400,1151.912359
ubuntu-linux,cbc,decrypt,16384,3,100,1.352212,0.013522120,1155.514076
ubuntu-linux,cbc,decrypt,16384,4,100,1.355368,0.013553680,1152.823440
ubuntu-linux,cbc,decrypt,16384,5,100,1.353745,0.013537450,1154.205556
ubuntu-linux,cbc,decrypt,16384,6,100,1.350830,0.013508300,1156.696253
ubuntu-linux,cbc,decrypt,16384,7,100,1.355288,0.013552880,1152.891489
ubuntu-linux,cbc,decrypt,16384,8,100,1.352102,0.013521020,1155.608083
ubuntu-linux,cbc,decrypt,16384,9,100,1.351882,0.013518820,1155.796142
ubuntu-linux,cbc,decrypt,16384,10,100,1.354596,0.013545960,1153.480447
ubuntu-linux,cbc,decrypt,16384,11,100,1.357161,0.013571610,1151.300398
ubuntu-linux,cbc,decrypt,16384,12,100,1.356550,0.013565500,1151.818952
ubuntu-linux,cbc,decrypt,16384,13,100,1.361279,0.013612790,1147.817604
ubuntu-linux,cbc,decrypt,16384,14,100,1.356961,0.013569610,1151.470086
ubuntu-linux,cbc,decrypt,16384,15,100,1.358284,0.013582840,1150.348528
ubuntu-linux,cbc,decrypt,16384,16,100,1.356460,0.013564600,1151.895375
ubuntu-linux,cbc,decrypt,16384,17,100,1.354757,0.013547570,1153.343367
ubuntu-linux,cbc,decrypt,16384,18,100,1.359867,0.013598670,1149.009425
ubuntu-linux,cbc,decrypt,16384,19,100,1.368663,0.013686630,1141.625075
ubuntu-linux,cbc,decrypt,16384,20,100,1.385143,0.013851430,1128.042375
ubuntu-linux,cbc,decrypt,16384,21,100,1.379753,0.013797530,1132.449069
ubuntu-linux,cbc,decrypt,16384,22,100,1.362481,0.013624810,1146.804983
ubuntu-linux,cbc,decrypt,16384,23,100,1.352813,0.013528130,1155.000728
ubuntu-linux,cbc,decrypt,16384,24,100,1.360948,0.013609480,1148.096768
ubuntu-linux,cbc,decrypt,16384,25,100,1.360738,0.013607380,1148.273951
ubuntu-linux,cbc,decrypt,16384,26,100,1.358354,0.013583540,1150.289247
ubuntu-linux,cbc,decrypt,16384,27,100,1.359957,0.013599570,1148.933385
ubuntu-linux,cbc,decrypt,16384,28,100,1.350068,0.013500680,1157.349111
ubuntu-linux,cbc,decrypt,16384,29,100,1.362060,0.013620600,1147.159450
ubuntu-linux,cbc,decrypt,16384,30,100,1.354357,0.013543570,1153.683999
ubuntu-linux,cbc,encrypt,262144,1,100,46.347576,0.463475760,539.402535
ubuntu-linux,cbc,encrypt,262144,2,100,45.984591,0.459845910,543.660375
ubuntu-linux,cbc,encrypt,262144,3,100,45.812743,0.458127430,545.699698
ubuntu-linux,cbc,encrypt,262144,4,100,45.812592,0.458125920,545.701496
ubuntu-linux,cbc,encrypt,262144,5,100,45.776896,0.457768960,546.127024
ubuntu-linux,cbc,encrypt,262144,6,100,45.966959,0.459669590,543.868912
ubuntu-linux,cbc,encrypt,262144,7,100,45.830195,0.458301950,545.491897
ubuntu-linux,cbc,encrypt,262144,8,100,45.830395,0.458303950,545.489516
ubuntu-linux,cbc,encrypt,262144,9,100,45.866722,0.458667220,545.057482
ubuntu-linux,cbc,encrypt,262144,10,100,45.927836,0.459278360,544.332200
ubuntu-linux,cbc,encrypt,262144,11,100,46.191767,0.461917670,541.221989
ubuntu-linux,cbc,encrypt,262144,12,100,45.915093,0.459150930,544.483270
ubuntu-linux,cbc,encrypt,262144,13,100,45.840735,0.458407350,545.366474
ubuntu-linux,cbc,encrypt,262144,14,100,45.812011,0.458120110,545.708417
ubuntu-linux,cbc,encrypt,262144,15,100,46.005551,0.460055510,543.412685
ubuntu-linux,cbc,encrypt,262144,16,100,45.797254,0.457972540,545.884258
ubuntu-linux,cbc,encrypt,262144,17,100,45.793907,0.457939070,545.924155
ubuntu-linux,cbc,encrypt,262144,18,100,45.794438,0.457944380,545.917825
ubuntu-linux,cbc,encrypt,262144,19,100,45.947422,0.459474220,544.100167
ubuntu-linux,cbc,encrypt,262144,20,100,45.855522,0.458555220,545.190610
ubuntu-linux,cbc,encrypt,262144,21,100,45.818534,0.458185340,545.630727
ubuntu-linux,cbc,encrypt,262144,22,100,45.809276,0.458092760,545.740998
ubuntu-linux,cbc,encrypt,262144,23,100,46.507544,0.465075440,537.547199
ubuntu-linux,cbc,encrypt,262144,24,100,45.949105,0.459491050,544.080238
ubuntu-linux,cbc,encrypt,262144,25,100,45.799939,0.457999390,545.852255
ubuntu-linux,cbc,encrypt,262144,26,100,45.783057,0.457830570,546.053532
ubuntu-linux,cbc,encrypt,262144,27,100,45.780182,0.457801820,546.087825
ubuntu-linux,cbc,encrypt,262144,28,100,45.973080,0.459730800,543.796500
ubuntu-linux,cbc,encrypt,262144,29,100,45.861603,0.458616030,545.118320
ubuntu-linux,cbc,encrypt,262144,30,100,45.991935,0.459919350,543.573563
ubuntu-linux,cbc,decrypt,262144,1,100,22.025319,0.220253190,1135.057340
ubuntu-linux,cbc,decrypt,262144,2,100,22.088417,0.220884170,1131.814924
ubuntu-linux,cbc,decrypt,262144,3,100,22.155531,0.221555310,1128.386406
ubuntu-linux,cbc,decrypt,262144,4,100,22.070083,0.220700830,1132.755142
ubuntu-linux,cbc,decrypt,262144,5,100,22.067778,0.220677780,1132.873459
ubuntu-linux,cbc,decrypt,262144,6,100,22.053642,0.220536420,1133.599611
ubuntu-linux,cbc,decrypt,262144,7,100,22.070593,0.220705930,1132.728967
ubuntu-linux,cbc,decrypt,262144,8,100,22.072217,0.220722170,1132.645624
ubuntu-linux,cbc,decrypt,262144,9,100,22.359801,0.223598010,1118.077929
ubuntu-linux,cbc,decrypt,262144,10,100,22.113413,0.221134130,1130.535571
ubuntu-linux,cbc,decrypt,262144,11,100,22.082205,0.220822050,1132.133317
ubuntu-linux,cbc,decrypt,262144,12,100,22.082796,0.220827960,1132.103018
ubuntu-linux,cbc,decrypt,262144,13,100,22.080693,0.220806930,1132.210841
ubuntu-linux,cbc,decrypt,262144,14,100,22.115778,0.221157780,1130.414675
ubuntu-linux,cbc,decrypt,262144,15,100,22.052510,0.220525100,1133.657801
ubuntu-linux,cbc,decrypt,262144,16,100,22.070534,0.220705340,1132.731995
ubuntu-linux,cbc,decrypt,262144,17,100,22.113434,0.221134340,1130.534498
ubuntu-linux,cbc,decrypt,262144,18,100,22.372825,0.223728250,1117.427057
ubuntu-linux,cbc,decrypt,262144,19,100,22.150132,0.221501320,1128.661445
ubuntu-linux,cbc,decrypt,262144,20,100,22.085562,0.220855620,1131.961233
ubuntu-linux,cbc,decrypt,262144,21,100,22.074911,0.220749110,1132.507397
ubuntu-linux,cbc,decrypt,262144,22,100,22.092705,0.220927050,1131.595248
ubuntu-linux,cbc,decrypt,262144,23,100,22.118443,0.221184430,1130.278474
ubuntu-linux,cbc,decrypt,262144,24,100,22.063451,0.220634510,1133.095634
ubuntu-linux,cbc,decrypt,262144,25,100,22.102232,0.221022320,1131.107483
ubuntu-linux,cbc,decrypt,262144,26,100,22.068700,0.220687000,1132.826129
ubuntu-linux,cbc,decrypt,262144,27,100,22.295701,0.222957010,1121.292396
ubuntu-linux,cbc,decrypt,262144,28,100,22.099778,0.220997780,1131.233083
ubuntu-linux,cbc,decrypt,262144,29,100,22.082596,0.220825960,1132.113271
ubuntu-linux,cbc,decrypt,262144,30,100,22.137968,0.221379680,1129.281603
ubuntu-linux,cbc,encrypt,1048576,1,100,148.123099,1.481230990,675.114149
ubuntu-linux,cbc,encrypt,1048576,2,100,148.034604,1.480346040,675.517732
ubuntu-linux,cbc,encrypt,1048576,3,100,148.262779,1.482627790,674.478117
ubuntu-linux,cbc,encrypt,1048576,4,100,147.728376,1.477283760,676.918021
ubuntu-linux,cbc,encrypt,1048576,5,100,148.070451,1.480704510,675.354193
ubuntu-linux,cbc,encrypt,1048576,6,100,148.045956,1.480459560,675.465934
ubuntu-linux,cbc,encrypt,1048576,7,100,147.951991,1.479519910,675.894926
ubuntu-linux,cbc,encrypt,1048576,8,100,147.868075,1.478680750,676.278500
ubuntu-linux,cbc,encrypt,1048576,9,100,148.000742,1.480007420,675.672288
ubuntu-linux,cbc,encrypt,1048576,10,100,147.950469,1.479504690,675.901879
ubuntu-linux,cbc,encrypt,1048576,11,100,147.399194,1.473991940,678.429761
ubuntu-linux,cbc,encrypt,1048576,12,100,147.978201,1.479782010,675.775211
ubuntu-linux,cbc,encrypt,1048576,13,100,147.841276,1.478412760,676.401088
ubuntu-linux,cbc,encrypt,1048576,14,100,147.704301,1.477043010,677.028355
ubuntu-linux,cbc,encrypt,1048576,15,100,147.334795,1.473347950,678.726298
ubuntu-linux,cbc,encrypt,1048576,16,100,147.992287,1.479922870,675.710890
ubuntu-linux,cbc,encrypt,1048576,17,100,147.967191,1.479671910,675.825494
ubuntu-linux,cbc,encrypt,1048576,18,100,147.774412,1.477744120,676.707142
ubuntu-linux,cbc,encrypt,1048576,19,100,147.320239,1.473202390,678.793360
ubuntu-linux,cbc,encrypt,1048576,20,100,147.883525,1.478835250,676.207847
ubuntu-linux,cbc,encrypt,1048576,21,100,147.895217,1.478952170,676.154388
ubuntu-linux,cbc,encrypt,1048576,22,100,148.049513,1.480495130,675.449706
ubuntu-linux,cbc,encrypt,1048576,23,100,147.368469,1.473684690,678.571208
ubuntu-linux,cbc,encrypt,1048576,24,100,148.063770,1.480637700,675.384667
ubuntu-linux,cbc,encrypt,1048576,25,100,147.759526,1.477595260,676.775317
ubuntu-linux,cbc,encrypt,1048576,26,100,147.337661,1.473376610,678.713096
ubuntu-linux,cbc,encrypt,1048576,27,100,147.644692,1.476446920,677.301694
ubuntu-linux,cbc,encrypt,1048576,28,100,147.997297,1.479972970,675.688016
ubuntu-linux,cbc,encrypt,1048576,29,100,147.842349,1.478423490,676.396179
ubuntu-linux,cbc,encrypt,1048576,30,100,147.179989,1.471799890,679.440192
ubuntu-linux,cbc,decrypt,1048576,1,100,75.537217,0.755372170,1323.850732
ubuntu-linux,cbc,decrypt,1048576,2,100,77.307796,0.773077960,1293.530603
ubuntu-linux,cbc,decrypt,1048576,3,100,81.372108,0.813721080,1228.922323
ubuntu-linux,cbc,decrypt,1048576,4,100,82.703300,0.827033000,1209.141594
ubuntu-linux,cbc,decrypt,1048576,5,100,79.086882,0.790868820,1264.432197
ubuntu-linux,cbc,decrypt,1048576,6,100,76.658100,0.766581000,1304.493589
ubuntu-linux,cbc,decrypt,1048576,7,100,75.969861,0.759698610,1316.311478
ubuntu-linux,cbc,decrypt,1048576,8,100,75.244473,0.752444730,1329.001268
ubuntu-linux,cbc,decrypt,1048576,9,100,75.330063,0.753300630,1327.491257
ubuntu-linux,cbc,decrypt,1048576,10,100,76.039691,0.760396910,1315.102661
ubuntu-linux,cbc,decrypt,1048576,11,100,75.215711,0.752157110,1329.509469
ubuntu-linux,cbc,decrypt,1048576,12,100,75.649997,0.756499970,1321.877118
ubuntu-linux,cbc,decrypt,1048576,13,100,75.644216,0.756442160,1321.978140
ubuntu-linux,cbc,decrypt,1048576,14,100,75.304475,0.753044750,1327.942330
ubuntu-linux,cbc,decrypt,1048576,15,100,75.830212,0.758302120,1318.735598
ubuntu-linux,cbc,decrypt,1048576,16,100,75.350440,0.753504400,1327.132264
ubuntu-linux,cbc,decrypt,1048576,17,100,75.297613,0.752976130,1328.063348
ubuntu-linux,cbc,decrypt,1048576,18,100,76.044620,0.760446200,1315.017420
ubuntu-linux,cbc,decrypt,1048576,19,100,75.263329,0.752633290,1328.668308
ubuntu-linux,cbc,decrypt,1048576,20,100,75.500479,0.755004790,1324.494908
ubuntu-linux,cbc,decrypt,1048576,21,100,75.614752,0.756147520,1322.493262
ubuntu-linux,cbc,decrypt,1048576,22,100,75.341525,0.753415250,1327.289300
ubuntu-linux,cbc,decrypt,1048576,23,100,75.933053,0.759330530,1316.949550
ubuntu-linux,cbc,decrypt,1048576,24,100,75.193459,0.751934590,1329.902911
ubuntu-linux,cbc,decrypt,1048576,25,100,75.297032,0.752970320,1328.073595
ubuntu-linux,cbc,decrypt,1048576,26,100,76.089453,0.760894530,1314.242593
ubuntu-linux,cbc,decrypt,1048576,27,100,75.191596,0.751915960,1329.935861
ubuntu-linux,cbc,decrypt,1048576,28,100,75.567404,0.755674040,1323.321892
ubuntu-linux,cbc,decrypt,1048576,29,100,75.772766,0.757727660,1319.735378
ubuntu-linux,cbc,decrypt,1048576,30,100,75.597620,0.755976200,1322.792966
ubuntu-linux,cbc,encrypt,8388608,1,100,2362.892967,23.628929670,338.568023
ubuntu-linux,cbc,encrypt,8388608,2,100,2363.347566,23.633475660,338.502898
ubuntu-linux,cbc,encrypt,8388608,3,100,2362.091715,23.620917150,338.682869
ubuntu-linux,cbc,encrypt,8388608,4,100,2360.021733,23.600217330,338.979929
ubuntu-linux,cbc,encrypt,8388608,5,100,2372.844500,23.728445000,337.148094
ubuntu-linux,cbc,encrypt,8388608,6,100,2354.781552,23.547815520,339.734274
ubuntu-linux,cbc,encrypt,8388608,7,100,2357.388880,23.573888800,339.358519
ubuntu-linux,cbc,encrypt,8388608,8,100,2364.834465,23.648344650,338.290063
ubuntu-linux,cbc,encrypt,8388608,9,100,2362.185105,23.621851050,338.669480
ubuntu-linux,cbc,encrypt,8388608,10,100,2361.789212,23.617892120,338.726249
ubuntu-linux,cbc,encrypt,8388608,11,100,2363.046691,23.630466910,338.545998
ubuntu-linux,cbc,encrypt,8388608,12,100,2362.933152,23.629331520,338.562265
ubuntu-linux,cbc,encrypt,8388608,13,100,2360.958566,23.609585660,338.845421
ubuntu-linux,cbc,encrypt,8388608,14,100,2362.289900,23.622899000,338.654456
ubuntu-linux,cbc,encrypt,8388608,15,100,2363.975074,23.639750740,338.413044
ubuntu-linux,cbc,encrypt,8388608,16,100,2363.681751,23.636817510,338.455039
ubuntu-linux,cbc,encrypt,8388608,17,100,2363.094081,23.630940810,338.539209
ubuntu-linux,cbc,encrypt,8388608,18,100,2360.111380,23.601113800,338.967053
ubuntu-linux,cbc,encrypt,8388608,19,100,2358.473809,23.584738090,339.202410
ubuntu-linux,cbc,encrypt,8388608,20,100,2363.851963,23.638519630,338.430668
ubuntu-linux,cbc,encrypt,8388608,21,100,2356.196220,23.561962200,339.530296
ubuntu-linux,cbc,encrypt,8388608,22,100,2360.476393,23.604763930,338.914637
ubuntu-linux,cbc,encrypt,8388608,23,100,2359.777555,23.597775550,339.015005
ubuntu-linux,cbc,encrypt,8388608,24,100,2363.180320,23.631803200,338.526854
ubuntu-linux,cbc,encrypt,8388608,25,100,2364.757080,23.647570800,338.301133
ubuntu-linux,cbc,encrypt,8388608,26,100,2361.475913,23.614759130,338.771188
ubuntu-linux,cbc,encrypt,8388608,27,100,2362.535795,23.625357950,338.619208
ubuntu-linux,cbc,encrypt,8388608,28,100,2363.573462,23.635734620,338.470546
ubuntu-linux,cbc,encrypt,8388608,29,100,2369.507209,23.695072090,337.622944
ubuntu-linux,cbc,encrypt,8388608,30,100,2362.679032,23.626790320,338.598679
ubuntu-linux,cbc,decrypt,8388608,1,100,764.552227,7.645522270,1046.364096
ubuntu-linux,cbc,decrypt,8388608,2,100,759.225322,7.592253220,1053.705635
ubuntu-linux,cbc,decrypt,8388608,3,100,764.897754,7.648977540,1045.891423
ubuntu-linux,cbc,decrypt,8388608,4,100,759.967004,7.599670040,1052.677282
ubuntu-linux,cbc,decrypt,8388608,5,100,760.387628,7.603876280,1052.094972
ubuntu-linux,cbc,decrypt,8388608,6,100,759.770623,7.597706230,1052.949372
ubuntu-linux,cbc,decrypt,8388608,7,100,759.308837,7.593088370,1053.589740
ubuntu-linux,cbc,decrypt,8388608,8,100,764.310925,7.643109250,1046.694446
ubuntu-linux,cbc,decrypt,8388608,9,100,759.395993,7.593959930,1053.468819
ubuntu-linux,cbc,decrypt,8388608,10,100,758.549903,7.585499030,1054.643863
ubuntu-linux,cbc,decrypt,8388608,11,100,761.065890,7.610658900,1051.157345
ubuntu-linux,cbc,decrypt,8388608,12,100,760.505211,7.605052110,1051.932306
ubuntu-linux,cbc,decrypt,8388608,13,100,761.430803,7.614308030,1050.653581
ubuntu-linux,cbc,decrypt,8388608,14,100,764.379423,7.643794230,1046.600649
ubuntu-linux,cbc,decrypt,8388608,15,100,761.982401,7.619824010,1049.893015
ubuntu-linux,cbc,decrypt,8388608,16,100,761.485431,7.614854310,1050.578209
ubuntu-linux,cbc,decrypt,8388608,17,100,760.864168,7.608641680,1051.436030
ubuntu-linux,cbc,decrypt,8388608,18,100,759.467825,7.594678250,1053.369180
ubuntu-linux,cbc,decrypt,8388608,19,100,760.086567,7.600865670,1052.511694
ubuntu-linux,cbc,decrypt,8388608,20,100,759.591389,7.595913890,1053.197827
ubuntu-linux,cbc,decrypt,8388608,21,100,761.507592,7.615075920,1050.547635
ubuntu-linux,cbc,decrypt,8388608,22,100,761.857073,7.618570730,1050.065725
ubuntu-linux,cbc,decrypt,8388608,23,100,759.985657,7.599856570,1052.651445
ubuntu-linux,cbc,decrypt,8388608,24,100,761.317575,7.613175750,1050.809841
ubuntu-linux,cbc,decrypt,8388608,25,100,760.154846,7.601548460,1052.417154
ubuntu-linux,cbc,decrypt,8388608,26,100,758.961601,7.589616010,1054.071772
ubuntu-linux,cbc,decrypt,8388608,27,100,759.989713,7.599897130,1052.645827
ubuntu-linux,cbc,decrypt,8388608,28,100,759.950192,7.599501920,1052.700570
ubuntu-linux,cbc,decrypt,8388608,29,100,760.702703,7.607027030,1051.659205
ubuntu-linux,cbc,decrypt,8388608,30,100,763.698692,7.636986920,1047.533547
ubuntu-linux,cfb,encrypt,1024,1,100,0.225609,0.002256090,432.856180
ubuntu-linux,cfb,encrypt,1024,2,100,0.230598,0.002305980,423.491314
ubuntu-linux,cfb,encrypt,1024,3,100,0.225449,0.002254490,433.163376
ubuntu-linux,cfb,encrypt,1024,4,100,0.224417,0.002244170,435.155314
ubuntu-linux,cfb,encrypt,1024,5,100,0.224918,0.002249180,434.186014
ubuntu-linux,cfb,encrypt,1024,6,100,0.229937,0.002299370,424.708725
ubuntu-linux,cfb,encrypt,1024,7,100,0.225720,0.002257200,432.643319
ubuntu-linux,cfb,encrypt,1024,8,100,0.225459,0.002254590,433.144164
ubuntu-linux,cfb,encrypt,1024,9,100,0.224267,0.002242670,435.446365
ubuntu-linux,cfb,encrypt,1024,10,100,0.225068,0.002250680,433.896645
ubuntu-linux,cfb,encrypt,1024,11,100,0.228965,0.002289650,426.511694
ubuntu-linux,cfb,encrypt,1024,12,100,0.225409,0.002254090,433.240243
ubuntu-linux,cfb,encrypt,1024,13,100,0.225308,0.002253080,433.434454
ubuntu-linux,cfb,encrypt,1024,14,100,0.224748,0.002247480,434.514434
ubuntu-linux,cfb,encrypt,1024,15,100,0.229506,0.002295060,425.506305
ubuntu-linux,cfb,encrypt,1024,16,100,0.226471,0.002264710,431.208632
ubuntu-linux,cfb,encrypt,1024,17,100,0.226451,0.002264510,431.246716
ubuntu-linux,cfb,encrypt,1024,18,100,0.224608,0.002246080,434.785270
ubuntu-linux,cfb,encrypt,1024,19,100,0.224928,0.002249280,434.166711
ubuntu-linux,cfb,encrypt,1024,20,100,0.230458,0.002304580,423.748579
ubuntu-linux,cfb,encrypt,1024,21,100,0.225590,0.002255900,432.892637
ubuntu-linux,cfb,encrypt,1024,22,100,0.224998,0.002249980,434.031636
ubuntu-linux,cfb,encrypt,1024,23,100,0.225148,0.002251480,433.742472
ubuntu-linux,cfb,encrypt,1024,24,100,0.230799,0.002307990,423.122501
ubuntu-linux,cfb,encrypt,1024,25,100,0.225178,0.002251780,433.684685
ubuntu-linux,cfb,encrypt,1024,26,100,0.225609,0.002256090,432.856180
ubuntu-linux,cfb,encrypt,1024,27,100,0.224647,0.002246470,434.709789
ubuntu-linux,cfb,encrypt,1024,28,100,0.229256,0.002292560,425.970313
ubuntu-linux,cfb,encrypt,1024,29,100,0.224878,0.002248780,434.263245
ubuntu-linux,cfb,encrypt,1024,30,100,0.224687,0.002246870,434.632400
ubuntu-linux,cfb,decrypt,1024,1,100,0.152413,0.001524130,640.734386
ubuntu-linux,cfb,decrypt,1024,2,100,0.154858,0.001548580,630.618050
ubuntu-linux,cfb,decrypt,1024,3,100,0.153615,0.001536150,635.720795
ubuntu-linux,cfb,decrypt,1024,4,100,0.158635,0.001586350,615.603429
ubuntu-linux,cfb,decrypt,1024,5,100,0.153715,0.001537150,635.307224
ubuntu-linux,cfb,decrypt,1024,6,100,0.154748,0.001547480,631.066314
ubuntu-linux,cfb,decrypt,1024,7,100,0.153365,0.001533650,636.757083
ubuntu-linux,cfb,decrypt,1024,8,100,0.154818,0.001548180,630.780982
ubuntu-linux,cfb,decrypt,1024,9,100,0.152753,0.001527530,639.308230
ubuntu-linux,cfb,decrypt,1024,10,100,0.160458,0.001604580,608.609418
ubuntu-linux,cfb,decrypt,1024,11,100,0.153095,0.001530950,637.880074
ubuntu-linux,cfb,decrypt,1024,12,100,0.154587,0.001545870,631.723560
ubuntu-linux,cfb,decrypt,1024,13,100,0.152995,0.001529950,638.297003
ubuntu-linux,cfb,decrypt,1024,14,100,0.154778,0.001547780,630.943997
ubuntu-linux,cfb,decrypt,1024,15,100,0.153435,0.001534350,636.466582
ubuntu-linux,cfb,decrypt,1024,16,100,0.159706,0.001597060,611.475148
ubuntu-linux,cfb,decrypt,1024,17,100,0.153555,0.001535550,635.969197
ubuntu-linux,cfb,decrypt,1024,18,100,0.154587,0.001545870,631.723560
ubuntu-linux,cfb,decrypt,1024,19,100,0.152714,0.001527140,639.471496
ubuntu-linux,cfb,decrypt,1024,20,100,0.154908,0.001549080,630.414504
ubuntu-linux,cfb,decrypt,1024,21,100,0.153455,0.001534550,636.383630
ubuntu-linux,cfb,decrypt,1024,22,100,0.155258,0.001552580,628.993353
ubuntu-linux,cfb,decrypt,1024,23,100,0.157192,0.001571920,621.254580
ubuntu-linux,cfb,decrypt,1024,24,100,0.154897,0.001548970,630.459273
ubuntu-linux,cfb,decrypt,1024,25,100,0.152664,0.001526640,639.680933
ubuntu-linux,cfb,decrypt,1024,26,100,0.154658,0.001546580,631.433550
ubuntu-linux,cfb,decrypt,1024,27,100,0.153044,0.001530440,638.092640
ubuntu-linux,cfb,decrypt,1024,28,100,0.155018,0.001550180,629.967165
ubuntu-linux,cfb,decrypt,1024,29,100,0.798413,0.007984130,122.312951
ubuntu-linux,cfb,decrypt,1024,30,100,0.156711,0.001567110,623.161425
ubuntu-linux,cfb,encrypt,4096,1,100,0.707395,0.007073950,552.202094
ubuntu-linux,cfb,encrypt,4096,2,100,0.709488,0.007094880,550.573089
ubuntu-linux,cfb,encrypt,4096,3,100,0.708346,0.007083460,551.460727
ubuntu-linux,cfb,encrypt,4096,4,100,0.703667,0.007036670,555.127638
ubuntu-linux,cfb,encrypt,4096,5,100,0.707324,0.007073240,552.257523
ubuntu-linux,cfb,encrypt,4096,6,100,0.707785,0.007077850,551.897822
ubuntu-linux,cfb,encrypt,4096,7,100,0.704199,0.007041990,554.708257
ubuntu-linux,cfb,encrypt,4096,8,100,0.707114,0.007071140,552.421533
ubuntu-linux,cfb,encrypt,4096,9,100,0.707424,0.007074240,552.179457
ubuntu-linux,cfb,encrypt,4096,10,100,0.704460,0.007044600,554.502740
ubuntu-linux,cfb,encrypt,4096,11,100,0.708296,0.007082960,551.499656
ubuntu-linux,cfb,encrypt,4096,12,100,0.708286,0.007082860,551.507442
ubuntu-linux,cfb,encrypt,4096,13,100,0.708166,0.007081660,551.600896
ubuntu-linux,cfb,encrypt,4096,14,100,0.704149,0.007041490,554.747646
ubuntu-linux,cfb,encrypt,4096,15,100,0.706854,0.007068540,552.624729
ubuntu-linux,cfb,encrypt,4096,16,100,0.707915,0.007079150,551.796473
ubuntu-linux,cfb,encrypt,4096,17,100,0.703688,0.007036880,555.111072
ubuntu-linux,cfb,encrypt,4096,18,100,0.708296,0.007082960,551.499656
ubuntu-linux,cfb,encrypt,4096,19,100,0.708427,0.007084270,551.397674
ubuntu-linux,cfb,encrypt,4096,20,100,0.706964,0.007069640,552.538743
ubuntu-linux,cfb,encrypt,4096,21,100,0.704078,0.007040780,554.803587
ubuntu-linux,cfb,encrypt,4096,22,100,0.707445,0.007074450,552.163066
ubuntu-linux,cfb,encrypt,4096,23,100,0.707415,0.007074150,552.186482
ubuntu-linux,cfb,encrypt,4096,24,100,0.703868,0.007038680,554.969114
ubuntu-linux,cfb,encrypt,4096,25,100,0.707925,0.007079250,551.788678
ubuntu-linux,cfb,encrypt,4096,26,100,0.708757,0.007087570,551.140941
ubuntu-linux,cfb,encrypt,4096,27,100,0.741127,0.007411270,527.068910
ubuntu-linux,cfb,encrypt,4096,28,100,0.705891,0.007058910,553.378638
ubuntu-linux,cfb,encrypt,4096,29,100,0.708717,0.007087170,551.172048
ubuntu-linux,cfb,encrypt,4096,30,100,0.707805,0.007078050,551.882227
ubuntu-linux,cfb,decrypt,4096,1,100,0.400224,0.004002240,976.015931
ubuntu-linux,cfb,decrypt,4096,2,100,0.406997,0.004069970,959.773659
ubuntu-linux,cfb,decrypt,4096,3,100,0.400324,0.004003240,975.772125
ubuntu-linux,cfb,decrypt,4096,4,100,0.400303,0.004003030,975.823314
ubuntu-linux,cfb,decrypt,4096,5,100,0.405023,0.004050230,964.451402
ubuntu-linux,cfb,decrypt,4096,6,100,0.400364,0.004003640,975.674636
ubuntu-linux,cfb,decrypt,4096,7,100,0.404492,0.004044920,965.717493
ubuntu-linux,cfb,decrypt,4096,8,100,0.402698,0.004026980,970.019717
ubuntu-linux,cfb,decrypt,4096,9,100,0.402718,0.004027180,969.971543
ubuntu-linux,cfb,decrypt,4096,10,100,0.405693,0.004056930,962.858615
ubuntu-linux,cfb,decrypt,4096,11,100,0.403569,0.004035690,967.926179
ubuntu-linux,cfb,decrypt,4096,12,100,0.407077,0.004070770,959.585042
ubuntu-linux,cfb,decrypt,4096,13,100,0.402388,0.004023880,970.767021
ubuntu-linux,cfb,decrypt,4096,14,100,0.402398,0.004023980,970.742896
ubuntu-linux,cfb,decrypt,4096,15,100,0.406094,0.004060940,961.907834
ubuntu-linux,cfb,decrypt,4096,16,100,0.402699,0.004026990,970.017308
ubuntu-linux,cfb,decrypt,4096,17,100,0.406385,0.004063850,961.219041
ubuntu-linux,cfb,decrypt,4096,18,100,0.402779,0.004027790,969.824643
ubuntu-linux,cfb,decrypt,4096,19,100,0.402628,0.004026280,970.188362
ubuntu-linux,cfb,decrypt,4096,20,100,0.408800,0.004088000,955.540607
ubuntu-linux,cfb,decrypt,4096,21,100,0.402728,0.004027280,969.947458
ubuntu-linux,cfb,decrypt,4096,22,100,0.407788,0.004077880,957.911954
ubuntu-linux,cfb,decrypt,4096,23,100,0.403390,0.004033900,968.355686
ubuntu-linux,cfb,decrypt,4096,24,100,0.402007,0.004020070,971.687060
ubuntu-linux,cfb,decrypt,4096,25,100,0.406856,0.004068560,960.106278
ubuntu-linux,cfb,decrypt,4096,26,100,0.401656,0.004016560,972.536200
ubuntu-linux,cfb,decrypt,4096,27,100,0.406425,0.004064250,961.124439
ubuntu-linux,cfb,decrypt,4096,28,100,0.403299,0.004032990,968.574184
ubuntu-linux,cfb,decrypt,4096,29,100,0.402949,0.004029490,969.415484
ubuntu-linux,cfb,decrypt,4096,30,100,0.405434,0.004054340,963.473710
ubuntu-linux,cfb,encrypt,16384,1,100,2.468788,0.024687880,632.901651
ubuntu-linux,cfb,encrypt,16384,2,100,2.471703,0.024717030,632.155239
ubuntu-linux,cfb,encrypt,16384,3,100,2.470080,0.024700800,632.570605
ubuntu-linux,cfb,encrypt,16384,4,100,2.471623,0.024716230,632.175700
ubuntu-linux,cfb,encrypt,16384,5,100,2.465311,0.024653110,633.794276
ubuntu-linux,cfb,encrypt,16384,6,100,2.496328,0.024963280,625.919350
ubuntu-linux,cfb,encrypt,16384,7,100,2.492882,0.024928820,626.784581
ubuntu-linux,cfb,encrypt,16384,8,100,2.499285,0.024992850,625.178801
ubuntu-linux,cfb,encrypt,16384,9,100,2.477464,0.024774640,630.685249
ubuntu-linux,cfb,encrypt,16384,10,100,2.470761,0.024707610,632.396254
ubuntu-linux,cfb,encrypt,16384,11,100,2.495848,0.024958480,626.039727
ubuntu-linux,cfb,encrypt,16384,12,100,2.484577,0.024845770,628.879685
ubuntu-linux,cfb,encrypt,16384,13,100,2.472624,0.024726240,631.919774
ubuntu-linux,cfb,encrypt,16384,14,100,2.472003,0.024720030,632.078521
ubuntu-linux,cfb,encrypt,16384,15,100,2.466283,0.024662830,633.544488
ubuntu-linux,cfb,encrypt,16384,16,100,2.475751,0.024757510,631.121627
ubuntu-linux,cfb,encrypt,16384,17,100,2.474599,0.024745990,631.415433
ubuntu-linux,cfb,encrypt,16384,18,100,2.469869,0.024698690,632.624645
ubuntu-linux,cfb,encrypt,16384,19,100,2.473967,0.024739670,631.576735
ubuntu-linux,cfb,encrypt,16384,20,100,2.468727,0.024687270,632.917289
ubuntu-linux,cfb,encrypt,16384,21,100,2.473176,0.024731760,631.778733
ubuntu-linux,cfb,encrypt,16384,22,100,2.467556,0.024675560,633.217645
ubuntu-linux,cfb,encrypt,16384,23,100,2.486821,0.024868210,628.312211
ubuntu-linux,cfb,encrypt,16384,24,100,2.475269,0.024752690,631.244523
ubuntu-linux,cfb,encrypt,16384,25,100,2.471794,0.024717940,632.131966
ubuntu-linux,cfb,encrypt,16384,26,100,2.474317,0.024743170,631.487396
ubuntu-linux,cfb,encrypt,16384,27,100,2.469549,0.024695490,632.706620
ubuntu-linux,cfb,encrypt,16384,28,100,2.472094,0.024720940,632.055254
ubuntu-linux,cfb,encrypt,16384,29,100,2.469919,0.024699190,632.611839
ubuntu-linux,cfb,encrypt,16384,30,100,2.470631,0.024706310,632.429529
ubuntu-linux,cfb,decrypt,16384,1,100,1.248219,0.012482190,1251.783541
ubuntu-linux,cfb,decrypt,16384,2,100,1.247268,0.012472680,1252.737984
ubuntu-linux,cfb,decrypt,16384,3,100,1.259079,0.012590790,1240.986467
ubuntu-linux,cfb,decrypt,16384,4,100,1.249652,0.012496520,1250.348097
ubuntu-linux,cfb,decrypt,16384,5,100,1.252297,0.012522970,1247.707213
ubuntu-linux,cfb,decrypt,16384,6,100,1.247338,0.012473380,1252.667681
ubuntu-linux,cfb,decrypt,16384,7,100,1.254562,0.012545620,1245.454589
ubuntu-linux,cfb,decrypt,16384,8,100,1.254481,0.012544810,1245.535006
ubuntu-linux,cfb,decrypt,16384,9,100,1.256605,0.012566050,1243.429717
ubuntu-linux,cfb,decrypt,16384,10,100,1.252868,0.012528680,1247.138565
ubuntu-linux,cfb,decrypt,16384,11,100,1.252127,0.012521270,1247.876613
ubuntu-linux,cfb,decrypt,16384,12,100,1.253910,0.012539100,1246.102192
ubuntu-linux,cfb,decrypt,16384,13,100,1.259210,0.012592100,1240.857363
ubuntu-linux,cfb,decrypt,16384,14,100,1.254321,0.012543210,1245.693885
ubuntu-linux,cfb,decrypt,16384,15,100,1.252938,0.012529380,1247.068889
ubuntu-linux,cfb,decrypt,16384,16,100,1.289066,0.012890660,1212.117921
ubuntu-linux,cfb,decrypt,16384,17,100,1.265080,0.012650800,1235.099757
ubuntu-linux,cfb,decrypt,16384,18,100,1.262065,0.012620650,1238.050338
ubuntu-linux,cfb,decrypt,16384,19,100,1.252468,0.012524680,1247.536863
ubuntu-linux,cfb,decrypt,16384,20,100,1.254170,0.012541700,1245.843865
ubuntu-linux,cfb,decrypt,16384,21,100,1.275279,0.012752790,1225.222089
ubuntu-linux,cfb,decrypt,16384,22,100,1.280539,0.012805390,1220.189311
ubuntu-linux,cfb,decrypt,16384,23,100,1.279247,0.012792470,1221.421664
ubuntu-linux,cfb,decrypt,16384,24,100,1.267405,0.012674050,1232.834019
ubuntu-linux,cfb,decrypt,16384,25,100,1.253470,0.012534700,1246.539606
ubuntu-linux,cfb,decrypt,16384,26,100,1.254421,0.012544210,1245.594581
ubuntu-linux,cfb,decrypt,16384,27,100,1.269589,0.012695890,1230.713247
ubuntu-linux,cfb,decrypt,16384,28,100,1.277354,0.012773540,1223.231774
ubuntu-linux,cfb,decrypt,16384,29,100,1.268357,0.012683570,1231.908682
ubuntu-linux,cfb,decrypt,16384,30,100,1.266083,0.012660830,1234.121302
ubuntu-linux,cfb,encrypt,262144,1,100,39.783387,0.397833870,628.403007
ubuntu-linux,cfb,encrypt,262144,2,100,39.641132,0.396411320,630.658075
ubuntu-linux,cfb,encrypt,262144,3,100,40.019976,0.400199760,624.688031
ubuntu-linux,cfb,encrypt,262144,4,100,39.673232,0.396732320,630.147803
ubuntu-linux,cfb,encrypt,262144,5,100,39.645421,0.396454210,630.589848
ubuntu-linux,cfb,encrypt,262144,6,100,39.641303,0.396413030,630.655355
ubuntu-linux,cfb,encrypt,262144,7,100,39.649899,0.396498990,630.518630
ubuntu-linux,cfb,encrypt,262144,8,100,39.794387,0.397943870,628.229303
ubuntu-linux,cfb,encrypt,262144,9,100,39.708678,0.397086780,629.585301
ubuntu-linux,cfb,encrypt,262144,10,100,39.632727,0.396327270,630.791820
ubuntu-linux,cfb,encrypt,262144,11,100,39.641532,0.396415320,630.651711
ubuntu-linux,cfb,encrypt,262144,12,100,39.619803,0.396198030,630.997585
ubuntu-linux,cfb,encrypt,262144,13,100,39.782645,0.397826450,628.414727
ubuntu-linux,cfb,encrypt,262144,14,100,39.635161,0.396351610,630.753083
ubuntu-linux,cfb,encrypt,262144,15,100,39.586089,0.395860890,631.534982
ubuntu-linux,cfb,encrypt,262144,16,100,39.654537,0.396545370,630.444885
ubuntu-linux,cfb,encrypt,262144,17,100,39.602500,0.396025000,631.273278
ubuntu-linux,cfb,encrypt,262144,18,100,39.729035,0.397290350,629.262704
ubuntu-linux,cfb,encrypt,262144,19,100,39.658505,0.396585050,630.381806
ubuntu-linux,cfb,encrypt,262144,20,100,39.658475,0.396584750,630.382283
ubuntu-linux,cfb,encrypt,262144,21,100,39.670397,0.396703970,630.192836
ubuntu-linux,cfb,encrypt,262144,22,100,39.648055,0.396480550,630.547955
ubuntu-linux,cfb,encrypt,262144,23,100,39.726061,0.397260610,629.309813
ubuntu-linux,cfb,encrypt,262144,24,100,39.793225,0.397932250,628.247648
ubuntu-linux,cfb,encrypt,262144,25,100,39.694812,0.396948120,629.805225
ubuntu-linux,cfb,encrypt,262144,26,100,39.656010,0.396560100,630.421467
ubuntu-linux,cfb,encrypt,262144,27,100,40.076120,0.400761200,623.812884
ubuntu-linux,cfb,encrypt,262144,28,100,39.667502,0.396675020,630.238829
ubuntu-linux,cfb,encrypt,262144,29,100,39.927825,0.399278250,626.129773
ubuntu-linux,cfb,encrypt,262144,30,100,39.667421,0.396674210,630.240116
ubuntu-linux,cfb,decrypt,262144,1,100,20.954618,0.209546180,1193.054438
ubuntu-linux,cfb,decrypt,262144,2,100,20.538255,0.205382550,1217.240705
ubuntu-linux,cfb,decrypt,262144,3,100,20.424053,0.204240530,1224.046961
ubuntu-linux,cfb,decrypt,262144,4,100,20.366906,0.203669060,1227.481484
ubuntu-linux,cfb,decrypt,262144,5,100,20.416438,0.204164380,1224.503510
ubuntu-linux,cfb,decrypt,262144,6,100,20.356186,0.203561860,1228.127902
ubuntu-linux,cfb,decrypt,262144,7,100,20.435334,0.204353340,1223.371245
ubuntu-linux,cfb,decrypt,262144,8,100,20.366535,0.203665350,1227.503844
ubuntu-linux,cfb,decrypt,262144,9,100,20.356988,0.203569880,1228.079517
ubuntu-linux,cfb,decrypt,262144,10,100,20.286838,0.202868380,1232.326102
ubuntu-linux,cfb,decrypt,262144,11,100,20.373809,0.203738090,1227.065592
ubuntu-linux,cfb,decrypt,262144,12,100,20.397844,0.203978440,1225.619727
ubuntu-linux,cfb,decrypt,262144,13,100,20.439392,0.204393920,1223.128359
ubuntu-linux,cfb,decrypt,262144,14,100,20.332343,0.203323430,1229.568083
ubuntu-linux,cfb,decrypt,262144,15,100,20.356467,0.203564670,1228.110949
ubuntu-linux,cfb,decrypt,262144,16,100,20.402172,0.204021720,1225.359731
ubuntu-linux,cfb,decrypt,262144,17,100,20.377736,0.203777360,1226.829124
ubuntu-linux,cfb,decrypt,262144,18,100,20.331561,0.203315610,1229.615375
ubuntu-linux,cfb,decrypt,262144,19,100,20.366716,0.203667160,1227.492935
ubuntu-linux,cfb,decrypt,262144,20,100,20.336460,0.203364600,1229.319164
ubuntu-linux,cfb,decrypt,262144,21,100,20.570665,0.205706650,1215.322888
ubuntu-linux,cfb,decrypt,262144,22,100,20.463886,0.204638860,1221.664351
ubuntu-linux,cfb,decrypt,262144,23,100,20.280707,0.202807070,1232.698643
ubuntu-linux,cfb,decrypt,262144,24,100,20.384920,0.203849200,1226.396768
ubuntu-linux,cfb,decrypt,262144,25,100,20.341539,0.203415390,1229.012220
ubuntu-linux,cfb,decrypt,262144,26,100,20.347881,0.203478810,1228.629163
ubuntu-linux,cfb,decrypt,262144,27,100,20.340898,0.203408980,1229.050949
ubuntu-linux,cfb,decrypt,262144,28,100,20.365534,0.203655340,1227.564178
ubuntu-linux,cfb,decrypt,262144,29,100,20.263063,0.202630630,1233.772012
ubuntu-linux,cfb,decrypt,262144,30,100,20.328525,0.203285250,1229.799014
ubuntu-linux,cfb,encrypt,1048576,1,100,147.055043,1.470550430,680.017482
ubuntu-linux,cfb,encrypt,1048576,2,100,146.551768,1.465517680,682.352737
ubuntu-linux,cfb,encrypt,1048576,3,100,147.007976,1.470079760,680.235200
ubuntu-linux,cfb,encrypt,1048576,4,100,146.780733,1.467807330,681.288327
ubuntu-linux,cfb,encrypt,1048576,5,100,146.878575,1.468785750,680.834492
ubuntu-linux,cfb,encrypt,1048576,6,100,146.480766,1.464807660,682.683486
ubuntu-linux,cfb,encrypt,1048576,7,100,147.098935,1.470989350,679.814575
ubuntu-linux,cfb,encrypt,1048576,8,100,146.830496,1.468304960,681.057428
ubuntu-linux,cfb,encrypt,1048576,9,100,146.505151,1.465051510,682.569857
ubuntu-linux,cfb,encrypt,1048576,10,100,146.898322,1.468983220,680.742970
ubuntu-linux,cfb,encrypt,1048576,11,100,146.944547,1.469445470,680.528826
ubuntu-linux,cfb,encrypt,1048576,12,100,146.872624,1.468726240,680.862078
ubuntu-linux,cfb,encrypt,1048576,13,100,146.320599,1.463205990,683.430772
ubuntu-linux,cfb,encrypt,1048576,14,100,147.127158,1.471271580,679.684168
ubuntu-linux,cfb,encrypt,1048576,15,100,147.378785,1.473787850,678.523710
ubuntu-linux,cfb,encrypt,1048576,16,100,146.869799,1.468697990,680.875174
ubuntu-linux,cfb,encrypt,1048576,17,100,146.538063,1.465380630,682.416554
ubuntu-linux,cfb,encrypt,1048576,18,100,147.028745,1.470287450,680.139112
ubuntu-linux,cfb,encrypt,1048576,19,100,146.908372,1.469083720,680.696400
ubuntu-linux,cfb,encrypt,1048576,20,100,146.798828,1.467988280,681.204349
ubuntu-linux,cfb,encrypt,1048576,21,100,146.773641,1.467736410,681.321246
ubuntu-linux,cfb,encrypt,1048576,22,100,147.160220,1.471602200,679.531466
ubuntu-linux,cfb,encrypt,1048576,23,100,147.021752,1.470217520,680.171462
ubuntu-linux,cfb,encrypt,1048576,24,100,147.068139,1.470681390,679.956928
ubuntu-linux,cfb,encrypt,1048576,25,100,146.946322,1.469463220,680.520605
ubuntu-linux,cfb,encrypt,1048576,26,100,146.987760,1.469877600,680.328757
ubuntu-linux,cfb,encrypt,1048576,27,100,146.984473,1.469844730,680.343971
ubuntu-linux,cfb,encrypt,1048576,28,100,146.677283,1.466772830,681.768833
ubuntu-linux,cfb,encrypt,1048576,29,100,147.025951,1.470259510,680.152037
ubuntu-linux,cfb,encrypt,1048576,30,100,147.083327,1.470833270,679.886715
ubuntu-linux,cfb,decrypt,1048576,1,100,69.986883,0.699868830,1428.839173
ubuntu-linux,cfb,decrypt,1048576,2,100,69.525506,0.695255060,1438.321067
ubuntu-linux,cfb,decrypt,1048576,3,100,69.563656,0.695636560,1437.532265
ubuntu-linux,cfb,decrypt,1048576,4,100,70.241156,0.702411560,1423.666775
ubuntu-linux,cfb,decrypt,1048576,5,100,69.523833,0.695238330,1438.355679
ubuntu-linux,cfb,decrypt,1048576,6,100,69.807239,0.698072390,1432.516189
ubuntu-linux,cfb,decrypt,1048576,7,100,70.515054,0.705150540,1418.136899
ubuntu-linux,cfb,decrypt,1048576,8,100,69.623257,0.696232570,1436.301666
ubuntu-linux,cfb,decrypt,1048576,9,100,69.683450,0.696834500,1435.060979
ubuntu-linux,cfb,decrypt,1048576,10,100,70.530684,0.705306840,1417.822632
ubuntu-linux,cfb,decrypt,1048576,11,100,69.865477,0.698654770,1431.322082
ubuntu-linux,cfb,decrypt,1048576,12,100,69.821476,0.698214760,1432.224091
ubuntu-linux,cfb,decrypt,1048576,13,100,70.357051,0.703570510,1421.321653
ubuntu-linux,cfb,decrypt,1048576,14,100,69.840882,0.698408820,1431.826133
ubuntu-linux,cfb,decrypt,1048576,15,100,70.593090,0.705930900,1416.569242
ubuntu-linux,cfb,decrypt,1048576,16,100,69.821727,0.698217270,1432.218942
ubuntu-linux,cfb,decrypt,1048576,17,100,69.737069,0.697370690,1433.957599
ubuntu-linux,cfb,decrypt,1048576,18,100,70.524963,0.705249630,1417.937646
ubuntu-linux,cfb,decrypt,1048576,19,100,69.863364,0.698633640,1431.365372
ubuntu-linux,cfb,decrypt,1048576,20,100,69.806979,0.698069790,1432.521525
ubuntu-linux,cfb,decrypt,1048576,21,100,70.595404,0.705954040,1416.522809
ubuntu-linux,cfb,decrypt,1048576,22,100,70.002983,0.700029830,1428.510554
ubuntu-linux,cfb,decrypt,1048576,23,100,69.792262,0.697922620,1432.823599
ubuntu-linux,cfb,decrypt,1048576,24,100,70.874833,0.708748330,1410.938069
ubuntu-linux,cfb,decrypt,1048576,25,100,69.897707,0.698977070,1430.662096
ubuntu-linux,cfb,decrypt,1048576,26,100,69.801509,0.698015090,1432.633784
ubuntu-linux,cfb,decrypt,1048576,27,100,70.460294,0.704602940,1419.239040
ubuntu-linux,cfb,decrypt,1048576,28,100,69.788976,0.697889760,1432.891063
ubuntu-linux,cfb,decrypt,1048576,29,100,69.707404,0.697074040,1434.567840
ubuntu-linux,cfb,decrypt,1048576,30,100,70.375997,0.703759970,1420.939017
ubuntu-linux,cfb,encrypt,8388608,1,100,1267.880209,12.678802090,630.974436
ubuntu-linux,cfb,encrypt,8388608,2,100,1267.743260,12.677432600,631.042598
ubuntu-linux,cfb,encrypt,8388608,3,100,1262.885258,12.628852580,633.470060
ubuntu-linux,cfb,encrypt,8388608,4,100,1262.414989,12.624149890,633.706037
ubuntu-linux,cfb,encrypt,8388608,5,100,1263.328903,12.633289030,633.247603
ubuntu-linux,cfb,encrypt,8388608,6,100,1266.658145,12.666581450,631.583196
ubuntu-linux,cfb,encrypt,8388608,7,100,1268.876292,12.688762920,630.479114
ubuntu-linux,cfb,encrypt,8388608,8,100,1271.360835,12.713608350,629.247007
ubuntu-linux,cfb,encrypt,8388608,9,100,1264.118732,12.641187320,632.851946
ubuntu-linux,cfb,encrypt,8388608,10,100,1263.166437,12.631664370,633.329050
ubuntu-linux,cfb,encrypt,8388608,11,100,1262.292780,12.622927800,633.767390
ubuntu-linux,cfb,encrypt,8388608,12,100,1262.929298,12.629292980,633.447970
ubuntu-linux,cfb,encrypt,8388608,13,100,1262.534319,12.625343190,633.646142
ubuntu-linux,cfb,encrypt,8388608,14,100,1261.701747,12.617017470,634.064272
ubuntu-linux,cfb,encrypt,8388608,15,100,1265.262018,12.652620180,632.280104
ubuntu-linux,cfb,encrypt,8388608,16,100,1264.210300,12.642103000,632.806108
ubuntu-linux,cfb,encrypt,8388608,17,100,1264.032404,12.640324040,632.895167
ubuntu-linux,cfb,encrypt,8388608,18,100,1262.840715,12.628407150,633.492404
ubuntu-linux,cfb,encrypt,8388608,19,100,1263.122443,12.631224430,633.351109
ubuntu-linux,cfb,encrypt,8388608,20,100,1263.181178,12.631811780,633.321660
ubuntu-linux,cfb,encrypt,8388608,21,100,1263.139776,12.631397760,633.342418
ubuntu-linux,cfb,encrypt,8388608,22,100,1262.447614,12.624476140,633.689661
ubuntu-linux,cfb,encrypt,8388608,23,100,1263.124939,12.631249390,633.349857
ubuntu-linux,cfb,encrypt,8388608,24,100,1263.416316,12.634163160,633.203790
ubuntu-linux,cfb,encrypt,8388608,25,100,1262.569887,12.625698870,633.628291
ubuntu-linux,cfb,encrypt,8388608,26,100,1261.649872,12.616498720,634.090343
ubuntu-linux,cfb,encrypt,8388608,27,100,1262.445306,12.624453060,633.690819
ubuntu-linux,cfb,encrypt,8388608,28,100,1260.441287,12.604412870,634.698346
ubuntu-linux,cfb,encrypt,8388608,29,100,1260.399134,12.603991340,634.719573
ubuntu-linux,cfb,encrypt,8388608,30,100,1263.793837,12.637938370,633.014639
ubuntu-linux,cfb,decrypt,8388608,1,100,728.262650,7.282626500,1098.504777
ubuntu-linux,cfb,decrypt,8388608,2,100,721.533798,7.215337980,1108.749170
ubuntu-linux,cfb,decrypt,8388608,3,100,723.168767,7.231687670,1106.242466
ubuntu-linux,cfb,decrypt,8388608,4,100,719.966477,7.199664770,1111.162847
ubuntu-linux,cfb,decrypt,8388608,5,100,719.182632,7.191826320,1112.373915
ubuntu-linux,cfb,decrypt,8388608,6,100,721.175388,7.211753880,1109.300197
ubuntu-linux,cfb,decrypt,8388608,7,100,721.892071,7.218920710,1108.198901
ubuntu-linux,cfb,decrypt,8388608,8,100,720.472364,7.204723640,1110.382632
ubuntu-linux,cfb,decrypt,8388608,9,100,719.700642,7.197006420,1111.573275
ubuntu-linux,cfb,decrypt,8388608,10,100,718.972571,7.189725710,1112.698915
ubuntu-linux,cfb,decrypt,8388608,11,100,721.463361,7.214633610,1108.857418
ubuntu-linux,cfb,decrypt,8388608,12,100,720.603946,7.206039460,1110.179877
ubuntu-linux,cfb,decrypt,8388608,13,100,719.697633,7.196976330,1111.577923
ubuntu-linux,cfb,decrypt,8388608,14,100,721.328315,7.213283150,1109.065017
ubuntu-linux,cfb,decrypt,8388608,15,100,721.199988,7.211999880,1109.262359
ubuntu-linux,cfb,decrypt,8388608,16,100,718.244286,7.182442860,1113.827169
ubuntu-linux,cfb,decrypt,8388608,17,100,718.139143,7.181391430,1113.990245
ubuntu-linux,cfb,decrypt,8388608,18,100,718.825048,7.188250480,1112.927272
ubuntu-linux,cfb,decrypt,8388608,19,100,719.419937,7.194199370,1112.006992
ubuntu-linux,cfb,decrypt,8388608,20,100,720.343364,7.203433640,1110.581481
ubuntu-linux,cfb,decrypt,8388608,21,100,719.096439,7.190964390,1112.507247
ubuntu-linux,cfb,decrypt,8388608,22,100,719.679804,7.196798040,1111.605461
ubuntu-linux,cfb,decrypt,8388608,23,100,719.732464,7.197324640,1111.524129
ubuntu-linux,cfb,decrypt,8388608,24,100,719.393836,7.193938360,1112.047338
ubuntu-linux,cfb,decrypt,8388608,25,100,720.686830,7.206868300,1110.052198
ubuntu-linux,cfb,decrypt,8388608,26,100,718.241918,7.182419180,1113.830842
ubuntu-linux,cfb,decrypt,8388608,27,100,721.062261,7.210622610,1109.474234
ubuntu-linux,cfb,decrypt,8388608,28,100,719.369687,7.193696870,1112.084669
ubuntu-linux,cfb,decrypt,8388608,29,100,719.017544,7.190175440,1112.629319
ubuntu-linux,cfb,decrypt,8388608,30,100,719.745108,7.197451080,1111.504602
ubuntu-linux,ofb,encrypt,1024,1,100,0.228855,0.002288550,426.716698
ubuntu-linux,ofb,encrypt,1024,2,100,0.229396,0.002293960,425.710344
ubuntu-linux,ofb,encrypt,1024,3,100,0.233093,0.002330930,418.958313
ubuntu-linux,ofb,encrypt,1024,4,100,0.229838,0.002298380,424.891663
ubuntu-linux,ofb,encrypt,1024,5,100,0.229446,0.002294460,425.617575
ubuntu-linux,ofb,encrypt,1024,6,100,0.228575,0.002285750,427.239418
ubuntu-linux,ofb,encrypt,1024,7,100,0.232131,0.002321310,420.694565
ubuntu-linux,ofb,encrypt,1024,8,100,0.229467,0.002294670,425.578624
ubuntu-linux,ofb,encrypt,1024,9,100,0.229146,0.002291460,426.174797
ubuntu-linux,ofb,encrypt,1024,10,100,0.229376,0.002293760,425.747463
ubuntu-linux,ofb,encrypt,1024,11,100,0.232462,0.002324620,420.095542
ubuntu-linux,ofb,encrypt,1024,12,100,0.228806,0.002288060,426.808082
ubuntu-linux,ofb,encrypt,1024,13,100,0.228905,0.002289050,426.623490
ubuntu-linux,ofb,encrypt,1024,14,100,0.228796,0.002287960,426.826736
ubuntu-linux,ofb,encrypt,1024,15,100,0.229247,0.002292470,425.987036
ubuntu-linux,ofb,encrypt,1024,16,100,0.232181,0.002321810,420.603968
ubuntu-linux,ofb,encrypt,1024,17,100,0.229236,0.002292360,426.007477
ubuntu-linux,ofb,encrypt,1024,18,100,0.229397,0.002293970,425.708488
ubuntu-linux,ofb,encrypt,1024,19,100,0.228855,0.002288550,426.716698
ubuntu-linux,ofb,encrypt,1024,20,100,0.232722,0.002327220,419.626206
ubuntu-linux,ofb,encrypt,1024,21,100,0.229156,0.002291560,426.156199
ubuntu-linux,ofb,encrypt,1024,22,100,0.229316,0.002293160,425.858859
ubuntu-linux,ofb,encrypt,1024,23,100,0.229045,0.002290450,426.362723
ubuntu-linux,ofb,encrypt,1024,24,100,0.232462,0.002324620,420.095542
ubuntu-linux,ofb,encrypt,1024,25,100,0.229066,0.002290660,426.323636
ubuntu-linux,ofb,encrypt,1024,26,100,0.229757,0.002297570,425.041457
ubuntu-linux,ofb,encrypt,1024,27,100,0.230438,0.002304380,423.785357
ubuntu-linux,ofb,encrypt,1024,28,100,0.230118,0.002301180,424.374669
ubuntu-linux,ofb,encrypt,1024,29,100,0.932944,0.009329440,104.675361
ubuntu-linux,ofb,encrypt,1024,30,100,0.235427,0.002354270,414.804801
ubuntu-linux,ofb,decrypt,1024,1,100,0.229977,0.002299770,424.634855
ubuntu-linux,ofb,decrypt,1024,2,100,0.230068,0.002300680,424.466897
ubuntu-linux,ofb,decrypt,1024,3,100,0.229497,0.002294970,425.522992
ubuntu-linux,ofb,decrypt,1024,4,100,0.233434,0.002334340,418.346299
ubuntu-linux,ofb,decrypt,1024,5,100,0.230258,0.002302580,424.116643
ubuntu-linux,ofb,decrypt,1024,6,100,0.229867,0.002298670,424.838059
ubuntu-linux,ofb,decrypt,1024,7,100,0.230469,0.002304690,423.728354
ubuntu-linux,ofb,decrypt,1024,8,100,0.234576,0.002345760,416.309640
ubuntu-linux,ofb,decrypt,1024,9,100,0.231360,0.002313600,422.096516
ubuntu-linux,ofb,decrypt,1024,10,100,0.231049,0.002310490,422.664673
ubuntu-linux,ofb,decrypt,1024,11,100,0.230509,0.002305090,423.654825
ubuntu-linux,ofb,decrypt,1024,12,100,0.229977,0.002299770,424.634855
ubuntu-linux,ofb,decrypt,1024,13,100,0.308083,0.003080830,316.980327
ubuntu-linux,ofb,decrypt,1024,14,100,0.231300,0.002313000,422.206010
ubuntu-linux,ofb,decrypt,1024,15,100,0.230207,0.002302070,424.210602
ubuntu-linux,ofb,decrypt,1024,16,100,0.229947,0.002299470,424.690255
ubuntu-linux,ofb,decrypt,1024,17,100,0.234907,0.002349070,415.723031
ubuntu-linux,ofb,decrypt,1024,18,100,0.230308,0.002303080,424.024567
ubuntu-linux,ofb,decrypt,1024,19,100,0.229717,0.002297170,425.115468
ubuntu-linux,ofb,decrypt,1024,20,100,0.229968,0.002299680,424.651473
ubuntu-linux,ofb,decrypt,1024,21,100,0.233093,0.002330930,418.958313
ubuntu-linux,ofb,decrypt,1024,22,100,0.230168,0.002301680,424.282481
ubuntu-linux,ofb,decrypt,1024,23,100,0.229537,0.002295370,425.448838
ubuntu-linux,ofb,decrypt,1024,24,100,0.229506,0.002295060,425.506305
ubuntu-linux,ofb,decrypt,1024,25,100,0.233474,0.002334740,418.274626
ubuntu-linux,ofb,decrypt,1024,26,100,0.230098,0.002300980,424.411555
ubuntu-linux,ofb,decrypt,1024,27,100,0.230228,0.002302280,424.171908
ubuntu-linux,ofb,decrypt,1024,28,100,0.229677,0.002296770,425.189505
ubuntu-linux,ofb,decrypt,1024,29,100,0.229216,0.002292160,426.044648
ubuntu-linux,ofb,decrypt,1024,30,100,0.233084,0.002330840,418.974490
ubuntu-linux,ofb,encrypt,4096,1,100,0.704680,0.007046800,554.329625
ubuntu-linux,ofb,encrypt,4096,2,100,0.709368,0.007093680,550.666227
ubuntu-linux,ofb,encrypt,4096,3,100,0.712474,0.007124740,548.265621
ubuntu-linux,ofb,encrypt,4096,4,100,0.713015,0.007130150,547.849624
ubuntu-linux,ofb,encrypt,4096,5,100,0.708838,0.007088380,551.077961
ubuntu-linux,ofb,encrypt,4096,6,100,0.712594,0.007125940,548.173294
ubuntu-linux,ofb,encrypt,4096,7,100,0.713116,0.007131160,547.772031
ubuntu-linux,ofb,encrypt,4096,8,100,0.708857,0.007088570,551.063190
ubuntu-linux,ofb,encrypt,4096,9,100,0.712134,0.007121340,548.527384
ubuntu-linux,ofb,encrypt,4096,10,100,0.712845,0.007128450,547.980276
ubuntu-linux,ofb,encrypt,4096,11,100,0.715089,0.007150890,546.260675
ubuntu-linux,ofb,encrypt,4096,12,100,0.709008,0.007090080,550.945829
ubuntu-linux,ofb,encrypt,4096,13,100,0.712805,0.007128050,548.011027
ubuntu-linux,ofb,encrypt,4096,14,100,0.710220,0.007102200,550.005632
ubuntu-linux,ofb,encrypt,4096,15,100,0.705471,0.007054710,553.708090
ubuntu-linux,ofb,encrypt,4096,16,100,0.712644,0.007126440,548.134833
ubuntu-linux,ofb,encrypt,4096,17,100,0.713526,0.007135260,547.457276
ubuntu-linux,ofb,encrypt,4096,18,100,0.713186,0.007131860,547.718267
ubuntu-linux,ofb,encrypt,4096,19,100,0.709458,0.007094580,550.596371
ubuntu-linux,ofb,encrypt,4096,20,100,0.713356,0.007133560,547.587740
ubuntu-linux,ofb,encrypt,4096,21,100,0.712995,0.007129950,547.864992
ubuntu-linux,ofb,encrypt,4096,22,100,0.708106,0.007081060,551.647635
ubuntu-linux,ofb,encrypt,4096,23,100,1.172179,0.011721790,333.246885
ubuntu-linux,ofb,encrypt,4096,24,100,0.705241,0.007052410,553.888671
ubuntu-linux,ofb,encrypt,4096,25,100,0.708748,0.007087480,551.147940
ubuntu-linux,ofb,encrypt,4096,26,100,0.710580,0.007105800,549.726984
ubuntu-linux,ofb,encrypt,4096,27,100,0.704920,0.007049200,554.140895
ubuntu-linux,ofb,encrypt,4096,28,100,0.709038,0.007090380,550.922518
ubuntu-linux,ofb,encrypt,4096,29,100,0.713336,0.007133360,547.603093
ubuntu-linux,ofb,encrypt,4096,30,100,0.713727,0.007137270,547.303100
ubuntu-linux,ofb,decrypt,4096,1,100,0.716772,0.007167720,544.978040
ubuntu-linux,ofb,decrypt,4096,2,100,0.721310,0.007213100,541.549403
ubuntu-linux,ofb,decrypt,4096,3,100,0.716562,0.007165620,545.137755
ubuntu-linux,ofb,decrypt,4096,4,100,0.717674,0.007176740,544.293091
ubuntu-linux,ofb,decrypt,4096,5,100,0.718084,0.007180840,543.982320
ubuntu-linux,ofb,decrypt,4096,6,100,0.720278,0.007202780,542.325324
ubuntu-linux,ofb,decrypt,4096,7,100,0.722243,0.007222430,540.849825
ubuntu-linux,ofb,decrypt,4096,8,100,0.716441,0.007164410,545.229824
ubuntu-linux,ofb,decrypt,4096,9,100,0.721400,0.007214000,541.481841
ubuntu-linux,ofb,decrypt,4096,10,100,0.722442,0.007224420,540.700845
ubuntu-linux,ofb,decrypt,4096,11,100,0.722583,0.007225830,540.595336
ubuntu-linux,ofb,decrypt,4096,12,100,0.717614,0.007176140,544.338600
ubuntu-linux,ofb,decrypt,4096,13,100,0.717283,0.007172830,544.589792
ubuntu-linux,ofb,decrypt,4096,14,100,0.717503,0.007175030,544.422811
ubuntu-linux,ofb,decrypt,4096,15,100,0.717313,0.007173130,544.567016
ubuntu-linux,ofb,decrypt,4096,16,100,0.719928,0.007199280,542.588981
ubuntu-linux,ofb,decrypt,4096,17,100,0.721601,0.007216010,541.331013
ubuntu-linux,ofb,decrypt,4096,18,100,0.720519,0.007205190,542.143927
ubuntu-linux,ofb,decrypt,4096,19,100,0.717302,0.007173020,544.575367
ubuntu-linux,ofb,decrypt,4096,20,100,0.720789,0.007207890,541.940845
ubuntu-linux,ofb,decrypt,4096,21,100,0.720109,0.007201090,542.452601
ubuntu-linux,ofb,decrypt,4096,22,100,0.712604,0.007126040,548.165601
ubuntu-linux,ofb,decrypt,4096,23,100,0.719878,0.007198780,542.626667
ubuntu-linux,ofb,decrypt,4096,24,100,0.721430,0.007214300,541.459324
ubuntu-linux,ofb,decrypt,4096,25,100,0.721441,0.007214410,541.451068
ubuntu-linux,ofb,decrypt,4096,26,100,0.716562,0.007165620,545.137755
ubuntu-linux,ofb,decrypt,4096,27,100,0.720599,0.007205990,542.083739
ubuntu-linux,ofb,decrypt,4096,28,100,0.720409,0.007204090,542.226707
ubuntu-linux,ofb,decrypt,4096,29,100,0.722332,0.007223320,540.783186
ubuntu-linux,ofb,decrypt,4096,30,100,0.716672,0.007166720,545.054083
ubuntu-linux,ofb,encrypt,16384,1,100,2.471282,0.024712820,632.262931
ubuntu-linux,ofb,encrypt,16384,2,100,2.464761,0.024647610,633.935704
ubuntu-linux,ofb,encrypt,16384,3,100,2.471583,0.024715830,632.185931
ubuntu-linux,ofb,encrypt,16384,4,100,2.466864,0.024668640,633.395274
ubuntu-linux,ofb,encrypt,16384,5,100,2.477634,0.024776340,630.641975
ubuntu-linux,ofb,encrypt,16384,6,100,2.465923,0.024659230,633.636979
ubuntu-linux,ofb,encrypt,16384,7,100,2.475340,0.024753400,631.226417
ubuntu-linux,ofb,encrypt,16384,8,100,2.488966,0.024889660,627.770729
ubuntu-linux,ofb,encrypt,16384,9,100,2.502761,0.025027610,624.310511
ubuntu-linux,ofb,encrypt,16384,10,100,2.466604,0.024666040,633.462039
ubuntu-linux,ofb,encrypt,16384,11,100,2.487493,0.024874930,628.142471
ubuntu-linux,ofb,encrypt,16384,12,100,2.512520,0.025125200,621.885597
ubuntu-linux,ofb,encrypt,16384,13,100,2.514302,0.025143020,621.444838
ubuntu-linux,ofb,encrypt,16384,14,100,2.517589,0.025175890,620.633471
ubuntu-linux,ofb,encrypt,16384,15,100,2.500307,0.025003070,624.923259
ubuntu-linux,ofb,encrypt,16384,16,100,2.474969,0.024749690,631.321039
ubuntu-linux,ofb,encrypt,16384,17,100,2.476853,0.024768530,630.840829
ubuntu-linux,ofb,encrypt,16384,18,100,2.485108,0.024851080,628.745310
ubuntu-linux,ofb,encrypt,16384,19,100,2.481762,0.024817620,629.593007
ubuntu-linux,ofb,encrypt,16384,20,100,2.513341,0.025133410,621.682454
ubuntu-linux,ofb,encrypt,16384,21,100,2.481472,0.024814720,629.666585
ubuntu-linux,ofb,encrypt,16384,22,100,2.474649,0.024746490,631.402676
ubuntu-linux,ofb,encrypt,16384,23,100,2.479948,0.024799480,630.053533
ubuntu-linux,ofb,encrypt,16384,24,100,2.460673,0.024606730,634.988883
ubuntu-linux,ofb,encrypt,16384,25,100,2.464420,0.024644200,634.023421
ubuntu-linux,ofb,encrypt,16384,26,100,2.476543,0.024765430,630.919794
ubuntu-linux,ofb,encrypt,16384,27,100,2.460743,0.024607430,634.970820
ubuntu-linux,ofb,encrypt,16384,28,100,2.478096,0.024780960,630.524403
ubuntu-linux,ofb,encrypt,16384,29,100,2.466554,0.024665540,633.474880
ubuntu-linux,ofb,encrypt,16384,30,100,2.471693,0.024716930,632.157796
ubuntu-linux,ofb,decrypt,16384,1,100,2.493224,0.024932240,626.698604
ubuntu-linux,ofb,decrypt,16384,2,100,2.498082,0.024980820,625.479868
ubuntu-linux,ofb,decrypt,16384,3,100,2.495548,0.024955480,626.114986
ubuntu-linux,ofb,decrypt,16384,4,100,2.533328,0.025333280,616.777614
ubuntu-linux,ofb,decrypt,16384,5,100,2.492563,0.024925630,626.864797
ubuntu-linux,ofb,decrypt,16384,6,100,2.527867,0.025278670,618.110051
ubuntu-linux,ofb,decrypt,16384,7,100,2.491610,0.024916100,627.104563
ubuntu-linux,ofb,decrypt,16384,8,100,2.506628,0.025066280,623.347381
ubuntu-linux,ofb,decrypt,16384,9,100,2.559296,0.025592960,610.519455
ubuntu-linux,ofb,decrypt,16384,10,100,2.497371,0.024973710,625.657942
ubuntu-linux,ofb,decrypt,16384,11,100,2.529701,0.025297010,617.661929
ubuntu-linux,ofb,decrypt,16384,12,100,2.501589,0.025015890,624.603002
ubuntu-linux,ofb,decrypt,16384,13,100,2.513652,0.025136520,621.605536
ubuntu-linux,ofb,decrypt,16384,14,100,2.501188,0.025011880,624.703141
ubuntu-linux,ofb,decrypt,16384,15,100,2.496890,0.024968900,625.778468
ubuntu-linux,ofb,decrypt,16384,16,100,2.491360,0.024913600,627.167491
ubuntu-linux,ofb,decrypt,16384,17,100,2.503853,0.025038530,624.038232
ubuntu-linux,ofb,decrypt,16384,18,100,2.493354,0.024933540,626.665929
ubuntu-linux,ofb,decrypt,16384,19,100,2.493955,0.024939550,626.514913
ubuntu-linux,ofb,decrypt,16384,20,100,2.494846,0.024948460,626.291162
ubuntu-linux,ofb,decrypt,16384,21,100,2.493744,0.024937440,626.567924
ubuntu-linux,ofb,decrypt,16384,22,100,2.524902,0.025249020,618.835899
ubuntu-linux,ofb,decrypt,16384,23,100,2.529210,0.025292100,617.781837
ubuntu-linux,ofb,decrypt,16384,24,100,2.535112,0.025351120,616.343578
ubuntu-linux,ofb,decrypt,16384,25,100,2.538768,0.025387680,615.456001
ubuntu-linux,ofb,decrypt,16384,26,100,2.507961,0.025079610,623.016068
ubuntu-linux,ofb,decrypt,16384,27,100,2.502530,0.025025300,624.368139
ubuntu-linux,ofb,decrypt,16384,28,100,2.501749,0.025017490,624.563056
ubuntu-linux,ofb,decrypt,16384,29,100,2.506227,0.025062270,623.447118
ubuntu-linux,ofb,decrypt,16384,30,100,2.499365,0.024993650,625.158790
ubuntu-linux,ofb,encrypt,262144,1,100,39.859667,0.398596670,627.200423
ubuntu-linux,ofb,encrypt,262144,2,100,39.676177,0.396761770,630.101030
ubuntu-linux,ofb,encrypt,262144,3,100,39.909860,0.399098600,626.411619
ubuntu-linux,ofb,encrypt,262144,4,100,39.749152,0.397491520,628.944235
ubuntu-linux,ofb,encrypt,262144,5,100,39.737801,0.397378010,629.123891
ubuntu-linux,ofb,encrypt,262144,6,100,39.730186,0.397301860,629.244474
ubuntu-linux,ofb,encrypt,262144,7,100,39.689251,0.396892510,629.893469
ubuntu-linux,ofb,encrypt,262144,8,100,39.925269,0.399252690,626.169857
ubuntu-linux,ofb,encrypt,262144,9,100,39.715819,0.397158190,629.472100
ubuntu-linux,ofb,encrypt,262144,10,100,39.705701,0.397057010,629.632505
ubuntu-linux,ofb,encrypt,262144,11,100,39.792863,0.397928630,628.253363
ubuntu-linux,ofb,encrypt,262144,12,100,39.708006,0.397080060,629.595956
ubuntu-linux,ofb,encrypt,262144,13,100,39.952991,0.399529910,625.735380
ubuntu-linux,ofb,encrypt,262144,14,100,39.712804,0.397128040,629.519890
ubuntu-linux,ofb,encrypt,262144,15,100,39.736098,0.397360980,629.150854
ubuntu-linux,ofb,encrypt,262144,16,100,39.723414,0.397234140,629.351747
ubuntu-linux,ofb,encrypt,262144,17,100,39.697606,0.396976060,629.760898
ubuntu-linux,ofb,encrypt,262144,18,100,39.953602,0.399536020,625.725811
ubuntu-linux,ofb,encrypt,262144,19,100,39.713225,0.397132250,629.513216
ubuntu-linux,ofb,encrypt,262144,20,100,39.719868,0.397198680,629.407933
ubuntu-linux,ofb,encrypt,262144,21,100,39.749513,0.397495130,628.938523
ubuntu-linux,ofb,encrypt,262144,22,100,39.725348,0.397253480,629.321108
ubuntu-linux,ofb,encrypt,262144,23,100,40.010307,0.400103070,624.838995
ubuntu-linux,ofb,encrypt,262144,24,100,39.746146,0.397461460,628.991802
ubuntu-linux,ofb,encrypt,262144,25,100,39.781702,0.397817020,628.429623
ubuntu-linux,ofb,encrypt,262144,26,100,39.756505,0.397565050,628.827911
ubuntu-linux,ofb,encrypt,262144,27,100,39.703407,0.397034070,629.668885
ubuntu-linux,ofb,encrypt,262144,28,100,39.924979,0.399249790,626.174406
ubuntu-linux,ofb,encrypt,262144,29,100,39.707194,0.397071940,629.608831
ubuntu-linux,ofb,encrypt,262144,30,100,39.734976,0.397349760,629.168620
ubuntu-linux,ofb,decrypt,262144,1,100,40.181756,0.401817560,622.172909
ubuntu-linux,ofb,decrypt,262144,2,100,40.131172,0.401311720,622.957137
ubuntu-linux,ofb,decrypt,262144,3,100,40.114592,0.401145920,623.214615
ubuntu-linux,ofb,decrypt,262144,4,100,40.049220,0.400492200,624.231883
ubuntu-linux,ofb,decrypt,262144,5,100,40.201773,0.402017730,621.863120
ubuntu-linux,ofb,decrypt,262144,6,100,40.290608,0.402906080,620.492002
ubuntu-linux,ofb,decrypt,262144,7,100,40.073966,0.400739660,623.846414
ubuntu-linux,ofb,decrypt,262144,8,100,40.500508,0.405005080,617.276208
ubuntu-linux,ofb,decrypt,262144,9,100,40.871157,0.408711570,611.678304
ubuntu-linux,ofb,decrypt,262144,10,100,41.074696,0.410746960,608.647231
ubuntu-linux,ofb,decrypt,262144,11,100,41.152931,0.411529310,607.490145
ubuntu-linux,ofb,decrypt,262144,12,100,40.502652,0.405026520,617.243533
ubuntu-linux,ofb,decrypt,262144,13,100,40.279158,0.402791580,620.668386
ubuntu-linux,ofb,decrypt,262144,14,100,39.986533,0.399865330,625.210493
ubuntu-linux,ofb,decrypt,262144,15,100,40.221309,0.402213090,621.561074
ubuntu-linux,ofb,decrypt,262144,16,100,40.124951,0.401249510,623.053720
ubuntu-linux,ofb,decrypt,262144,17,100,40.090617,0.400906170,623.587310
ubuntu-linux,ofb,decrypt,262144,18,100,40.130821,0.401308210,622.962585
ubuntu-linux,ofb,decrypt,262144,19,100,40.059019,0.400590190,624.079187
ubuntu-linux,ofb,decrypt,262144,20,100,40.231809,0.402318090,621.398854
ubuntu-linux,ofb,decrypt,262144,21,100,40.176256,0.401762560,622.258082
ubuntu-linux,ofb,decrypt,262144,22,100,40.083764,0.400837640,623.693923
ubuntu-linux,ofb,decrypt,262144,23,100,40.182027,0.401820270,622.168712
ubuntu-linux,ofb,decrypt,262144,24,100,40.134027,0.401340270,622.912822
ubuntu-linux,ofb,decrypt,262144,25,100,40.249091,0.402490910,621.132040
ubuntu-linux,ofb,decrypt,262144,26,100,40.157020,0.401570200,622.556156
ubuntu-linux,ofb,decrypt,262144,27,100,40.133727,0.401337270,622.917478
ubuntu-linux,ofb,decrypt,262144,28,100,40.115002,0.401150020,623.208245
ubuntu-linux,ofb,decrypt,262144,29,100,40.085988,0.400859880,623.659320
ubuntu-linux,ofb,decrypt,262144,30,100,40.178811,0.401788110,622.218512
ubuntu-linux,ofb,encrypt,1048576,1,100,147.287047,1.472870470,678.946330
ubuntu-linux,ofb,encrypt,1048576,2,100,146.553695,1.465536950,682.343765
ubuntu-linux,ofb,encrypt,1048576,3,100,147.235141,1.472351410,679.185684
ubuntu-linux,ofb,encrypt,1048576,4,100,147.079562,1.470795620,679.904119
ubuntu-linux,ofb,encrypt,1048576,5,100,147.194184,1.471941840,679.374669
ubuntu-linux,ofb,encrypt,1048576,6,100,146.659261,1.466592610,681.852611
ubuntu-linux,ofb,encrypt,1048576,7,100,147.152016,1.471520160,679.569351
ubuntu-linux,ofb,encrypt,1048576,8,100,147.084231,1.470842310,679.882536
ubuntu-linux,ofb,encrypt,1048576,9,100,147.257312,1.472573120,679.083426
ubuntu-linux,ofb,encrypt,1048576,10,100,146.597195,1.465971950,682.141292
ubuntu-linux,ofb,encrypt,1048576,11,100,146.953848,1.469538480,680.485754
ubuntu-linux,ofb,encrypt,1048576,12,100,147.022425,1.470224250,680.168348
ubuntu-linux,ofb,encrypt,1048576,13,100,146.807757,1.468077570,681.162917
ubuntu-linux,ofb,encrypt,1048576,14,100,146.897314,1.468973140,680.747641
ubuntu-linux,ofb,encrypt,1048576,15,100,147.122942,1.471229420,679.703645
ubuntu-linux,ofb,encrypt,1048576,16,100,147.198163,1.471981630,679.356304
ubuntu-linux,ofb,encrypt,1048576,17,100,147.039278,1.470392780,680.090391
ubuntu-linux,ofb,encrypt,1048576,18,100,148.864660,1.488646600,671.751106
ubuntu-linux,ofb,encrypt,1048576,19,100,147.450532,1.474505320,678.193552
ubuntu-linux,ofb,encrypt,1048576,20,100,147.371426,1.473714260,678.557592
ubuntu-linux,ofb,encrypt,1048576,21,100,146.839156,1.468391560,681.017262
ubuntu-linux,ofb,encrypt,1048576,22,100,147.406500,1.474065000,678.396136
ubuntu-linux,ofb,encrypt,1048576,23,100,147.503100,1.475031000,677.951853
ubuntu-linux,ofb,encrypt,1048576,24,100,147.223460,1.472234600,679.239572
ubuntu-linux,ofb,encrypt,1048576,25,100,147.410107,1.474101070,678.379536
ubuntu-linux,ofb,encrypt,1048576,26,100,149.425032,1.494250320,669.231913
ubuntu-linux,ofb,encrypt,1048576,27,100,147.043807,1.470438070,680.069444
ubuntu-linux,ofb,encrypt,1048576,28,100,146.481742,1.464817420,682.678938
ubuntu-linux,ofb,encrypt,1048576,29,100,147.269587,1.472695870,679.026824
ubuntu-linux,ofb,encrypt,1048576,30,100,147.403275,1.474032750,678.410978
ubuntu-linux,ofb,decrypt,1048576,1,100,148.343772,1.483437720,674.109864
ubuntu-linux,ofb,decrypt,1048576,2,100,149.027523,1.490275230,671.016991
ubuntu-linux,ofb,decrypt,1048576,3,100,148.801163,1.488011630,672.037758
ubuntu-linux,ofb,decrypt,1048576,4,100,147.954189,1.479541890,675.884885
ubuntu-linux,ofb,decrypt,1048576,5,100,148.825187,1.488251870,671.929275
ubuntu-linux,ofb,decrypt,1048576,6,100,148.432428,1.484324280,673.707231
ubuntu-linux,ofb,decrypt,1048576,7,100,149.022013,1.490220130,671.041801
ubuntu-linux,ofb,decrypt,1048576,8,100,147.907472,1.479074720,676.098365
ubuntu-linux,ofb,decrypt,1048576,9,100,148.276168,1.482761680,674.417213
ubuntu-linux,ofb,decrypt,1048576,10,100,149.513317,1.495133170,668.836743
ubuntu-linux,ofb,decrypt,1048576,11,100,148.609367,1.486093670,672.905094
ubuntu-linux,ofb,decrypt,1048576,12,100,147.973184,1.479731840,675.798123
ubuntu-linux,ofb,decrypt,1048576,13,100,148.552562,1.485525620,673.162406
ubuntu-linux,ofb,decrypt,1048576,14,100,148.434512,1.484345120,673.697772
ubuntu-linux,ofb,decrypt,1048576,15,100,148.522305,1.485223050,673.299542
ubuntu-linux,ofb,decrypt,1048576,16,100,148.640495,1.486404950,672.764175
ubuntu-linux,ofb,decrypt,1048576,17,100,148.837281,1.488372810,671.874676
ubuntu-linux,ofb,decrypt,1048576,18,100,148.512007,1.485120070,673.346230
ubuntu-linux,ofb,decrypt,1048576,19,100,148.507809,1.485078090,673.365264
ubuntu-linux,ofb,decrypt,1048576,20,100,148.490627,1.484906270,673.443180
ubuntu-linux,ofb,decrypt,1048576,21,100,148.448638,1.484486380,673.633664
ubuntu-linux,ofb,decrypt,1048576,22,100,148.502609,1.485026090,673.388843
ubuntu-linux,ofb,decrypt,1048576,23,100,147.972945,1.479729450,675.799215
ubuntu-linux,ofb,decrypt,1048576,24,100,148.529369,1.485293690,673.267521
ubuntu-linux,ofb,decrypt,1048576,25,100,148.560617,1.485606170,673.125907
ubuntu-linux,ofb,decrypt,1048576,26,100,148.764476,1.487644760,672.203490
ubuntu-linux,ofb,decrypt,1048576,27,100,148.068532,1.480685320,675.362946
ubuntu-linux,ofb,decrypt,1048576,28,100,148.803298,1.488032980,672.028116
ubuntu-linux,ofb,decrypt,1048576,29,100,148.720755,1.487207550,672.401105
ubuntu-linux,ofb,decrypt,1048576,30,100,148.713542,1.487135420,672.433718
ubuntu-linux,ofb,encrypt,8388608,1,100,1302.948074,13.029480740,613.992235
ubuntu-linux,ofb,encrypt,8388608,2,100,1288.305735,12.883057350,620.970611
ubuntu-linux,ofb,encrypt,8388608,3,100,1285.178989,12.851789890,622.481387
ubuntu-linux,ofb,encrypt,8388608,4,100,1286.139339,12.861393390,622.016585
ubuntu-linux,ofb,encrypt,8388608,5,100,1292.053686,12.920536860,619.169318
ubuntu-linux,ofb,encrypt,8388608,6,100,1289.430665,12.894306650,620.428862
ubuntu-linux,ofb,encrypt,8388608,7,100,1290.734975,12.907349750,619.801908
ubuntu-linux,ofb,encrypt,8388608,8,100,1287.456065,12.874560650,621.380427
ubuntu-linux,ofb,encrypt,8388608,9,100,1287.377284,12.873772840,621.418453
ubuntu-linux,ofb,encrypt,8388608,10,100,1287.430697,12.874306970,621.392671
ubuntu-linux,ofb,encrypt,8388608,11,100,1287.830877,12.878308770,621.199580
ubuntu-linux,ofb,encrypt,8388608,12,100,1287.256915,12.872569150,621.476560
ubuntu-linux,ofb,encrypt,8388608,13,100,1287.307412,12.873074120,621.452182
ubuntu-linux,ofb,encrypt,8388608,14,100,1289.154020,12.891540200,620.562002
ubuntu-linux,ofb,encrypt,8388608,15,100,1286.873837,12.868738370,621.661562
ubuntu-linux,ofb,encrypt,8388608,16,100,1284.145932,12.841459320,622.982155
ubuntu-linux,ofb,encrypt,8388608,17,100,1285.745319,12.857453190,622.207204
ubuntu-linux,ofb,encrypt,8388608,18,100,1285.978336,12.859783360,622.094461
ubuntu-linux,ofb,encrypt,8388608,19,100,1288.858484,12.888584840,620.704298
ubuntu-linux,ofb,encrypt,8388608,20,100,1287.145254,12.871452540,621.530474
ubuntu-linux,ofb,encrypt,8388608,21,100,1289.151598,12.891515980,620.563168
ubuntu-linux,ofb,encrypt,8388608,22,100,1284.660497,12.846604970,622.732622
ubuntu-linux,ofb,encrypt,8388608,23,100,1285.899392,12.858993920,622.132653
ubuntu-linux,ofb,encrypt,8388608,24,100,1283.307079,12.833070790,623.389377
ubuntu-linux,ofb,encrypt,8388608,25,100,1285.010631,12.850106310,622.562943
ubuntu-linux,ofb,encrypt,8388608,26,100,1284.461324,12.844613240,622.829185
ubuntu-linux,ofb,encrypt,8388608,27,100,1284.630012,12.846300120,622.747400
ubuntu-linux,ofb,encrypt,8388608,28,100,1284.808889,12.848088890,622.660698
ubuntu-linux,ofb,encrypt,8388608,29,100,1284.974241,12.849742410,622.580574
ubuntu-linux,ofb,encrypt,8388608,30,100,1284.683755,12.846837550,622.721348
ubuntu-linux,ofb,decrypt,8388608,1,100,1313.065992,13.130659920,609.261077
ubuntu-linux,ofb,decrypt,8388608,2,100,1348.015484,13.480154840,593.464993
ubuntu-linux,ofb,decrypt,8388608,3,100,1351.383138,13.513831380,591.986075
ubuntu-linux,ofb,decrypt,8388608,4,100,1330.467018,13.304670180,601.292621
ubuntu-linux,ofb,decrypt,8388608,5,100,1304.217024,13.042170240,613.394846
ubuntu-linux,ofb,decrypt,8388608,6,100,1398.477012,13.984770120,572.050876
ubuntu-linux,ofb,decrypt,8388608,7,100,1318.295871,13.182958710,606.844046
ubuntu-linux,ofb,decrypt,8388608,8,100,1311.806895,13.118068950,609.845857
ubuntu-linux,ofb,decrypt,8388608,9,100,1316.691648,13.166916480,607.583409
ubuntu-linux,ofb,decrypt,8388608,10,100,1311.096254,13.110962540,610.176406
ubuntu-linux,ofb,decrypt,8388608,11,100,1310.270343,13.102703430,610.561022
ubuntu-linux,ofb,decrypt,8388608,12,100,1310.703282,13.107032820,610.359348
ubuntu-linux,ofb,decrypt,8388608,13,100,1313.132763,13.131327630,609.230097
ubuntu-linux,ofb,decrypt,8388608,14,100,1314.301629,13.143016290,608.688282
ubuntu-linux,ofb,decrypt,8388608,15,100,1309.156701,13.091567010,611.080400
ubuntu-linux,ofb,decrypt,8388608,16,100,1309.045229,13.090452290,611.132436
ubuntu-linux,ofb,decrypt,8388608,17,100,1307.366062,13.073660620,611.917368
ubuntu-linux,ofb,decrypt,8388608,18,100,1309.779722,13.097797220,610.789728
ubuntu-linux,ofb,decrypt,8388608,19,100,1309.150998,13.091509980,611.083062
ubuntu-linux,ofb,decrypt,8388608,20,100,1308.753665,13.087536650,611.268584
ubuntu-linux,ofb,decrypt,8388608,21,100,1317.862039,13.178620390,607.043815
ubuntu-linux,ofb,decrypt,8388608,22,100,1321.498041,13.214980410,605.373580
ubuntu-linux,ofb,decrypt,8388608,23,100,1311.483132,13.114831320,609.996408
ubuntu-linux,ofb,decrypt,8388608,24,100,1308.792004,13.087920040,611.250678
ubuntu-linux,ofb,decrypt,8388608,25,100,1309.587698,13.095876980,610.879288
ubuntu-linux,ofb,decrypt,8388608,26,100,1310.126533,13.101265330,610.628042
ubuntu-linux,ofb,decrypt,8388608,27,100,1311.117449,13.111174490,610.166542
ubuntu-linux,ofb,decrypt,8388608,28,100,1308.814032,13.088140320,611.240390
ubuntu-linux,ofb,decrypt,8388608,29,100,1310.130344,13.101303440,610.626266
ubuntu-linux,ofb,decrypt,8388608,30,100,1312.537312,13.125373120,609.506482
ubuntu-linux,ctr,encrypt,1024,1,100,0.160027,0.001600270,610.248583
ubuntu-linux,ctr,encrypt,1024,2,100,0.159707,0.001597070,611.471319
ubuntu-linux,ctr,encrypt,1024,3,100,0.159917,0.001599170,610.668347
ubuntu-linux,ctr,encrypt,1024,4,100,0.164265,0.001642650,594.504307
ubuntu-linux,ctr,encrypt,1024,5,100,0.160067,0.001600670,610.096085
ubuntu-linux,ctr,encrypt,1024,6,100,0.157953,0.001579530,618.261445
ubuntu-linux,ctr,encrypt,1024,7,100,0.158615,0.001586150,615.681052
ubuntu-linux,ctr,encrypt,1024,8,100,0.157904,0.001579040,618.453301
ubuntu-linux,ctr,encrypt,1024,9,100,0.158514,0.001585140,616.073344
ubuntu-linux,ctr,encrypt,1024,10,100,0.158084,0.001580840,617.749108
ubuntu-linux,ctr,encrypt,1024,11,100,0.162321,0.001623210,601.624251
ubuntu-linux,ctr,encrypt,1024,12,100,0.158204,0.001582040,617.280537
ubuntu-linux,ctr,encrypt,1024,13,100,0.158074,0.001580740,617.788188
ubuntu-linux,ctr,encrypt,1024,14,100,0.158554,0.001585540,615.917921
ubuntu-linux,ctr,encrypt,1024,15,100,0.158886,0.001588860,614.630930
ubuntu-linux,ctr,encrypt,1024,16,100,0.159065,0.001590650,613.939270
ubuntu-linux,ctr,encrypt,1024,17,100,0.162502,0.001625020,600.954142
ubuntu-linux,ctr,encrypt,1024,18,100,0.159456,0.001594560,612.433838
ubuntu-linux,ctr,encrypt,1024,19,100,0.159136,0.001591360,613.665355
ubuntu-linux,ctr,encrypt,1024,20,100,0.158535,0.001585350,615.991737
ubuntu-linux,ctr,encrypt,1024,21,100,0.159297,0.001592970,613.045130
ubuntu-linux,ctr,encrypt,1024,22,100,0.158424,0.001584240,616.423332
ubuntu-linux,ctr,encrypt,1024,23,100,0.162392,0.001623920,601.361212
ubuntu-linux,ctr,encrypt,1024,24,100,0.159657,0.001596570,611.662815
ubuntu-linux,ctr,encrypt,1024,25,100,0.159967,0.001599670,610.477473
ubuntu-linux,ctr,encrypt,1024,26,100,0.159146,0.001591460,613.626796
ubuntu-linux,ctr,encrypt,1024,27,100,0.159206,0.001592060,613.395538
ubuntu-linux,ctr,encrypt,1024,28,100,0.159185,0.001591850,613.476458
ubuntu-linux,ctr,encrypt,1024,29,100,0.163594,0.001635940,596.942736
ubuntu-linux,ctr,encrypt,1024,30,100,0.159737,0.001597370,611.356480
ubuntu-linux,ctr,decrypt,1024,1,100,0.158304,0.001583040,616.890603
ubuntu-linux,ctr,decrypt,1024,2,100,0.160168,0.001601680,609.711366
ubuntu-linux,ctr,decrypt,1024,3,100,0.173011,0.001730110,564.451104
ubuntu-linux,ctr,decrypt,1024,4,100,0.159086,0.001590860,613.858228
ubuntu-linux,ctr,decrypt,1024,5,100,0.168142,0.001681420,580.796291
ubuntu-linux,ctr,decrypt,1024,6,100,0.159426,0.001594260,612.549082
ubuntu-linux,ctr,decrypt,1024,7,100,0.162522,0.001625220,600.880189
ubuntu-linux,ctr,decrypt,1024,8,100,0.161561,0.001615610,604.454355
ubuntu-linux,ctr,decrypt,1024,9,100,0.161860,0.001618600,603.337761
ubuntu-linux,ctr,decrypt,1024,10,100,0.158354,0.001583540,616.695821
ubuntu-linux,ctr,decrypt,1024,11,100,0.162191,0.001621910,602.106467
ubuntu-linux,ctr,decrypt,1024,12,100,0.159336,0.001593360,612.895077
ubuntu-linux,ctr,decrypt,1024,13,100,0.159507,0.001595070,612.238021
ubuntu-linux,ctr,decrypt,1024,14,100,0.163554,0.001635540,597.088729
ubuntu-linux,ctr,decrypt,1024,15,100,0.159647,0.001596470,611.701128
ubuntu-linux,ctr,decrypt,1024,16,100,0.159256,0.001592560,613.202956
ubuntu-linux,ctr,decrypt,1024,17,100,0.161831,0.001618310,603.445879
ubuntu-linux,ctr,decrypt,1024,18,100,0.165107,0.001651070,591.472500
ubuntu-linux,ctr,decrypt,1024,19,100,0.159616,0.001596160,611.819930
ubuntu-linux,ctr,decrypt,1024,20,100,0.159286,0.001592860,613.087465
ubuntu-linux,ctr,decrypt,1024,21,100,0.159165,0.001591650,613.553545
ubuntu-linux,ctr,decrypt,1024,22,100,0.159417,0.001594170,612.583664
ubuntu-linux,ctr,decrypt,1024,23,100,0.159967,0.001599670,610.477473
ubuntu-linux,ctr,decrypt,1024,24,100,0.164746,0.001647460,592.768565
ubuntu-linux,ctr,decrypt,1024,25,100,0.163184,0.001631840,598.442556
ubuntu-linux,ctr,decrypt,1024,26,100,0.159366,0.001593660,612.779702
ubuntu-linux,ctr,decrypt,1024,27,100,0.164005,0.001640050,595.446785
ubuntu-linux,ctr,decrypt,1024,28,100,0.163363,0.001633630,597.786831
ubuntu-linux,ctr,decrypt,1024,29,100,0.160148,0.001601480,609.787509
ubuntu-linux,ctr,decrypt,1024,30,100,0.163143,0.001631430,598.592952
ubuntu-linux,ctr,encrypt,4096,1,100,0.427094,0.004270940,914.611303
ubuntu-linux,ctr,encrypt,4096,2,100,0.431442,0.004314420,905.394004
ubuntu-linux,ctr,encrypt,4096,3,100,0.426453,0.004264530,915.986052
ubuntu-linux,ctr,encrypt,4096,4,100,0.428627,0.004286270,911.340163
ubuntu-linux,ctr,encrypt,4096,5,100,0.432634,0.004326340,902.899448
ubuntu-linux,ctr,encrypt,4096,6,100,0.427424,0.004274240,913.905162
ubuntu-linux,ctr,encrypt,4096,7,100,0.430470,0.004304700,907.438381
ubuntu-linux,ctr,encrypt,4096,8,100,0.426853,0.004268530,915.127690
ubuntu-linux,ctr,encrypt,4096,9,100,0.433405,0.004334050,901.293248
ubuntu-linux,ctr,encrypt,4096,10,100,0.429428,0.004294280,909.640266
ubuntu-linux,ctr,encrypt,4096,11,100,0.428787,0.004287870,911.000100
ubuntu-linux,ctr,encrypt,4096,12,100,0.433196,0.004331960,901.728086
ubuntu-linux,ctr,encrypt,4096,13,100,0.429538,0.004295380,909.407317
ubuntu-linux,ctr,encrypt,4096,14,100,0.432434,0.004324340,903.317038
ubuntu-linux,ctr,encrypt,4096,15,100,0.429228,0.004292280,910.064115
ubuntu-linux,ctr,encrypt,4096,16,100,0.432664,0.004326640,902.836843
ubuntu-linux,ctr,encrypt,4096,17,100,0.429268,0.004292680,909.979314
ubuntu-linux,ctr,encrypt,4096,18,100,0.429058,0.004290580,910.424698
ubuntu-linux,ctr,encrypt,4096,19,100,0.434618,0.004346180,898.777777
ubuntu-linux,ctr,encrypt,4096,20,100,0.429088,0.004290880,910.361045
ubuntu-linux,ctr,encrypt,4096,21,100,0.432805,0.004328050,902.542716
ubuntu-linux,ctr,encrypt,4096,22,100,0.429328,0.004293280,909.852141
ubuntu-linux,ctr,encrypt,4096,23,100,0.433235,0.004332350,901.646912
ubuntu-linux,ctr,encrypt,4096,24,100,0.429158,0.004291580,910.212556
ubuntu-linux,ctr,encrypt,4096,25,100,0.428797,0.004287970,910.978855
ubuntu-linux,ctr,encrypt,4096,26,100,0.434748,0.004347480,898.509021
ubuntu-linux,ctr,encrypt,4096,27,100,0.429589,0.004295890,909.299354
ubuntu-linux,ctr,encrypt,4096,28,100,0.433826,0.004338260,900.418601
ubuntu-linux,ctr,encrypt,4096,29,100,0.429639,0.004296390,909.193532
ubuntu-linux,ctr,encrypt,4096,30,100,0.432564,0.004325640,903.045561
ubuntu-linux,ctr,decrypt,4096,1,100,0.432855,0.004328550,902.438461
ubuntu-linux,ctr,decrypt,4096,2,100,0.436631,0.004366310,894.634142
ubuntu-linux,ctr,decrypt,4096,3,100,0.436271,0.004362710,895.372372
ubuntu-linux,ctr,decrypt,4096,4,100,0.435509,0.004355090,896.938984
ubuntu-linux,ctr,decrypt,4096,5,100,0.437734,0.004377340,892.379847
ubuntu-linux,ctr,decrypt,4096,6,100,0.434978,0.004349780,898.033924
ubuntu-linux,ctr,decrypt,4096,7,100,0.439357,0.004393570,889.083365
ubuntu-linux,ctr,decrypt,4096,8,100,0.435830,0.004358300,896.278365
ubuntu-linux,ctr,decrypt,4096,9,100,0.439417,0.004394170,888.961966
ubuntu-linux,ctr,decrypt,4096,10,100,0.436221,0.004362210,895.475000
ubuntu-linux,ctr,decrypt,4096,11,100,0.435690,0.004356900,896.566366
ubuntu-linux,ctr,decrypt,4096,12,100,0.439206,0.004392060,889.389034
ubuntu-linux,ctr,decrypt,4096,13,100,0.436161,0.004361610,895.598185
ubuntu-linux,ctr,decrypt,4096,14,100,0.439006,0.004390060,889.794217
ubuntu-linux,ctr,decrypt,4096,15,100,0.436411,0.004364110,895.085138
ubuntu-linux,ctr,decrypt,4096,16,100,0.438515,0.004385150,890.790509
ubuntu-linux,ctr,decrypt,4096,17,100,0.434828,0.004348280,898.343713
ubuntu-linux,ctr,decrypt,4096,18,100,0.438546,0.004385460,890.727541
ubuntu-linux,ctr,decrypt,4096,19,100,0.437022,0.004370220,893.833720
ubuntu-linux,ctr,decrypt,4096,20,100,0.434468,0.004344680,899.088080
ubuntu-linux,ctr,decrypt,4096,21,100,0.437813,0.004378130,892.218824
ubuntu-linux,ctr,decrypt,4096,22,100,0.432393,0.004323930,903.402692
ubuntu-linux,ctr,decrypt,4096,23,100,0.439147,0.004391470,889.508524
ubuntu-linux,ctr,decrypt,4096,24,100,0.434978,0.004349780,898.033924
ubuntu-linux,ctr,decrypt,4096,25,100,0.439076,0.004390760,889.652361
ubuntu-linux,ctr,decrypt,4096,26,100,0.434418,0.004344180,899.191562
ubuntu-linux,ctr,decrypt,4096,27,100,0.436060,0.004360600,895.805623
ubuntu-linux,ctr,decrypt,4096,28,100,0.438505,0.004385050,890.810823
ubuntu-linux,ctr,decrypt,4096,29,100,0.434808,0.004348080,898.385034
ubuntu-linux,ctr,decrypt,4096,30,100,0.437433,0.004374330,892.993898
ubuntu-linux,ctr,encrypt,16384,1,100,1.351572,0.013515720,1156.061238
ubuntu-linux,ctr,encrypt,16384,2,100,1.348757,0.013487570,1158.474062
ubuntu-linux,ctr,encrypt,16384,3,100,1.349208,0.013492080,1158.086818
ubuntu-linux,ctr,encrypt,16384,4,100,1.349989,0.013499890,1157.416838
ubuntu-linux,ctr,encrypt,16384,5,100,1.354117,0.013541170,1153.888475
ubuntu-linux,ctr,encrypt,16384,6,100,1.352093,0.013520930,1155.615775
ubuntu-linux,ctr,encrypt,16384,7,100,1.350330,0.013503300,1157.124555
ubuntu-linux,ctr,encrypt,16384,8,100,1.353226,0.013532260,1154.648226
ubuntu-linux,ctr,encrypt,16384,9,100,1.352564,0.013525640,1155.213358
ubuntu-linux,ctr,encrypt,16384,10,100,1.351171,0.013511710,1156.404334
ubuntu-linux,ctr,encrypt,16384,11,100,1.353696,0.013536960,1154.247335
ubuntu-linux,ctr,encrypt,16384,12,100,1.351082,0.013510820,1156.480510
ubuntu-linux,ctr,encrypt,16384,13,100,1.348526,0.013485260,1158.672506
ubuntu-linux,ctr,encrypt,16384,14,100,1.349689,0.013496890,1157.674101
ubuntu-linux,ctr,encrypt,16384,15,100,1.350350,0.013503500,1157.107417
ubuntu-linux,ctr,encrypt,16384,16,100,1.350199,0.013501990,1157.236822
ubuntu-linux,ctr,encrypt,16384,17,100,1.350541,0.013505410,1156.943773
ubuntu-linux,ctr,encrypt,16384,18,100,1.349528,0.013495280,1157.812213
ubuntu-linux,ctr,encrypt,16384,19,100,1.357013,0.013570130,1151.425963
ubuntu-linux,ctr,encrypt,16384,20,100,1.368494,0.013684940,1141.766058
ubuntu-linux,ctr,encrypt,16384,21,100,1.357894,0.013578940,1150.678919
ubuntu-linux,ctr,encrypt,16384,22,100,1.356952,0.013569520,1151.477724
ubuntu-linux,ctr,encrypt,16384,23,100,1.346302,0.013463020,1160.586555
ubuntu-linux,ctr,encrypt,16384,24,100,1.346463,0.013464630,1160.447781
ubuntu-linux,ctr,encrypt,16384,25,100,1.353646,0.013536460,1154.289969
ubuntu-linux,ctr,encrypt,16384,26,100,1.349348,0.013493480,1157.966662
ubuntu-linux,ctr,encrypt,16384,27,100,1.349950,0.013499500,1157.450276
ubuntu-linux,ctr,encrypt,16384,28,100,1.347174,0.013471740,1159.835329
ubuntu-linux,ctr,encrypt,16384,29,100,1.350801,0.013508010,1156.721086
ubuntu-linux,ctr,encrypt,16384,30,100,1.350340,0.013503400,1157.115986
ubuntu-linux,ctr,decrypt,16384,1,100,1.373122,0.013731220,1137.917825
ubuntu-linux,ctr,decrypt,16384,2,100,1.384494,0.013844940,1128.571160
ubuntu-linux,ctr,decrypt,16384,3,100,1.368333,0.013683330,1141.900400
ubuntu-linux,ctr,decrypt,16384,4,100,1.368484,0.013684840,1141.774401
ubuntu-linux,ctr,decrypt,16384,5,100,1.380696,0.013806960,1131.675619
ubuntu-linux,ctr,decrypt,16384,6,100,1.399111,0.013991110,1116.780584
ubuntu-linux,ctr,decrypt,16384,7,100,1.378292,0.013782920,1133.649473
ubuntu-linux,ctr,decrypt,16384,8,100,1.390725,0.013907250,1123.514714
ubuntu-linux,ctr,decrypt,16384,9,100,1.390925,0.013909250,1123.353164
ubuntu-linux,ctr,decrypt,16384,10,100,1.375417,0.013754170,1136.019113
ubuntu-linux,ctr,decrypt,16384,11,100,1.375697,0.013756970,1135.787895
ubuntu-linux,ctr,decrypt,16384,12,100,1.370718,0.013707180,1139.913534
ubuntu-linux,ctr,decrypt,16384,13,100,1.365298,0.013652980,1144.438797
ubuntu-linux,ctr,decrypt,16384,14,100,1.375377,0.013753770,1136.052152
ubuntu-linux,ctr,decrypt,16384,15,100,1.368003,0.013680030,1142.175858
ubuntu-linux,ctr,decrypt,16384,16,100,1.374304,0.013743040,1136.939134
ubuntu-linux,ctr,decrypt,16384,17,100,1.366269,0.013662690,1143.625450
ubuntu-linux,ctr,decrypt,16384,18,100,1.368093,0.013680930,1142.100720
ubuntu-linux,ctr,decrypt,16384,19,100,1.382730,0.013827300,1130.010920
ubuntu-linux,ctr,decrypt,16384,20,100,1.380226,0.013802260,1132.060981
ubuntu-linux,ctr,decrypt,16384,21,100,1.372511,0.013725110,1138.424391
ubuntu-linux,ctr,decrypt,16384,22,100,1.366810,0.013668100,1143.172789
ubuntu-linux,ctr,decrypt,16384,23,100,1.369215,0.013692150,1141.164828
ubuntu-linux,ctr,decrypt,16384,24,100,1.375206,0.013752060,1136.193414
ubuntu-linux,ctr,decrypt,16384,25,100,1.371840,0.013718400,1138.981222
ubuntu-linux,ctr,decrypt,16384,26,100,1.365448,0.013654480,1144.313075
ubuntu-linux,ctr,decrypt,16384,27,100,1.370357,0.013703570,1140.213827
ubuntu-linux,ctr,decrypt,16384,28,100,1.366180,0.013661800,1143.699952
ubuntu-linux,ctr,decrypt,16384,29,100,1.366269,0.013662690,1143.625450
ubuntu-linux,ctr,decrypt,16384,30,100,1.374554,0.013745540,1136.732351
ubuntu-linux,ctr,encrypt,262144,1,100,21.959426,0.219594260,1138.463273
ubuntu-linux,ctr,encrypt,262144,2,100,22.019037,0.220190370,1135.381170
ubuntu-linux,ctr,encrypt,262144,3,100,21.964986,0.219649860,1138.175094
ubuntu-linux,ctr,encrypt,262144,4,100,22.123871,0.221238710,1130.001165
ubuntu-linux,ctr,encrypt,262144,5,100,21.992999,0.219929990,1136.725373
ubuntu-linux,ctr,encrypt,262144,6,100,21.987308,0.219873080,1137.019593
ubuntu-linux,ctr,encrypt,262144,7,100,21.954637,0.219546370,1138.711608
ubuntu-linux,ctr,encrypt,262144,8,100,21.940792,0.219407920,1139.430154
ubuntu-linux,ctr,encrypt,262144,9,100,21.964124,0.219641240,1138.219762
ubuntu-linux,ctr,encrypt,262144,10,100,21.941683,0.219416830,1139.383884
ubuntu-linux,ctr,encrypt,262144,11,100,21.962863,0.219628630,1138.285113
ubuntu-linux,ctr,encrypt,262144,12,100,21.964656,0.219646560,1138.192194
ubuntu-linux,ctr,encrypt,262144,13,100,22.142677,0.221426770,1129.041443
ubuntu-linux,ctr,encrypt,262144,14,100,21.965387,0.219653870,1138.154315
ubuntu-linux,ctr,encrypt,262144,15,100,21.965537,0.219655370,1138.146543
ubuntu-linux,ctr,encrypt,262144,16,100,21.954577,0.219545770,1138.714720
ubuntu-linux,ctr,encrypt,262144,17,100,21.952062,0.219520620,1138.845180
ubuntu-linux,ctr,encrypt,262144,18,100,21.973372,0.219733720,1137.740716
ubuntu-linux,ctr,encrypt,262144,19,100,22.004189,0.220041890,1136.147304
ubuntu-linux,ctr,encrypt,262144,20,100,21.975746,0.219757460,1137.617808
ubuntu-linux,ctr,encrypt,262144,21,100,21.954497,0.219544970,1138.718869
ubuntu-linux,ctr,encrypt,262144,22,100,22.128851,0.221288510,1129.746863
ubuntu-linux,ctr,encrypt,262144,23,100,21.983601,0.219836010,1137.211324
ubuntu-linux,ctr,encrypt,262144,24,100,21.966780,0.219667800,1138.082140
ubuntu-linux,ctr,encrypt,262144,25,100,21.956060,0.219560600,1138.637807
ubuntu-linux,ctr,encrypt,262144,26,100,21.970567,0.219705670,1137.885973
ubuntu-linux,ctr,encrypt,262144,27,100,21.972080,0.219720800,1137.807618
ubuntu-linux,ctr,encrypt,262144,28,100,21.951712,0.219517120,1138.863338
ubuntu-linux,ctr,encrypt,262144,29,100,21.936403,0.219364030,1139.658129
ubuntu-linux,ctr,encrypt,262144,30,100,21.961410,0.219614100,1138.360424
ubuntu-linux,ctr,decrypt,262144,1,100,22.243855,0.222438550,1123.905906
ubuntu-linux,ctr,decrypt,262144,2,100,22.247652,0.222476520,1123.714089
ubuntu-linux,ctr,decrypt,262144,3,100,22.208560,0.222085600,1125.692075
ubuntu-linux,ctr,decrypt,262144,4,100,22.223046,0.222230460,1124.958298
ubuntu-linux,ctr,decrypt,262144,5,100,22.245879,0.222458790,1123.803649
ubuntu-linux,ctr,decrypt,262144,6,100,22.433478,0.224334780,1114.405889
ubuntu-linux,ctr,decrypt,262144,7,100,22.221433,0.222214330,1125.039956
ubuntu-linux,ctr,decrypt,262144,8,100,22.207117,0.222071170,1125.765222
ubuntu-linux,ctr,decrypt,262144,9,100,22.300500,0.223005000,1121.051098
ubuntu-linux,ctr,decrypt,262144,10,100,22.163545,0.221635450,1127.978399
ubuntu-linux,ctr,decrypt,262144,11,100,22.202037,0.222020370,1126.022806
ubuntu-linux,ctr,decrypt,262144,12,100,22.245358,0.222453580,1123.829969
ubuntu-linux,ctr,decrypt,262144,13,100,22.150781,0.221507810,1128.628377
ubuntu-linux,ctr,decrypt,262144,14,100,22.174666,0.221746660,1127.412697
ubuntu-linux,ctr,decrypt,262144,15,100,22.376392,0.223763920,1117.248929
ubuntu-linux,ctr,decrypt,262144,16,100,22.154669,0.221546690,1128.430310
ubuntu-linux,ctr,decrypt,262144,17,100,22.138799,0.221387990,1129.239215
ubuntu-linux,ctr,decrypt,262144,18,100,22.198330,0.221983300,1126.210846
ubuntu-linux,ctr,decrypt,262144,19,100,22.256378,0.222563780,1123.273517
ubuntu-linux,ctr,decrypt,262144,20,100,22.216073,0.222160730,1125.311391
ubuntu-linux,ctr,decrypt,262144,21,100,22.190645,0.221906450,1126.600872
ubuntu-linux,ctr,decrypt,262144,22,100,22.150321,0.221503210,1128.651815
ubuntu-linux,ctr,decrypt,262144,23,100,22.190426,0.221904260,1126.611990
ubuntu-linux,ctr,decrypt,262144,24,100,22.392752,0.223927520,1116.432674
ubuntu-linux,ctr,decrypt,262144,25,100,22.161211,0.221612110,1128.097196
ubuntu-linux,ctr,decrypt,262144,26,100,22.174456,0.221744560,1127.423374
ubuntu-linux,ctr,decrypt,262144,27,100,22.195385,0.221953850,1126.360277
ubuntu-linux,ctr,decrypt,262144,28,100,22.224719,0.222247190,1124.873615
ubuntu-linux,ctr,decrypt,262144,29,100,22.190255,0.221902550,1126.620672
ubuntu-linux,ctr,decrypt,262144,30,100,22.190726,0.221907260,1126.596759
ubuntu-linux,ctr,encrypt,1048576,1,100,75.766968,0.757669680,1319.836370
ubuntu-linux,ctr,encrypt,1048576,2,100,77.085449,0.770854490,1297.261692
ubuntu-linux,ctr,encrypt,1048576,3,100,76.766977,0.767669770,1302.643453
ubuntu-linux,ctr,encrypt,1048576,4,100,76.740498,0.767404980,1303.092925
ubuntu-linux,ctr,encrypt,1048576,5,100,76.174556,0.761745560,1312.774307
ubuntu-linux,ctr,encrypt,1048576,6,100,75.750819,0.757508190,1320.117740
ubuntu-linux,ctr,encrypt,1048576,7,100,75.600699,0.756006990,1322.739093
ubuntu-linux,ctr,encrypt,1048576,8,100,76.087545,0.760875450,1314.275549
ubuntu-linux,ctr,encrypt,1048576,9,100,75.500684,0.755006840,1324.491312
ubuntu-linux,ctr,encrypt,1048576,10,100,75.901819,0.759018190,1317.491482
ubuntu-linux,ctr,encrypt,1048576,11,100,75.532142,0.755321420,1323.939681
ubuntu-linux,ctr,encrypt,1048576,12,100,75.425133,0.754251330,1325.818013
ubuntu-linux,ctr,encrypt,1048576,13,100,75.904324,0.759043240,1317.448002
ubuntu-linux,ctr,encrypt,1048576,14,100,75.584499,0.755844990,1323.022595
ubuntu-linux,ctr,encrypt,1048576,15,100,76.309948,0.763099480,1310.445134
ubuntu-linux,ctr,encrypt,1048576,16,100,77.776324,0.777763240,1285.738318
ubuntu-linux,ctr,encrypt,1048576,17,100,75.615577,0.756155770,1322.478833
ubuntu-linux,ctr,encrypt,1048576,18,100,76.073328,0.760733280,1314.521168
ubuntu-linux,ctr,encrypt,1048576,19,100,75.919553,0.759195530,1317.183730
ubuntu-linux,ctr,encrypt,1048576,20,100,75.528916,0.755289160,1323.996229
ubuntu-linux,ctr,encrypt,1048576,21,100,76.131186,0.761311860,1313.522162
ubuntu-linux,ctr,encrypt,1048576,22,100,75.530018,0.755300180,1323.976912
ubuntu-linux,ctr,encrypt,1048576,23,100,75.506665,0.755066650,1324.386397
ubuntu-linux,ctr,encrypt,1048576,24,100,75.966689,0.759666890,1316.366441
ubuntu-linux,ctr,encrypt,1048576,25,100,75.423991,0.754239910,1325.838088
ubuntu-linux,ctr,encrypt,1048576,26,100,75.879107,0.758791070,1317.885831
ubuntu-linux,ctr,encrypt,1048576,27,100,75.492529,0.754925290,1324.634389
ubuntu-linux,ctr,encrypt,1048576,28,100,76.341116,0.763411160,1309.910114
ubuntu-linux,ctr,encrypt,1048576,29,100,78.034995,0.780349950,1281.476343
ubuntu-linux,ctr,encrypt,1048576,30,100,76.380409,0.763804090,1309.236247
ubuntu-linux,ctr,decrypt,1048576,1,100,76.741540,0.767415400,1303.075231
ubuntu-linux,ctr,decrypt,1048576,2,100,76.295903,0.762959030,1310.686368
ubuntu-linux,ctr,decrypt,1048576,3,100,77.670547,0.776705470,1287.489323
ubuntu-linux,ctr,decrypt,1048576,4,100,76.898382,0.768983820,1300.417478
ubuntu-linux,ctr,decrypt,1048576,5,100,76.846145,0.768461450,1301.301451
ubuntu-linux,ctr,decrypt,1048576,6,100,77.499709,0.774997090,1290.327426
ubuntu-linux,ctr,decrypt,1048576,7,100,76.979032,0.769790320,1299.055047
ubuntu-linux,ctr,decrypt,1048576,8,100,77.097262,0.770972620,1297.062923
ubuntu-linux,ctr,decrypt,1048576,9,100,77.115906,0.771159060,1296.749337
ubuntu-linux,ctr,decrypt,1048576,10,100,77.458172,0.774581720,1291.019365
ubuntu-linux,ctr,decrypt,1048576,11,100,77.912017,0.779120170,1283.499053
ubuntu-linux,ctr,decrypt,1048576,12,100,79.116905,0.791169050,1263.952375
ubuntu-linux,ctr,decrypt,1048576,13,100,79.488767,0.794887670,1258.039391
ubuntu-linux,ctr,decrypt,1048576,14,100,78.902447,0.789024470,1267.387816
ubuntu-linux,ctr,decrypt,1048576,15,100,79.257637,0.792576370,1261.708067
ubuntu-linux,ctr,decrypt,1048576,16,100,79.267456,0.792674560,1261.551777
ubuntu-linux,ctr,decrypt,1048576,17,100,78.873093,0.788730930,1267.859497
ubuntu-linux,ctr,decrypt,1048576,18,100,79.507813,0.795078130,1257.738029
ubuntu-linux,ctr,decrypt,1048576,19,100,79.334540,0.793345400,1260.485030
ubuntu-linux,ctr,decrypt,1048576,20,100,79.160657,0.791606570,1263.253790
ubuntu-linux,ctr,decrypt,1048576,21,100,78.930900,0.789309000,1266.930948
ubuntu-linux,ctr,decrypt,1048576,22,100,79.660817,0.796608170,1255.322300
ubuntu-linux,ctr,decrypt,1048576,23,100,79.953571,0.799535710,1250.725874
ubuntu-linux,ctr,decrypt,1048576,24,100,82.748596,0.827485960,1208.479718
ubuntu-linux,ctr,decrypt,1048576,25,100,82.224823,0.822248230,1216.177747
ubuntu-linux,ctr,decrypt,1048576,26,100,80.198627,0.801986270,1246.904140
ubuntu-linux,ctr,decrypt,1048576,27,100,80.998944,0.809989440,1234.583997
ubuntu-linux,ctr,decrypt,1048576,28,100,79.208656,0.792086560,1262.488282
ubuntu-linux,ctr,decrypt,1048576,29,100,79.512281,0.795122810,1257.667353
ubuntu-linux,ctr,decrypt,1048576,30,100,78.783637,0.787836370,1269.299106
ubuntu-linux,ctr,encrypt,8388608,1,100,725.977499,7.259774990,1101.962528
ubuntu-linux,ctr,encrypt,8388608,2,100,720.614351,7.206143510,1110.163847
ubuntu-linux,ctr,encrypt,8388608,3,100,731.090215,7.310902150,1094.256199
ubuntu-linux,ctr,encrypt,8388608,4,100,714.833559,7.148335590,1119.141638
ubuntu-linux,ctr,encrypt,8388608,5,100,713.744857,7.137448570,1120.848707
ubuntu-linux,ctr,encrypt,8388608,6,100,718.710528,7.187105280,1113.104607
ubuntu-linux,ctr,encrypt,8388608,7,100,716.467540,7.164675400,1116.589315
ubuntu-linux,ctr,encrypt,8388608,8,100,716.866644,7.168666440,1115.967672
ubuntu-linux,ctr,encrypt,8388608,9,100,717.954847,7.179548470,1114.276202
ubuntu-linux,ctr,encrypt,8388608,10,100,717.589519,7.175895190,1114.843485
ubuntu-linux,ctr,encrypt,8388608,11,100,762.209628,7.622096280,1049.580024
ubuntu-linux,ctr,encrypt,8388608,12,100,855.306792,8.553067920,935.336896
ubuntu-linux,ctr,encrypt,8388608,13,100,803.414851,8.034148510,995.749579
ubuntu-linux,ctr,encrypt,8388608,14,100,733.496381,7.334963810,1090.666595
ubuntu-linux,ctr,encrypt,8388608,15,100,717.423317,7.174233170,1115.101755
ubuntu-linux,ctr,encrypt,8388608,16,100,716.979434,7.169794340,1115.792116
ubuntu-linux,ctr,encrypt,8388608,17,100,714.735483,7.147354830,1119.295206
ubuntu-linux,ctr,encrypt,8388608,18,100,715.075387,7.150753870,1118.763161
ubuntu-linux,ctr,encrypt,8388608,19,100,713.201665,7.132016650,1121.702373
ubuntu-linux,ctr,encrypt,8388608,20,100,713.974834,7.139748340,1120.487673
ubuntu-linux,ctr,encrypt,8388608,21,100,714.115907,7.141159070,1120.266321
ubuntu-linux,ctr,encrypt,8388608,22,100,713.658068,7.136580680,1120.985015
ubuntu-linux,ctr,encrypt,8388608,23,100,713.285086,7.132850860,1121.571186
ubuntu-linux,ctr,encrypt,8388608,24,100,712.510848,7.125108480,1122.789923
ubuntu-linux,ctr,encrypt,8388608,25,100,718.842647,7.188426470,1112.900025
ubuntu-linux,ctr,encrypt,8388608,26,100,711.224619,7.112246190,1124.820456
ubuntu-linux,ctr,encrypt,8388608,27,100,712.508497,7.125084970,1122.793628
ubuntu-linux,ctr,encrypt,8388608,28,100,710.961682,7.109616820,1125.236451
ubuntu-linux,ctr,encrypt,8388608,29,100,735.895530,7.358955300,1087.110829
ubuntu-linux,ctr,encrypt,8388608,30,100,712.572620,7.125726200,1122.692590
ubuntu-linux,ctr,decrypt,8388608,1,100,741.936111,7.419361110,1078.259958
ubuntu-linux,ctr,decrypt,8388608,2,100,741.618733,7.416187330,1078.721403
ubuntu-linux,ctr,decrypt,8388608,3,100,741.678034,7.416780340,1078.635153
ubuntu-linux,ctr,decrypt,8388608,4,100,747.584244,7.475842440,1070.113511
ubuntu-linux,ctr,decrypt,8388608,5,100,743.417380,7.434173800,1076.111511
ubuntu-linux,ctr,decrypt,8388608,6,100,739.765443,7.397654430,1081.423859
ubuntu-linux,ctr,decrypt,8388608,7,100,742.428073,7.424280730,1077.545461
ubuntu-linux,ctr,decrypt,8388608,8,100,743.805876,7.438058760,1075.549449
ubuntu-linux,ctr,decrypt,8388608,9,100,741.098314,7.410983140,1079.478910
ubuntu-linux,ctr,decrypt,8388608,10,100,740.489995,7.404899950,1080.365711
ubuntu-linux,ctr,decrypt,8388608,11,100,741.025502,7.410255020,1079.584978
ubuntu-linux,ctr,decrypt,8388608,12,100,741.168599,7.411685990,1079.376543
ubuntu-linux,ctr,decrypt,8388608,13,100,741.001460,7.410014600,1079.620005
ubuntu-linux,ctr,decrypt,8388608,14,100,742.358423,7.423584230,1077.646559
ubuntu-linux,ctr,decrypt,8388608,15,100,744.448119,7.444481190,1074.621561
ubuntu-linux,ctr,decrypt,8388608,16,100,738.969737,7.389697370,1082.588312
ubuntu-linux,ctr,decrypt,8388608,17,100,738.430756,7.384307560,1083.378494
ubuntu-linux,ctr,decrypt,8388608,18,100,739.134826,7.391348260,1082.346511
ubuntu-linux,ctr,decrypt,8388608,19,100,740.438802,7.404388020,1080.440406
ubuntu-linux,ctr,decrypt,8388608,20,100,741.991930,7.419919300,1078.178842
ubuntu-linux,ctr,decrypt,8388608,21,100,739.673321,7.396733210,1081.558544
ubuntu-linux,ctr,decrypt,8388608,22,100,740.724587,7.407245870,1080.023553
ubuntu-linux,ctr,decrypt,8388608,23,100,739.281396,7.392813960,1082.131925
ubuntu-linux,ctr,decrypt,8388608,24,100,741.042279,7.410422790,1079.560536
ubuntu-linux,ctr,decrypt,8388608,25,100,745.243500,7.452435000,1073.474643
ubuntu-linux,ctr,decrypt,8388608,26,100,743.087363,7.430873630,1076.589429
ubuntu-linux,ctr,decrypt,8388608,27,100,750.177384,7.501773840,1066.414447
ubuntu-linux,ctr,decrypt,8388608,28,100,741.492161,7.414921610,1078.905540
ubuntu-linux,ctr,decrypt,8388608,29,100,738.727523,7.387275230,1082.943271
ubuntu-linux,ctr,decrypt,8388608,30,100,739.744735,7.397447350,1081.454132
ubuntu-linux,gcm,encrypt,1024,1,100,0.177480,0.001774800,550.238055
ubuntu-linux,gcm,encrypt,1024,2,100,0.178522,0.001785220,547.026417
ubuntu-linux,gcm,encrypt,1024,3,100,0.178010,0.001780100,548.599798
ubuntu-linux,gcm,encrypt,1024,4,100,0.178001,0.001780010,548.627536
ubuntu-linux,gcm,encrypt,1024,5,100,0.178501,0.001785010,547.090773
ubuntu-linux,gcm,encrypt,1024,6,100,0.182128,0.001821280,536.195698
ubuntu-linux,gcm,encrypt,1024,7,100,0.177109,0.001771090,551.390669
ubuntu-linux,gcm,encrypt,1024,8,100,0.176859,0.001768590,552.170090
ubuntu-linux,gcm,encrypt,1024,9,100,0.176588,0.001765880,553.017476
ubuntu-linux,gcm,encrypt,1024,10,100,0.177129,0.001771290,551.328410
ubuntu-linux,gcm,encrypt,1024,11,100,0.181027,0.001810270,539.456821
ubuntu-linux,gcm,encrypt,1024,12,100,0.177750,0.001777500,549.402250
ubuntu-linux,gcm,encrypt,1024,13,100,0.176579,0.001765790,553.045662
ubuntu-linux,gcm,encrypt,1024,14,100,0.176538,0.001765380,553.174104
ubuntu-linux,gcm,encrypt,1024,15,100,0.176478,0.001764780,553.362175
ubuntu-linux,gcm,encrypt,1024,16,100,0.177469,0.001774690,550.272160
ubuntu-linux,gcm,encrypt,1024,17,100,0.181788,0.001817880,537.198550
ubuntu-linux,gcm,encrypt,1024,18,100,0.178221,0.001782210,547.950298
ubuntu-linux,gcm,encrypt,1024,19,100,0.177520,0.001775200,550.114072
ubuntu-linux,gcm,encrypt,1024,20,100,0.178031,0.001780310,548.535087
ubuntu-linux,gcm,encrypt,1024,21,100,0.177640,0.001776400,549.742457
ubuntu-linux,gcm,encrypt,1024,22,100,0.257489,0.002574890,379.263774
ubuntu-linux,gcm,encrypt,1024,23,100,0.179443,0.001794430,544.218777
ubuntu-linux,gcm,encrypt,1024,24,100,0.177701,0.001777010,549.553745
ubuntu-linux,gcm,encrypt,1024,25,100,0.177520,0.001775200,550.114072
ubuntu-linux,gcm,encrypt,1024,26,100,0.177630,0.001776300,549.773405
ubuntu-linux,gcm,encrypt,1024,27,100,0.182118,0.001821180,536.225140
ubuntu-linux,gcm,encrypt,1024,28,100,0.178191,0.001781910,548.042550
ubuntu-linux,gcm,encrypt,1024,29,100,0.177951,0.001779510,548.781687
ubuntu-linux,gcm,encrypt,1024,30,100,0.178091,0.001780910,548.350282
ubuntu-linux,gcm,decrypt,1024,1,100,0.231931,0.002319310,421.057340
ubuntu-linux,gcm,decrypt,1024,2,100,0.237101,0.002371010,411.876162
ubuntu-linux,gcm,decrypt,1024,3,100,0.231801,0.002318010,421.293480
ubuntu-linux,gcm,decrypt,1024,4,100,0.230108,0.002301080,424.393111
ubuntu-linux,gcm,decrypt,1024,5,100,0.230569,0.002305690,423.544579
ubuntu-linux,gcm,decrypt,1024,6,100,0.235859,0.002358590,414.045044
ubuntu-linux,gcm,decrypt,1024,7,100,0.232442,0.002324420,420.131689
ubuntu-linux,gcm,decrypt,1024,8,100,0.231330,0.002313300,422.151256
ubuntu-linux,gcm,decrypt,1024,9,100,0.231471,0.002314710,421.894103
ubuntu-linux,gcm,decrypt,1024,10,100,0.231520,0.002315200,421.804812
ubuntu-linux,gcm,decrypt,1024,11,100,0.378033,0.003780330,258.327315
ubuntu-linux,gcm,decrypt,1024,12,100,0.232973,0.002329730,419.174110
ubuntu-linux,gcm,decrypt,1024,13,100,0.231039,0.002310390,422.682967
ubuntu-linux,gcm,decrypt,1024,14,100,0.236189,0.002361890,413.466546
ubuntu-linux,gcm,decrypt,1024,15,100,0.232272,0.002322720,420.439183
ubuntu-linux,gcm,decrypt,1024,16,100,0.231130,0.002311300,422.516549
ubuntu-linux,gcm,decrypt,1024,17,100,0.231220,0.002312200,422.352089
ubuntu-linux,gcm,decrypt,1024,18,100,0.230558,0.002305580,423.564786
ubuntu-linux,gcm,decrypt,1024,19,100,0.236921,0.002369210,412.189084
ubuntu-linux,gcm,decrypt,1024,20,100,0.231651,0.002316510,421.566279
ubuntu-linux,gcm,decrypt,1024,21,100,0.231280,0.002312800,422.242520
ubuntu-linux,gcm,decrypt,1024,22,100,0.231320,0.002313200,422.169505
ubuntu-linux,gcm,decrypt,1024,23,100,0.236250,0.002362500,413.359788
ubuntu-linux,gcm,decrypt,1024,24,100,0.231761,0.002317610,421.366192
ubuntu-linux,gcm,decrypt,1024,25,100,0.231901,0.002319010,421.111811
ubuntu-linux,gcm,decrypt,1024,26,100,0.230348,0.002303480,423.950935
ubuntu-linux,gcm,decrypt,1024,27,100,0.236300,0.002363000,413.272323
ubuntu-linux,gcm,decrypt,1024,28,100,0.231420,0.002314200,421.987080
ubuntu-linux,gcm,decrypt,1024,29,100,0.230999,0.002309990,422.756159
ubuntu-linux,gcm,decrypt,1024,30,100,0.231581,0.002315810,421.693705
ubuntu-linux,gcm,encrypt,4096,1,100,0.598964,0.005989640,652.167743
ubuntu-linux,gcm,encrypt,4096,2,100,0.604394,0.006043940,646.308534
ubuntu-linux,gcm,encrypt,4096,3,100,0.600957,0.006009570,650.004909
ubuntu-linux,gcm,encrypt,4096,4,100,0.602830,0.006028300,647.985336
ubuntu-linux,gcm,encrypt,4096,5,100,0.598533,0.005985330,652.637365
ubuntu-linux,gcm,encrypt,4096,6,100,0.602440,0.006024400,648.404820
ubuntu-linux,gcm,encrypt,4096,7,100,0.602961,0.006029610,647.844554
ubuntu-linux,gcm,encrypt,4096,8,100,0.598403,0.005984030,652.779147
ubuntu-linux,gcm,encrypt,4096,9,100,0.602019,0.006020190,648.858259
ubuntu-linux,gcm,encrypt,4096,10,100,0.595116,0.005951160,656.384638
ubuntu-linux,gcm,encrypt,4096,11,100,0.599625,0.005996250,651.448822
ubuntu-linux,gcm,encrypt,4096,12,100,0.619923,0.006199230,630.118579
ubuntu-linux,gcm,encrypt,4096,13,100,0.599585,0.005995850,651.492282
ubuntu-linux,gcm,encrypt,4096,14,100,0.601578,0.006015780,649.333918
ubuntu-linux,gcm,encrypt,4096,15,100,0.597781,0.005977810,653.458374
ubuntu-linux,gcm,encrypt,4096,16,100,0.602069,0.006020690,648.804373
ubuntu-linux,gcm,encrypt,4096,17,100,0.602200,0.006022000,648.663235
ubuntu-linux,gcm,encrypt,4096,18,100,0.594986,0.005949860,656.528053
ubuntu-linux,gcm,encrypt,4096,19,100,0.598543,0.005985430,652.626461
ubuntu-linux,gcm,encrypt,4096,20,100,0.597220,0.005972200,654.072201
ubuntu-linux,gcm,encrypt,4096,21,100,0.602260,0.006022600,648.598612
ubuntu-linux,gcm,encrypt,4096,22,100,0.602680,0.006026800,648.146612
ubuntu-linux,gcm,encrypt,4096,23,100,0.597832,0.005978320,653.402628
ubuntu-linux,gcm,encrypt,4096,24,100,0.602550,0.006025500,648.286449
ubuntu-linux,gcm,encrypt,4096,25,100,0.597952,0.005979520,653.271500
ubuntu-linux,gcm,encrypt,4096,26,100,0.634219,0.006342190,615.915007
ubuntu-linux,gcm,encrypt,4096,27,100,0.604003,0.006040030,646.726920
ubuntu-linux,gcm,encrypt,4096,28,100,0.598111,0.005981110,653.097836
ubuntu-linux,gcm,encrypt,4096,29,100,0.602781,0.006027810,648.038010
ubuntu-linux,gcm,encrypt,4096,30,100,0.597671,0.005976710,653.578641
ubuntu-linux,gcm,decrypt,4096,1,100,0.565181,0.005651810,691.150269
ubuntu-linux,gcm,decrypt,4096,2,100,0.566203,0.005662030,689.902738
ubuntu-linux,gcm,decrypt,4096,3,100,0.560752,0.005607520,696.609196
ubuntu-linux,gcm,decrypt,4096,4,100,0.567064,0.005670640,688.855226
ubuntu-linux,gcm,decrypt,4096,5,100,0.561324,0.005613240,695.899338
ubuntu-linux,gcm,decrypt,4096,6,100,0.567084,0.005670840,688.830932
ubuntu-linux,gcm,decrypt,4096,7,100,0.561343,0.005613430,695.875784
ubuntu-linux,gcm,decrypt,4096,8,100,0.565832,0.005658320,690.355088
ubuntu-linux,gcm,decrypt,4096,9,100,0.566002,0.005660020,690.147738
ubuntu-linux,gcm,decrypt,4096,10,100,0.561844,0.005618440,695.255267
ubuntu-linux,gcm,decrypt,4096,11,100,0.565702,0.005657020,690.513733
ubuntu-linux,gcm,decrypt,4096,12,100,0.560843,0.005608430,696.496167
ubuntu-linux,gcm,decrypt,4096,13,100,0.565311,0.005653110,690.991330
ubuntu-linux,gcm,decrypt,4096,14,100,0.561854,0.005618540,695.242892
ubuntu-linux,gcm,decrypt,4096,15,100,0.566423,0.005664230,689.634778
ubuntu-linux,gcm,decrypt,4096,16,100,0.567435,0.005674350,688.404839
ubuntu-linux,gcm,decrypt,4096,17,100,0.562265,0.005622650,694.734689
ubuntu-linux,gcm,decrypt,4096,18,100,0.566153,0.005661530,689.963667
ubuntu-linux,gcm,decrypt,4096,19,100,0.561945,0.005619450,695.130306
ubuntu-linux,gcm,decrypt,4096,20,100,0.566834,0.005668340,689.134738
ubuntu-linux,gcm,decrypt,4096,21,100,0.561194,0.005611940,696.060542
ubuntu-linux,gcm,decrypt,4096,22,100,0.567344,0.005673440,688.515257
ubuntu-linux,gcm,decrypt,4096,23,100,0.561975,0.005619750,695.093198
ubuntu-linux,gcm,decrypt,4096,24,100,0.565761,0.005657610,690.441724
ubuntu-linux,gcm,decrypt,4096,25,100,0.565201,0.005652010,691.125812
ubuntu-linux,gcm,decrypt,4096,26,100,0.563207,0.005632070,693.572701
ubuntu-linux,gcm,decrypt,4096,27,100,0.567104,0.005671040,688.806639
ubuntu-linux,gcm,decrypt,4096,28,100,0.562055,0.005620550,694.994262
ubuntu-linux,gcm,decrypt,4096,29,100,0.565742,0.005657420,690.464912
ubuntu-linux,gcm,decrypt,4096,30,100,0.561313,0.005613130,695.912975
ubuntu-linux,gcm,encrypt,16384,1,100,1.939415,0.019394150,805.655314
ubuntu-linux,gcm,encrypt,16384,2,100,1.948061,0.019480610,802.079606
ubuntu-linux,gcm,encrypt,16384,3,100,1.946689,0.019466890,802.644901
ubuntu-linux,gcm,encrypt,16384,4,100,1.950216,0.019502160,801.193304
ubuntu-linux,gcm,encrypt,16384,5,100,1.951397,0.019513970,800.708416
ubuntu-linux,gcm,encrypt,16384,6,100,1.951477,0.019514770,800.675591
ubuntu-linux,gcm,encrypt,16384,7,100,1.944324,0.019443240,803.621207
ubuntu-linux,gcm,encrypt,16384,8,100,1.947260,0.019472600,802.409540
ubuntu-linux,gcm,encrypt,16384,9,100,1.947761,0.019477610,802.203145
ubuntu-linux,gcm,encrypt,16384,10,100,1.951698,0.019516980,800.584927
ubuntu-linux,gcm,encrypt,16384,11,100,1.982415,0.019824150,788.180073
ubuntu-linux,gcm,encrypt,16384,12,100,1.952019,0.019520190,800.453274
ubuntu-linux,gcm,encrypt,16384,13,100,1.950686,0.019506860,801.000263
ubuntu-linux,gcm,encrypt,16384,14,100,1.961957,0.019619570,796.398698
ubuntu-linux,gcm,encrypt,16384,15,100,1.962037,0.019620370,796.366226
ubuntu-linux,gcm,encrypt,16384,16,100,1.955505,0.019555050,799.026338
ubuntu-linux,gcm,encrypt,16384,17,100,1.950075,0.019500750,801.251234
ubuntu-linux,gcm,encrypt,16384,18,100,1.946057,0.019460570,802.905568
ubuntu-linux,gcm,encrypt,16384,19,100,1.953881,0.019538810,799.690462
ubuntu-linux,gcm,encrypt,16384,20,100,1.966906,0.019669060,794.394852
ubuntu-linux,gcm,encrypt,16384,21,100,1.969471,0.019694710,793.360247
ubuntu-linux,gcm,encrypt,16384,22,100,1.984118,0.019841180,787.503566
ubuntu-linux,gcm,encrypt,16384,23,100,1.965534,0.019655340,794.949362
ubuntu-linux,gcm,encrypt,16384,24,100,1.951467,0.019514670,800.679694
ubuntu-linux,gcm,encrypt,16384,25,100,1.954623,0.019546230,799.386889
ubuntu-linux,gcm,encrypt,16384,26,100,1.952079,0.019520790,800.428671
ubuntu-linux,gcm,encrypt,16384,27,100,1.953251,0.019532510,799.948394
ubuntu-linux,gcm,encrypt,16384,28,100,1.957569,0.019575690,798.183870
ubuntu-linux,gcm,encrypt,16384,29,100,1.954473,0.019544730,799.448240
ubuntu-linux,gcm,encrypt,16384,30,100,1.958881,0.019588810,797.649270
ubuntu-linux,gcm,decrypt,16384,1,100,2.059328,0.020593280,758.742658
ubuntu-linux,gcm,decrypt,16384,2,100,2.053106,0.020531060,761.042050
ubuntu-linux,gcm,decrypt,16384,3,100,2.058557,0.020585570,759.026833
ubuntu-linux,gcm,decrypt,16384,4,100,2.063686,0.020636860,757.140379
ubuntu-linux,gcm,decrypt,16384,5,100,2.051734,0.020517340,761.550961
ubuntu-linux,gcm,decrypt,16384,6,100,2.059719,0.020597190,758.598624
ubuntu-linux,gcm,decrypt,16384,7,100,2.056433,0.020564330,759.810799
ubuntu-linux,gcm,decrypt,16384,8,100,2.058417,0.020584170,759.078457
ubuntu-linux,gcm,decrypt,16384,9,100,2.055341,0.020553410,760.214485
ubuntu-linux,gcm,decrypt,16384,10,100,2.058036,0.020580360,759.218984
ubuntu-linux,gcm,decrypt,16384,11,100,2.347644,0.023476440,665.560877
ubuntu-linux,gcm,decrypt,16384,12,100,2.058917,0.020589170,758.894118
ubuntu-linux,gcm,decrypt,16384,13,100,2.082572,0.020825720,750.274180
ubuntu-linux,gcm,decrypt,16384,14,100,2.073975,0.020739750,753.384202
ubuntu-linux,gcm,decrypt,16384,15,100,2.059959,0.020599590,758.510242
ubuntu-linux,gcm,decrypt,16384,16,100,2.062073,0.020620730,757.732631
ubuntu-linux,gcm,decrypt,16384,17,100,2.061963,0.020619630,757.773054
ubuntu-linux,gcm,decrypt,16384,18,100,2.060350,0.020603500,758.366297
ubuntu-linux,gcm,decrypt,16384,19,100,2.058476,0.020584760,759.056700
ubuntu-linux,gcm,decrypt,16384,20,100,2.058055,0.020580550,759.211974
ubuntu-linux,gcm,decrypt,16384,21,100,2.052445,0.020524450,761.287148
ubuntu-linux,gcm,decrypt,16384,22,100,2.058767,0.020587670,758.949410
ubuntu-linux,gcm,decrypt,16384,23,100,2.058216,0.020582160,759.152587
ubuntu-linux,gcm,decrypt,16384,24,100,2.058887,0.020588870,758.905175
ubuntu-linux,gcm,decrypt,16384,25,100,2.058186,0.020581860,759.163652
ubuntu-linux,gcm,decrypt,16384,26,100,2.059839,0.020598390,758.554431
ubuntu-linux,gcm,decrypt,16384,27,100,2.057064,0.020570640,759.577728
ubuntu-linux,gcm,decrypt,16384,28,100,2.055641,0.020556410,760.103539
ubuntu-linux,gcm,decrypt,16384,29,100,2.060621,0.020606210,758.266561
ubuntu-linux,gcm,decrypt,16384,30,100,2.053427,0.020534270,760.923081
ubuntu-linux,gcm,encrypt,262144,1,100,31.887313,0.318873130,784.010870
ubuntu-linux,gcm,encrypt,262144,2,100,31.836829,0.318368290,785.254084
ubuntu-linux,gcm,encrypt,262144,3,100,31.748565,0.317485650,787.437164
ubuntu-linux,gcm,encrypt,262144,4,100,31.984373,0.319843730,781.631705
ubuntu-linux,gcm,encrypt,262144,5,100,31.973283,0.319732830,781.902816
ubuntu-linux,gcm,encrypt,262144,6,100,31.823355,0.318233550,785.586561
ubuntu-linux,gcm,encrypt,262144,7,100,31.847218,0.318472180,784.997924
ubuntu-linux,gcm,encrypt,262144,8,100,31.776697,0.317766970,786.740044
ubuntu-linux,gcm,encrypt,262144,9,100,31.875481,0.318754810,784.301890
ubuntu-linux,gcm,encrypt,262144,10,100,31.814458,0.318144580,785.806252
ubuntu-linux,gcm,encrypt,262144,11,100,32.427757,0.324277570,770.944472
ubuntu-linux,gcm,encrypt,262144,12,100,31.934861,0.319348610,782.843551
ubuntu-linux,gcm,encrypt,262144,13,100,31.975938,0.319759380,781.837893
ubuntu-linux,gcm,encrypt,262144,14,100,31.669058,0.316690580,789.414071
ubuntu-linux,gcm,encrypt,262144,15,100,31.731454,0.317314540,787.861785
ubuntu-linux,gcm,encrypt,262144,16,100,31.745590,0.317455900,787.510958
ubuntu-linux,gcm,encrypt,262144,17,100,32.163727,0.321637270,777.273106
ubuntu-linux,gcm,encrypt,262144,18,100,31.779683,0.317796830,786.666123
ubuntu-linux,gcm,encrypt,262144,19,100,32.135053,0.321350530,777.966665
ubuntu-linux,gcm,encrypt,262144,20,100,31.750629,0.317506290,787.385976
ubuntu-linux,gcm,encrypt,262144,21,100,31.780825,0.317808250,786.637855
ubuntu-linux,gcm,encrypt,262144,22,100,31.697340,0.316973400,788.709715
ubuntu-linux,gcm,encrypt,262144,23,100,31.924062,0.319240620,783.108365
ubuntu-linux,gcm,encrypt,262144,24,100,31.854532,0.318545320,784.817683
ubuntu-linux,gcm,encrypt,262144,25,100,31.767941,0.317679410,786.956888
ubuntu-linux,gcm,encrypt,262144,26,100,31.715714,0.317157140,788.252789
ubuntu-linux,gcm,encrypt,262144,27,100,31.781166,0.317811660,786.629414
ubuntu-linux,gcm,encrypt,262144,28,100,31.732776,0.317327760,787.828963
ubuntu-linux,gcm,encrypt,262144,29,100,31.710995,0.317109950,788.370091
ubuntu-linux,gcm,encrypt,262144,30,100,32.051629,0.320516290,779.991557
ubuntu-linux,gcm,decrypt,262144,1,100,32.301312,0.323013120,773.962370
ubuntu-linux,gcm,decrypt,262144,2,100,32.192991,0.321929910,776.566551
ubuntu-linux,gcm,decrypt,262144,3,100,32.416947,0.324169470,771.201557
ubuntu-linux,gcm,decrypt,262144,4,100,32.242984,0.322429840,775.362479
ubuntu-linux,gcm,decrypt,262144,5,100,32.239087,0.322390870,775.456203
ubuntu-linux,gcm,decrypt,262144,6,100,32.203271,0.322032710,776.318654
ubuntu-linux,gcm,decrypt,262144,7,100,32.215213,0.322152130,776.030877
ubuntu-linux,gcm,decrypt,262144,8,100,32.182232,0.321822320,776.826169
ubuntu-linux,gcm,decrypt,262144,9,100,32.511003,0.325110030,768.970431
ubuntu-linux,gcm,decrypt,262144,10,100,32.219982,0.322199820,775.916014
ubuntu-linux,gcm,decrypt,262144,11,100,32.252021,0.322520210,775.145223
ubuntu-linux,gcm,decrypt,262144,12,100,32.214591,0.322145910,776.045861
ubuntu-linux,gcm,decrypt,262144,13,100,32.284181,0.322841810,774.373059
ubuntu-linux,gcm,decrypt,262144,14,100,32.207609,0.322076090,776.214093
ubuntu-linux,gcm,decrypt,262144,15,100,32.543774,0.325437740,768.196092
ubuntu-linux,gcm,decrypt,262144,16,100,32.342028,0.323420280,772.988014
ubuntu-linux,gcm,decrypt,262144,17,100,32.409463,0.324094630,771.379643
ubuntu-linux,gcm,decrypt,262144,18,100,32.276397,0.322763970,774.559812
ubuntu-linux,gcm,decrypt,262144,19,100,32.398945,0.323989450,771.630064
ubuntu-linux,gcm,decrypt,262144,20,100,32.211836,0.322118360,776.112234
ubuntu-linux,gcm,decrypt,262144,21,100,32.318485,0.323184850,773.551112
ubuntu-linux,gcm,decrypt,262144,22,100,32.473322,0.324733220,769.862720
ubuntu-linux,gcm,decrypt,262144,23,100,32.234909,0.322349090,775.556711
ubuntu-linux,gcm,decrypt,262144,24,100,32.225852,0.322258520,775.774679
ubuntu-linux,gcm,decrypt,262144,25,100,32.229690,0.322296900,775.682298
ubuntu-linux,gcm,decrypt,262144,26,100,32.201166,0.322011660,776.369402
ubuntu-linux,gcm,decrypt,262144,27,100,32.189064,0.321890640,776.661291
ubuntu-linux,gcm,decrypt,262144,28,100,32.487078,0.324870780,769.536737
ubuntu-linux,gcm,decrypt,262144,29,100,32.213489,0.322134890,776.072409
ubuntu-linux,gcm,decrypt,262144,30,100,32.242443,0.322424430,775.375489
ubuntu-linux,gcm,encrypt,1048576,1,100,91.119236,0.911192360,1097.463109
ubuntu-linux,gcm,encrypt,1048576,2,100,90.164982,0.901649820,1109.078023
ubuntu-linux,gcm,encrypt,1048576,3,100,91.054956,0.910549560,1098.237860
ubuntu-linux,gcm,encrypt,1048576,4,100,90.132983,0.901329830,1109.471768
ubuntu-linux,gcm,encrypt,1048576,5,100,91.062079,0.910620790,1098.151954
ubuntu-linux,gcm,encrypt,1048576,6,100,90.892304,0.908923040,1100.203159
ubuntu-linux,gcm,encrypt,1048576,7,100,91.107093,0.911070930,1097.609382
ubuntu-linux,gcm,encrypt,1048576,8,100,90.383738,0.903837380,1106.393719
ubuntu-linux,gcm,encrypt,1048576,9,100,90.558823,0.905588230,1104.254635
ubuntu-linux,gcm,encrypt,1048576,10,100,90.644974,0.906449740,1103.205126
ubuntu-linux,gcm,encrypt,1048576,11,100,90.198174,0.901981740,1108.669894
ubuntu-linux,gcm,encrypt,1048576,12,100,90.893997,0.908939970,1100.182667
ubuntu-linux,gcm,encrypt,1048576,13,100,90.108618,0.901086180,1109.771765
ubuntu-linux,gcm,encrypt,1048576,14,100,91.131659,0.911316590,1097.313503
ubuntu-linux,gcm,encrypt,1048576,15,100,90.396913,0.903969130,1106.232466
ubuntu-linux,gcm,encrypt,1048576,16,100,90.918743,0.909187430,1099.883222
ubuntu-linux,gcm,encrypt,1048576,17,100,90.496598,0.904965980,1105.013914
ubuntu-linux,gcm,encrypt,1048576,18,100,90.798880,0.907988800,1101.335171
ubuntu-linux,gcm,encrypt,1048576,19,100,90.336491,0.903364910,1106.972375
ubuntu-linux,gcm,encrypt,1048576,20,100,90.339446,0.903394460,1106.936166
ubuntu-linux,gcm,encrypt,1048576,21,100,91.207731,0.912077310,1096.398287
ubuntu-linux,gcm,encrypt,1048576,22,100,90.060197,0.900601970,1110.368435
ubuntu-linux,gcm,encrypt,1048576,23,100,90.919194,0.909191940,1099.877766
ubuntu-linux,gcm,encrypt,1048576,24,100,90.689037,0.906890370,1102.669113
ubuntu-linux,gcm,encrypt,1048576,25,100,90.998200,0.909982000,1098.922836
ubuntu-linux,gcm,encrypt,1048576,26,100,90.185380,0.901853800,1108.827174
ubuntu-linux,gcm,encrypt,1048576,27,100,90.998682,0.909986820,1098.917015
ubuntu-linux,gcm,encrypt,1048576,28,100,90.393006,0.903930060,1106.280280
ubuntu-linux,gcm,encrypt,1048576,29,100,90.690148,0.906901480,1102.655605
ubuntu-linux,gcm,encrypt,1048576,30,100,90.573962,0.905739620,1104.070064
ubuntu-linux,gcm,decrypt,1048576,1,100,92.241923,0.922419230,1084.105760
ubuntu-linux,gcm,decrypt,1048576,2,100,91.161865,0.911618650,1096.949914
ubuntu-linux,gcm,decrypt,1048576,3,100,92.941544,0.929415440,1075.945112
ubuntu-linux,gcm,decrypt,1048576,4,100,91.278813,0.912788130,1095.544483
ubuntu-linux,gcm,decrypt,1048576,5,100,92.767339,0.927673390,1077.965597
ubuntu-linux,gcm,decrypt,1048576,6,100,91.666083,0.916660830,1090.916037
ubuntu-linux,gcm,decrypt,1048576,7,100,92.261579,0.922615790,1083.874795
ubuntu-linux,gcm,decrypt,1048576,8,100,92.693031,0.926930310,1078.829756
ubuntu-linux,gcm,decrypt,1048576,9,100,92.684205,0.926842050,1078.932489
ubuntu-linux,gcm,decrypt,1048576,10,100,91.585302,0.915853020,1091.878258
ubuntu-linux,gcm,decrypt,1048576,11,100,91.408944,0.914089440,1093.984851
ubuntu-linux,gcm,decrypt,1048576,12,100,92.221976,0.922219760,1084.340244
ubuntu-linux,gcm,decrypt,1048576,13,100,91.222688,0.912226880,1096.218520
ubuntu-linux,gcm,decrypt,1048576,14,100,92.234319,0.922343190,1084.195136
ubuntu-linux,gcm,decrypt,1048576,15,100,91.290996,0.912909960,1095.398280
ubuntu-linux,gcm,decrypt,1048576,16,100,92.943307,0.929433070,1075.924703
ubuntu-linux,gcm,decrypt,1048576,17,100,91.606812,0.916068120,1091.621876
ubuntu-linux,gcm,decrypt,1048576,18,100,92.553192,0.925531920,1080.459764
ubuntu-linux,gcm,decrypt,1048576,19,100,91.557110,0.915571100,1092.214466
ubuntu-linux,gcm,decrypt,1048576,20,100,92.236744,0.922367440,1084.166631
ubuntu-linux,gcm,decrypt,1048576,21,100,91.528277,0.915282770,1092.558532
ubuntu-linux,gcm,decrypt,1048576,22,100,92.404224,0.924042240,1082.201610
ubuntu-linux,gcm,decrypt,1048576,23,100,91.627030,0.916270300,1091.381004
ubuntu-linux,gcm,decrypt,1048576,24,100,91.244760,0.912447600,1095.953346
ubuntu-linux,gcm,decrypt,1048576,25,100,92.137299,0.921372990,1085.336786
ubuntu-linux,gcm,decrypt,1048576,26,100,91.278322,0.912783220,1095.550376
ubuntu-linux,gcm,decrypt,1048576,27,100,92.401941,0.924019410,1082.228348
ubuntu-linux,gcm,decrypt,1048576,28,100,91.476090,0.914760900,1093.181836
ubuntu-linux,gcm,decrypt,1048576,29,100,92.891781,0.928917810,1076.521506
ubuntu-linux,gcm,decrypt,1048576,30,100,92.216126,0.922161260,1084.409033
ubuntu-linux,gcm,encrypt,8388608,1,100,1906.882472,19.068824720,419.532935
ubuntu-linux,gcm,encrypt,8388608,2,100,1909.332485,19.093324850,418.994600
ubuntu-linux,gcm,encrypt,8388608,3,100,1908.178898,19.081788980,419.247902
ubuntu-linux,gcm,encrypt,8388608,4,100,1905.767595,19.057675950,419.778362
ubuntu-linux,gcm,encrypt,8388608,5,100,1904.509343,19.045093430,420.055697
ubuntu-linux,gcm,encrypt,8388608,6,100,1902.481201,19.024812010,420.503498
ubuntu-linux,gcm,encrypt,8388608,7,100,1892.262494,18.922624940,422.774326
ubuntu-linux,gcm,encrypt,8388608,8,100,1892.842120,18.928421200,422.644864
ubuntu-linux,gcm,encrypt,8388608,9,100,1892.016292,18.920162920,422.829340
ubuntu-linux,gcm,encrypt,8388608,10,100,1905.069445,19.050694450,419.932198
ubuntu-linux,gcm,encrypt,8388608,11,100,1907.127147,19.071271470,419.479111
ubuntu-linux,gcm,encrypt,8388608,12,100,1901.707070,19.017070700,420.674673
ubuntu-linux,gcm,encrypt,8388608,13,100,1907.492592,19.074925920,419.398745
ubuntu-linux,gcm,encrypt,8388608,14,100,1907.827753,19.078277530,419.325067
ubuntu-linux,gcm,encrypt,8388608,15,100,1906.016144,19.060161440,419.723622
ubuntu-linux,gcm,encrypt,8388608,16,100,1902.409177,19.024091770,420.519418
ubuntu-linux,gcm,encrypt,8388608,17,100,1905.967629,19.059676290,419.734306
ubuntu-linux,gcm,encrypt,8388608,18,100,1893.961849,18.939618490,422.394992
ubuntu-linux,gcm,encrypt,8388608,19,100,1888.085142,18.880851420,423.709706
ubuntu-linux,gcm,encrypt,8388608,20,100,1897.277738,18.972777380,421.656769
ubuntu-linux,gcm,encrypt,8388608,21,100,1897.713776,18.977137760,421.559884
ubuntu-linux,gcm,encrypt,8388608,22,100,1889.496178,18.894961780,423.393288
ubuntu-linux,gcm,encrypt,8388608,23,100,1899.589177,18.995891770,421.143692
ubuntu-linux,gcm,encrypt,8388608,24,100,1899.206212,18.992062120,421.228614
ubuntu-linux,gcm,encrypt,8388608,25,100,1899.143423,18.991434230,421.242540
ubuntu-linux,gcm,encrypt,8388608,26,100,1897.186082,18.971860820,421.677139
ubuntu-linux,gcm,encrypt,8388608,27,100,1896.475779,18.964757790,421.835074
ubuntu-linux,gcm,encrypt,8388608,28,100,1896.097023,18.960970230,421.919338
ubuntu-linux,gcm,encrypt,8388608,29,100,1883.537241,18.835372410,424.732775
ubuntu-linux,gcm,encrypt,8388608,30,100,1870.963946,18.709639460,427.587074
ubuntu-linux,gcm,decrypt,8388608,1,100,2236.793991,22.367939910,357.654752
ubuntu-linux,gcm,decrypt,8388608,2,100,2245.381344,22.453813440,356.286919
ubuntu-linux,gcm,decrypt,8388608,3,100,2254.640267,22.546402670,354.823788
ubuntu-linux,gcm,decrypt,8388608,4,100,2256.018489,22.560184890,354.607023
ubuntu-linux,gcm,decrypt,8388608,5,100,2253.682566,22.536825660,354.974570
ubuntu-linux,gcm,decrypt,8388608,6,100,2248.583076,22.485830760,355.779606
ubuntu-linux,gcm,decrypt,8388608,7,100,2251.363235,22.513632350,355.340261
ubuntu-linux,gcm,decrypt,8388608,8,100,2257.310841,22.573108410,354.404004
ubuntu-linux,gcm,decrypt,8388608,9,100,2264.963418,22.649634180,353.206588
ubuntu-linux,gcm,decrypt,8388608,10,100,2266.794612,22.667946120,352.921255
ubuntu-linux,gcm,decrypt,8388608,11,100,2266.900148,22.669001480,352.904825
ubuntu-linux,gcm,decrypt,8388608,12,100,2269.229428,22.692294280,352.542581
ubuntu-linux,gcm,decrypt,8388608,13,100,2268.722645,22.687226450,352.621332
ubuntu-linux,gcm,decrypt,8388608,14,100,2284.388228,22.843882280,350.203170
ubuntu-linux,gcm,decrypt,8388608,15,100,2267.313886,22.673138860,352.840427
ubuntu-linux,gcm,decrypt,8388608,16,100,2269.802011,22.698020110,352.453648
ubuntu-linux,gcm,decrypt,8388608,17,100,2269.272387,22.692723870,352.535907
ubuntu-linux,gcm,decrypt,8388608,18,100,2279.802693,22.798026930,350.907560
ubuntu-linux,gcm,decrypt,8388608,19,100,2273.242025,22.732420250,351.920293
ubuntu-linux,gcm,decrypt,8388608,20,100,2249.817267,22.498172670,355.584434
ubuntu-linux,gcm,decrypt,8388608,21,100,2244.960729,22.449607290,356.353672
ubuntu-linux,gcm,decrypt,8388608,22,100,2240.474747,22.404747470,357.067180
ubuntu-linux,gcm,decrypt,8388608,23,100,2219.287498,22.192874980,360.476054
ubuntu-linux,gcm,decrypt,8388608,24,100,2226.062553,22.260625530,359.378940
ubuntu-linux,gcm,decrypt,8388608,25,100,2231.332319,22.313323190,358.530190
ubuntu-linux,gcm,decrypt,8388608,26,100,2230.531789,22.305317890,358.658865
ubuntu-linux,gcm,decrypt,8388608,27,100,2230.160568,22.301605680,358.718566
ubuntu-linux,gcm,decrypt,8388608,28,100,2246.909315,22.469093150,356.044632
ubuntu-linux,gcm,decrypt,8388608,29,100,2206.080579,22.060805790,362.634079
ubuntu-linux,gcm,decrypt,8388608,30,100,2215.755905,22.157559050,361.050600
ubuntu-linux,ccm,encrypt,1024,1,100,0.293085,0.002930850,333.201119
ubuntu-linux,ccm,encrypt,1024,2,100,0.290751,0.002907510,335.875887
ubuntu-linux,ccm,encrypt,1024,3,100,0.289538,0.002895380,337.283016
ubuntu-linux,ccm,encrypt,1024,4,100,0.290300,0.002903000,336.397692
ubuntu-linux,ccm,encrypt,1024,5,100,0.294648,0.002946480,331.433609
ubuntu-linux,ccm,encrypt,1024,6,100,0.289899,0.002898990,336.863011
ubuntu-linux,ccm,encrypt,1024,7,100,0.289578,0.002895780,337.236427
ubuntu-linux,ccm,encrypt,1024,8,100,0.293286,0.002932860,332.972764
ubuntu-linux,ccm,encrypt,1024,9,100,0.289879,0.002898790,336.886253
ubuntu-linux,ccm,encrypt,1024,10,100,0.289157,0.002891570,337.727428
ubuntu-linux,ccm,encrypt,1024,11,100,0.289599,0.002895990,337.211972
ubuntu-linux,ccm,encrypt,1024,12,100,0.292905,0.002929050,333.405882
ubuntu-linux,ccm,encrypt,1024,13,100,0.289839,0.002898390,336.932745
ubuntu-linux,ccm,encrypt,1024,14,100,0.289698,0.002896980,337.096735
ubuntu-linux,ccm,encrypt,1024,15,100,1.011792,0.010117920,96.518108
ubuntu-linux,ccm,encrypt,1024,16,100,0.294588,0.002945880,331.501113
ubuntu-linux,ccm,encrypt,1024,17,100,0.289789,0.002897890,336.990880
ubuntu-linux,ccm,encrypt,1024,18,100,0.289108,0.002891080,337.784669
ubuntu-linux,ccm,encrypt,1024,19,100,0.289708,0.002897080,337.085099
ubuntu-linux,ccm,encrypt,1024,20,100,0.293165,0.002931650,333.110194
ubuntu-linux,ccm,encrypt,1024,21,100,0.289788,0.002897880,336.992042
ubuntu-linux,ccm,encrypt,1024,22,100,0.289729,0.002897290,337.060667
ubuntu-linux,ccm,encrypt,1024,23,100,0.293486,0.002934860,332.745855
ubuntu-linux,ccm,encrypt,1024,24,100,0.289919,0.002899190,336.839772
ubuntu-linux,ccm,encrypt,1024,25,100,0.289618,0.002896180,337.189850
ubuntu-linux,ccm,encrypt,1024,26,100,0.293436,0.002934360,332.802553
ubuntu-linux,ccm,encrypt,1024,27,100,0.290089,0.002900890,336.642375
ubuntu-linux,ccm,encrypt,1024,28,100,0.310617,0.003106170,314.394415
ubuntu-linux,ccm,encrypt,1024,29,100,0.292263,0.002922630,334.138259
ubuntu-linux,ccm,encrypt,1024,30,100,0.295619,0.002956190,330.344971
ubuntu-linux,ccm,decrypt,1024,1,100,0.348207,0.003482070,280.454586
ubuntu-linux,ccm,decrypt,1024,2,100,0.353127,0.003531270,276.547106
ubuntu-linux,ccm,decrypt,1024,3,100,0.347346,0.003473460,281.149776
ubuntu-linux,ccm,decrypt,1024,4,100,0.345863,0.003458630,282.355297
ubuntu-linux,ccm,decrypt,1024,5,100,0.350101,0.003501010,278.937364
ubuntu-linux,ccm,decrypt,1024,6,100,0.347937,0.003479370,280.672219
ubuntu-linux,ccm,decrypt,1024,7,100,0.345823,0.003458230,282.387956
ubuntu-linux,ccm,decrypt,1024,8,100,0.352576,0.003525760,276.979290
ubuntu-linux,ccm,decrypt,1024,9,100,0.349259,0.003492590,279.609831
ubuntu-linux,ccm,decrypt,1024,10,100,0.347747,0.003477470,280.825571
ubuntu-linux,ccm,decrypt,1024,11,100,0.352545,0.003525450,277.003645
ubuntu-linux,ccm,decrypt,1024,12,100,0.346674,0.003466740,281.694762
ubuntu-linux,ccm,decrypt,1024,13,100,0.345934,0.003459340,282.297346
ubuntu-linux,ccm,decrypt,1024,14,100,0.349971,0.003499710,279.040978
ubuntu-linux,ccm,decrypt,1024,15,100,0.346785,0.003467850,281.604597
ubuntu-linux,ccm,decrypt,1024,16,100,0.347637,0.003476370,280.914431
ubuntu-linux,ccm,decrypt,1024,17,100,0.352024,0.003520240,277.413614
ubuntu-linux,ccm,decrypt,1024,18,100,0.347776,0.003477760,280.802154
ubuntu-linux,ccm,decrypt,1024,19,100,0.406737,0.004067370,240.096795
ubuntu-linux,ccm,decrypt,1024,20,100,0.349520,0.003495200,279.401036
ubuntu-linux,ccm,decrypt,1024,21,100,0.348047,0.003480470,280.583513
ubuntu-linux,ccm,decrypt,1024,22,100,0.350632,0.003506320,278.514939
ubuntu-linux,ccm,decrypt,1024,23,100,0.346293,0.003462930,282.004690
ubuntu-linux,ccm,decrypt,1024,24,100,0.345513,0.003455130,282.641319
ubuntu-linux,ccm,decrypt,1024,25,100,0.349509,0.003495090,279.409829
ubuntu-linux,ccm,decrypt,1024,26,100,0.347225,0.003472250,281.247750
ubuntu-linux,ccm,decrypt,1024,27,100,0.345853,0.003458530,282.363461
ubuntu-linux,ccm,decrypt,1024,28,100,0.352265,0.003522650,277.223823
ubuntu-linux,ccm,decrypt,1024,29,100,0.348197,0.003481970,280.462640
ubuntu-linux,ccm,decrypt,1024,30,100,0.347345,0.003473450,281.150585
ubuntu-linux,ccm,encrypt,4096,1,100,1.043510,0.010435100,374.337572
ubuntu-linux,ccm,encrypt,4096,2,100,1.056614,0.010566140,369.695083
ubuntu-linux,ccm,encrypt,4096,3,100,1.046596,0.010465960,373.233798
ubuntu-linux,ccm,encrypt,4096,4,100,1.041266,0.010412660,375.144296
ubuntu-linux,ccm,encrypt,4096,5,100,1.040464,0.010404640,375.433460
ubuntu-linux,ccm,encrypt,4096,6,100,1.044091,0.010440910,374.129267
ubuntu-linux,ccm,encrypt,4096,7,100,1.043380,0.010433800,374.384213
ubuntu-linux,ccm,encrypt,4096,8,100,1.044251,0.010442510,374.071942
ubuntu-linux,ccm,encrypt,4096,9,100,1.044652,0.010446520,373.928351
ubuntu-linux,ccm,encrypt,4096,10,100,1.042298,0.010422980,374.772858
ubuntu-linux,ccm,encrypt,4096,11,100,1.040905,0.010409050,375.274401
ubuntu-linux,ccm,encrypt,4096,12,100,1.044262,0.010442620,374.068002
ubuntu-linux,ccm,encrypt,4096,13,100,1.044221,0.010442210,374.082689
ubuntu-linux,ccm,encrypt,4096,14,100,1.044392,0.010443920,374.021440
ubuntu-linux,ccm,encrypt,4096,15,100,1.044292,0.010442920,374.057256
ubuntu-linux,ccm,encrypt,4096,16,100,1.079366,0.010793660,361.902265
ubuntu-linux,ccm,encrypt,4096,17,100,1.045514,0.010455140,373.620057
ubuntu-linux,ccm,encrypt,4096,18,100,1.044171,0.010441710,374.100602
ubuntu-linux,ccm,encrypt,4096,19,100,1.044151,0.010441510,374.107768
ubuntu-linux,ccm,encrypt,4096,20,100,1.044803,0.010448030,373.874309
ubuntu-linux,ccm,encrypt,4096,21,100,1.045604,0.010456040,373.587898
ubuntu-linux,ccm,encrypt,4096,22,100,1.039172,0.010391720,375.900236
ubuntu-linux,ccm,encrypt,4096,23,100,1.045584,0.010455840,373.595044
ubuntu-linux,ccm,encrypt,4096,24,100,1.044021,0.010440210,374.154351
ubuntu-linux,ccm,encrypt,4096,25,100,1.067765,0.010677650,365.834243
ubuntu-linux,ccm,encrypt,4096,26,100,1.088664,0.010886640,358.811350
ubuntu-linux,ccm,encrypt,4096,27,100,1.049501,0.010495010,372.200693
ubuntu-linux,ccm,encrypt,4096,28,100,1.045334,0.010453340,373.684392
ubuntu-linux,ccm,encrypt,4096,29,100,1.044011,0.010440110,374.157935
ubuntu-linux,ccm,encrypt,4096,30,100,1.045824,0.010458240,373.509309
ubuntu-linux,ccm,decrypt,4096,1,100,1.014416,0.010144160,385.073776
ubuntu-linux,ccm,decrypt,4096,2,100,1.016290,0.010162900,384.363715
ubuntu-linux,ccm,decrypt,4096,3,100,1.011170,0.010111700,386.309918
ubuntu-linux,ccm,decrypt,4096,4,100,1.014456,0.010144560,385.058593
ubuntu-linux,ccm,decrypt,4096,5,100,1.016189,0.010161890,384.401917
ubuntu-linux,ccm,decrypt,4096,6,100,1.014456,0.010144560,385.058593
ubuntu-linux,ccm,decrypt,4096,7,100,1.016340,0.010163400,384.344806
ubuntu-linux,ccm,decrypt,4096,8,100,1.015608,0.010156080,384.621823
ubuntu-linux,ccm,decrypt,4096,9,100,1.014756,0.010147560,384.944755
ubuntu-linux,ccm,decrypt,4096,10,100,1.014736,0.010147360,384.952342
ubuntu-linux,ccm,decrypt,4096,11,100,1.017081,0.010170810,384.064789
ubuntu-linux,ccm,decrypt,4096,12,100,1.015148,0.010151480,384.796109
ubuntu-linux,ccm,decrypt,4096,13,100,1.014296,0.010142960,385.119334
ubuntu-linux,ccm,decrypt,4096,14,100,1.014937,0.010149370,384.876106
ubuntu-linux,ccm,decrypt,4096,15,100,1.015538,0.010155380,384.648334
ubuntu-linux,ccm,decrypt,4096,16,100,1.014646,0.010146460,384.986488
ubuntu-linux,ccm,decrypt,4096,17,100,1.015899,0.010158990,384.511649
ubuntu-linux,ccm,decrypt,4096,18,100,1.015037,0.010150370,384.838188
ubuntu-linux,ccm,decrypt,4096,19,100,1.015247,0.010152470,384.758586
ubuntu-linux,ccm,decrypt,4096,20,100,1.015057,0.010150570,384.830606
ubuntu-linux,ccm,decrypt,4096,21,100,1.015247,0.010152470,384.758586
ubuntu-linux,ccm,decrypt,4096,22,100,1.014026,0.010140260,385.221878
ubuntu-linux,ccm,decrypt,4096,23,100,1.015948,0.010159480,384.493104
ubuntu-linux,ccm,decrypt,4096,24,100,1.014646,0.010146460,384.986488
ubuntu-linux,ccm,decrypt,4096,25,100,1.015097,0.010150970,384.815441
ubuntu-linux,ccm,decrypt,4096,26,100,1.052136,0.010521360,371.268543
ubuntu-linux,ccm,decrypt,4096,27,100,1.062685,0.010626850,367.583056
ubuntu-linux,ccm,decrypt,4096,28,100,1.022361,0.010223610,382.081280
ubuntu-linux,ccm,decrypt,4096,29,100,1.015799,0.010157990,384.549502
ubuntu-linux,ccm,decrypt,4096,30,100,1.014717,0.010147170,384.959550
ubuntu-linux,ccm,encrypt,16384,1,100,3.716430,0.037164300,420.430359
ubuntu-linux,ccm,encrypt,16384,2,100,3.757957,0.037579570,415.784428
ubuntu-linux,ccm,encrypt,16384,3,100,3.729864,0.037298640,418.916078
ubuntu-linux,ccm,encrypt,16384,4,100,3.724924,0.037249240,419.471646
ubuntu-linux,ccm,encrypt,16384,5,100,3.714205,0.037142050,420.682219
ubuntu-linux,ccm,encrypt,16384,6,100,3.735905,0.037359050,418.238686
ubuntu-linux,ccm,encrypt,16384,7,100,3.749741,0.037497410,416.695446
ubuntu-linux,ccm,encrypt,16384,8,100,3.786730,0.037867300,412.625141
ubuntu-linux,ccm,encrypt,16384,9,100,3.726137,0.037261370,419.335092
ubuntu-linux,ccm,encrypt,16384,10,100,3.722240,0.037222400,419.774115
ubuntu-linux,ccm,encrypt,16384,11,100,3.729083,0.037290830,419.003814
ubuntu-linux,ccm,encrypt,16384,12,100,3.756774,0.037567740,415.915357
ubuntu-linux,ccm,encrypt,16384,13,100,3.728782,0.037287820,419.037637
ubuntu-linux,ccm,encrypt,16384,14,100,3.718544,0.037185440,420.191344
ubuntu-linux,ccm,encrypt,16384,15,100,3.726057,0.037260570,419.344095
ubuntu-linux,ccm,encrypt,16384,16,100,3.722791,0.037227910,419.711985
ubuntu-linux,ccm,encrypt,16384,17,100,3.721719,0.037217190,419.832878
ubuntu-linux,ccm,encrypt,16384,18,100,3.716660,0.037166600,420.404342
ubuntu-linux,ccm,encrypt,16384,19,100,3.726178,0.037261780,419.330478
ubuntu-linux,ccm,encrypt,16384,20,100,3.712723,0.037127230,420.850142
ubuntu-linux,ccm,encrypt,16384,21,100,3.728672,0.037286720,419.050000
ubuntu-linux,ccm,encrypt,16384,22,100,3.717721,0.037177210,420.284362
ubuntu-linux,ccm,encrypt,16384,23,100,3.717992,0.037179920,420.253728
ubuntu-linux,ccm,encrypt,16384,24,100,3.725216,0.037252160,419.438765
ubuntu-linux,ccm,encrypt,16384,25,100,3.718673,0.037186730,420.176767
ubuntu-linux,ccm,encrypt,16384,26,100,3.724464,0.037244640,419.523454
ubuntu-linux,ccm,encrypt,16384,27,100,3.717462,0.037174620,420.313644
ubuntu-linux,ccm,encrypt,16384,28,100,3.720497,0.037204970,419.970773
ubuntu-linux,ccm,encrypt,16384,29,100,3.733491,0.037334910,418.509111
ubuntu-linux,ccm,encrypt,16384,30,100,3.728752,0.037287520,419.041009
ubuntu-linux,ccm,decrypt,16384,1,100,3.856390,0.038563900,405.171676
ubuntu-linux,ccm,decrypt,16384,2,100,3.850398,0.038503980,405.802205
ubuntu-linux,ccm,decrypt,16384,3,100,3.851721,0.038517210,405.662819
ubuntu-linux,ccm,decrypt,16384,4,100,3.854486,0.038544860,405.371819
ubuntu-linux,ccm,decrypt,16384,5,100,3.849046,0.038490460,405.944746
ubuntu-linux,ccm,decrypt,16384,6,100,3.855017,0.038550170,405.315982
ubuntu-linux,ccm,decrypt,16384,7,100,3.884201,0.038842010,402.270634
ubuntu-linux,ccm,decrypt,16384,8,100,3.884161,0.038841610,402.274777
ubuntu-linux,ccm,decrypt,16384,9,100,3.854906,0.038549060,405.327653
ubuntu-linux,ccm,decrypt,16384,10,100,3.843947,0.038439470,406.483232
ubuntu-linux,ccm,decrypt,16384,11,100,3.852853,0.038528530,405.543632
ubuntu-linux,ccm,decrypt,16384,12,100,3.848425,0.038484250,406.010251
ubuntu-linux,ccm,decrypt,16384,13,100,3.852152,0.038521520,405.617432
ubuntu-linux,ccm,decrypt,16384,14,100,3.847973,0.038479730,406.057943
ubuntu-linux,ccm,decrypt,16384,15,100,3.853354,0.038533540,405.490905
ubuntu-linux,ccm,decrypt,16384,16,100,3.846010,0.038460100,406.265194
ubuntu-linux,ccm,decrypt,16384,17,100,3.854376,0.038543760,405.383388
ubuntu-linux,ccm,decrypt,16384,18,100,3.845069,0.038450690,406.364619
ubuntu-linux,ccm,decrypt,16384,19,100,3.852332,0.038523320,405.598479
ubuntu-linux,ccm,decrypt,16384,20,100,3.848475,0.038484750,406.004976
ubuntu-linux,ccm,decrypt,16384,21,100,3.852853,0.038528530,405.543632
ubuntu-linux,ccm,decrypt,16384,22,100,3.845579,0.038455790,406.310727
ubuntu-linux,ccm,decrypt,16384,23,100,3.866027,0.038660270,404.161688
ubuntu-linux,ccm,decrypt,16384,24,100,3.859095,0.038590950,404.887674
ubuntu-linux,ccm,decrypt,16384,25,100,3.858774,0.038587740,404.921356
ubuntu-linux,ccm,decrypt,16384,26,100,3.852172,0.038521720,405.615326
ubuntu-linux,ccm,decrypt,16384,27,100,3.876026,0.038760260,403.119071
ubuntu-linux,ccm,decrypt,16384,28,100,3.850839,0.038508390,405.755733
ubuntu-linux,ccm,decrypt,16384,29,100,3.844878,0.038448780,406.384806
ubuntu-linux,ccm,decrypt,16384,30,100,3.848936,0.038489360,405.956347
ubuntu-linux,ccm,encrypt,262144,1,100,60.205397,0.602053970,415.245165
ubuntu-linux,ccm,encrypt,262144,2,100,60.217049,0.602170490,415.164815
ubuntu-linux,ccm,encrypt,262144,3,100,60.272763,0.602727630,414.781051
ubuntu-linux,ccm,encrypt,262144,4,100,60.306786,0.603067860,414.547046
ubuntu-linux,ccm,encrypt,262144,5,100,60.191552,0.601915520,415.340678
ubuntu-linux,ccm,encrypt,262144,6,100,60.167547,0.601675470,415.506386
ubuntu-linux,ccm,encrypt,262144,7,100,60.363632,0.603636320,414.156656
ubuntu-linux,ccm,encrypt,262144,8,100,60.201520,0.602015200,415.271907
ubuntu-linux,ccm,encrypt,262144,9,100,60.170904,0.601709040,415.483204
ubuntu-linux,ccm,encrypt,262144,10,100,60.440174,0.604401740,413.632165
ubuntu-linux,ccm,encrypt,262144,11,100,60.161065,0.601610650,415.551154
ubuntu-linux,ccm,encrypt,262144,12,100,59.904008,0.599040080,417.334346
ubuntu-linux,ccm,encrypt,262144,13,100,60.261322,0.602613220,414.859800
ubuntu-linux,ccm,encrypt,262144,14,100,59.903566,0.599035660,417.337425
ubuntu-linux,ccm,encrypt,262144,15,100,59.864895,0.598648950,417.607013
ubuntu-linux,ccm,encrypt,262144,16,100,59.840259,0.598402590,417.778940
ubuntu-linux,ccm,encrypt,262144,17,100,60.025683,0.600256830,416.488389
ubuntu-linux,ccm,encrypt,262144,18,100,59.830301,0.598303010,417.848474
ubuntu-linux,ccm,encrypt,262144,19,100,59.843014,0.598430140,417.759707
ubuntu-linux,ccm,encrypt,262144,20,100,60.025353,0.600253530,416.490679
ubuntu-linux,ccm,encrypt,262144,21,100,59.941097,0.599410970,417.076117
ubuntu-linux,ccm,encrypt,262144,22,100,59.988064,0.599880640,416.749572
ubuntu-linux,ccm,encrypt,262144,23,100,59.951796,0.599517960,417.001686
ubuntu-linux,ccm,encrypt,262144,24,100,60.007661,0.600076610,416.613472
ubuntu-linux,ccm,encrypt,262144,25,100,59.825000,0.598250000,417.885499
ubuntu-linux,ccm,encrypt,262144,26,100,59.846831,0.598468310,417.733063
ubuntu-linux,ccm,encrypt,262144,27,100,60.015765,0.600157650,416.557216
ubuntu-linux,ccm,encrypt,262144,28,100,59.849226,0.598492260,417.716346
ubuntu-linux,ccm,encrypt,262144,29,100,59.887867,0.598878670,417.446826
ubuntu-linux,ccm,encrypt,262144,30,100,60.066270,0.600662700,416.206966
ubuntu-linux,ccm,decrypt,262144,1,100,60.770789,0.607707890,411.381857
ubuntu-linux,ccm,decrypt,262144,2,100,61.086005,0.610860050,409.259044
ubuntu-linux,ccm,decrypt,262144,3,100,60.815051,0.608150510,411.082447
ubuntu-linux,ccm,decrypt,262144,4,100,60.834998,0.608349980,410.947659
ubuntu-linux,ccm,decrypt,262144,5,100,60.964279,0.609642790,410.076202
ubuntu-linux,ccm,decrypt,262144,6,100,60.827253,0.608272530,410.999984
ubuntu-linux,ccm,decrypt,262144,7,100,60.887335,0.608873350,410.594420
ubuntu-linux,ccm,decrypt,262144,8,100,60.926939,0.609269390,410.327524
ubuntu-linux,ccm,decrypt,262144,9,100,60.839647,0.608396470,410.916257
ubuntu-linux,ccm,decrypt,262144,10,100,60.805393,0.608053930,411.147741
ubuntu-linux,ccm,decrypt,262144,11,100,60.781629,0.607816290,411.308489
ubuntu-linux,ccm,decrypt,262144,12,100,61.087187,0.610871870,409.251125
ubuntu-linux,ccm,decrypt,262144,13,100,60.797038,0.607970380,411.204243
ubuntu-linux,ccm,decrypt,262144,14,100,60.821554,0.608215540,411.038495
ubuntu-linux,ccm,decrypt,262144,15,100,60.927881,0.609278810,410.321180
ubuntu-linux,ccm,decrypt,262144,16,100,60.769738,0.607697380,411.388971
ubuntu-linux,ccm,decrypt,262144,17,100,60.827685,0.608276850,410.997065
ubuntu-linux,ccm,decrypt,262144,18,100,60.905800,0.609058000,410.469939
ubuntu-linux,ccm,decrypt,262144,19,100,60.963166,0.609631660,410.083689
ubuntu-linux,ccm,decrypt,262144,20,100,60.832984,0.608329840,410.961264
ubuntu-linux,ccm,decrypt,262144,21,100,60.749300,0.607493000,411.527376
ubuntu-linux,ccm,decrypt,262144,22,100,61.139114,0.611391140,408.903538
ubuntu-linux,ccm,decrypt,262144,23,100,60.833346,0.608333460,410.958819
ubuntu-linux,ccm,decrypt,262144,24,100,60.922993,0.609229930,410.354101
ubuntu-linux,ccm,decrypt,262144,25,100,61.022527,0.610225270,409.684771
ubuntu-linux,ccm,decrypt,262144,26,100,60.806816,0.608068160,411.138120
ubuntu-linux,ccm,decrypt,262144,27,100,60.854505,0.608545050,410.815929
ubuntu-linux,ccm,decrypt,262144,28,100,60.895682,0.608956820,410.538140
ubuntu-linux,ccm,decrypt,262144,29,100,61.346549,0.613465490,407.520886
ubuntu-linux,ccm,decrypt,262144,30,100,60.843264,0.608432640,410.891829
ubuntu-linux,ccm,encrypt,1048576,1,100,204.077631,2.040776310,490.009608
ubuntu-linux,ccm,encrypt,1048576,2,100,204.234463,2.042344630,489.633329
ubuntu-linux,ccm,encrypt,1048576,3,100,204.259990,2.042599900,489.572138
ubuntu-linux,ccm,encrypt,1048576,4,100,204.045161,2.040451610,490.087584
ubuntu-linux,ccm,encrypt,1048576,5,100,204.099934,2.040999340,489.956062
ubuntu-linux,ccm,encrypt,1048576,6,100,204.073103,2.040731030,490.020481
ubuntu-linux,ccm,encrypt,1048576,7,100,204.074456,2.040744560,490.017232
ubuntu-linux,ccm,encrypt,1048576,8,100,204.040303,2.040403030,490.099253
ubuntu-linux,ccm,encrypt,1048576,9,100,204.813981,2.048139810,488.247919
ubuntu-linux,ccm,encrypt,1048576,10,100,204.829991,2.048299910,488.209756
ubuntu-linux,ccm,encrypt,1048576,11,100,203.946138,2.039461380,490.325539
ubuntu-linux,ccm,encrypt,1048576,12,100,204.296570,2.042965700,489.484478
ubuntu-linux,ccm,encrypt,1048576,13,100,203.845921,2.038459210,490.566598
ubuntu-linux,ccm,encrypt,1048576,14,100,203.811788,2.038117880,490.648755
ubuntu-linux,ccm,encrypt,1048576,15,100,204.186144,2.041861440,489.749197
ubuntu-linux,ccm,encrypt,1048576,16,100,203.982947,2.039829470,490.237059
ubuntu-linux,ccm,encrypt,1048576,17,100,204.019024,2.040190240,490.150370
ubuntu-linux,ccm,encrypt,1048576,18,100,203.874295,2.038742950,490.498324
ubuntu-linux,ccm,encrypt,1048576,19,100,203.802010,2.038020100,490.672295
ubuntu-linux,ccm,encrypt,1048576,20,100,203.922745,2.039227450,490.381786
ubuntu-linux,ccm,encrypt,1048576,21,100,204.218505,2.042185050,489.671590
ubuntu-linux,ccm,encrypt,1048576,22,100,203.921533,2.039215330,490.384701
ubuntu-linux,ccm,encrypt,1048576,23,100,203.733533,2.037335330,490.837215
ubuntu-linux,ccm,encrypt,1048576,24,100,203.964673,2.039646730,490.280981
ubuntu-linux,ccm,encrypt,1048576,25,100,204.233984,2.042339840,489.634477
ubuntu-linux,ccm,encrypt,1048576,26,100,204.630742,2.046307420,488.685126
ubuntu-linux,ccm,encrypt,1048576,27,100,204.266715,2.042667150,489.556020
ubuntu-linux,ccm,encrypt,1048576,28,100,203.871310,2.038713100,490.505506
ubuntu-linux,ccm,encrypt,1048576,29,100,203.946420,2.039464200,490.324861
ubuntu-linux,ccm,encrypt,1048576,30,100,204.220770,2.042207700,489.666159
ubuntu-linux,ccm,decrypt,1048576,1,100,206.893579,2.068935790,483.340278
ubuntu-linux,ccm,decrypt,1048576,2,100,206.968969,2.069689690,483.164218
ubuntu-linux,ccm,decrypt,1048576,3,100,207.577280,2.075772800,481.748292
ubuntu-linux,ccm,decrypt,1048576,4,100,206.844197,2.068441970,483.455671
ubuntu-linux,ccm,decrypt,1048576,5,100,206.856100,2.068561000,483.427852
ubuntu-linux,ccm,decrypt,1048576,6,100,207.708765,2.077087650,481.443332
ubuntu-linux,ccm,decrypt,1048576,7,100,206.643424,2.066434240,483.925392
ubuntu-linux,ccm,decrypt,1048576,8,100,206.738931,2.067389310,483.701834
ubuntu-linux,ccm,decrypt,1048576,9,100,207.221349,2.072213490,482.575760
ubuntu-linux,ccm,decrypt,1048576,10,100,206.817128,2.068171280,483.518947
ubuntu-linux,ccm,decrypt,1048576,11,100,206.730637,2.067306370,483.721240
ubuntu-linux,ccm,decrypt,1048576,12,100,206.819582,2.068195820,483.513210
ubuntu-linux,ccm,decrypt,1048576,13,100,206.770841,2.067708410,483.627186
ubuntu-linux,ccm,decrypt,1048576,14,100,207.007682,2.070076820,483.073860
ubuntu-linux,ccm,decrypt,1048576,15,100,207.225968,2.072259680,482.565004
ubuntu-linux,ccm,decrypt,1048576,16,100,206.834831,2.068348310,483.477563
ubuntu-linux,ccm,decrypt,1048576,17,100,206.921541,2.069215410,483.274963
ubuntu-linux,ccm,decrypt,1048576,18,100,206.735095,2.067350950,483.710809
ubuntu-linux,ccm,decrypt,1048576,19,100,207.021969,2.070219690,483.040522
ubuntu-linux,ccm,decrypt,1048576,20,100,207.410070,2.074100700,482.136668
ubuntu-linux,ccm,decrypt,1048576,21,100,207.029472,2.070294720,483.023016
ubuntu-linux,ccm,decrypt,1048576,22,100,206.740315,2.067403150,483.698596
ubuntu-linux,ccm,decrypt,1048576,23,100,207.126383,2.071263830,482.797018
ubuntu-linux,ccm,decrypt,1048576,24,100,207.093382,2.070933820,482.873953
ubuntu-linux,ccm,decrypt,1048576,25,100,206.911173,2.069111730,483.299179
ubuntu-linux,ccm,decrypt,1048576,26,100,207.186576,2.071865760,482.656753
ubuntu-linux,ccm,decrypt,1048576,27,100,206.647293,2.066472930,483.916332
ubuntu-linux,ccm,decrypt,1048576,28,100,206.861962,2.068619620,483.414152
ubuntu-linux,ccm,decrypt,1048576,29,100,207.234114,2.072341140,482.546035
ubuntu-linux,ccm,decrypt,1048576,30,100,207.023403,2.070234030,483.037176
ubuntu-linux,ccm,encrypt,8388608,1,100,2799.552995,27.995529950,285.759906
ubuntu-linux,ccm,encrypt,8388608,2,100,2800.682729,28.006827290,285.644636
ubuntu-linux,ccm,encrypt,8388608,3,100,2790.665769,27.906657690,286.669944
ubuntu-linux,ccm,encrypt,8388608,4,100,2777.492721,27.774927210,288.029558
ubuntu-linux,ccm,encrypt,8388608,5,100,2801.335552,28.013355520,285.578070
ubuntu-linux,ccm,encrypt,8388608,6,100,2806.547565,28.065475650,285.047726
ubuntu-linux,ccm,encrypt,8388608,7,100,2800.908894,28.009088940,285.621572
ubuntu-linux,ccm,encrypt,8388608,8,100,2801.706571,28.017065710,285.540252
ubuntu-linux,ccm,encrypt,8388608,9,100,2801.276504,28.012765040,285.584090
ubuntu-linux,ccm,encrypt,8388608,10,100,2799.612403,27.996124030,285.753842
ubuntu-linux,ccm,encrypt,8388608,11,100,2779.295774,27.792957740,287.842700
ubuntu-linux,ccm,encrypt,8388608,12,100,2774.023543,27.740235430,288.389766
ubuntu-linux,ccm,encrypt,8388608,13,100,2782.169250,27.821692500,287.545411
ubuntu-linux,ccm,encrypt,8388608,14,100,2819.316547,28.193165470,283.756714
ubuntu-linux,ccm,encrypt,8388608,15,100,2796.935279,27.969352790,286.027355
ubuntu-linux,ccm,encrypt,8388608,16,100,2798.581181,27.985811810,285.859137
ubuntu-linux,ccm,encrypt,8388608,17,100,2801.311519,28.013115190,285.580520
ubuntu-linux,ccm,encrypt,8388608,18,100,2800.732913,28.007329130,285.639518
ubuntu-linux,ccm,encrypt,8388608,19,100,2800.192864,28.001928640,285.694607
ubuntu-linux,ccm,encrypt,8388608,20,100,2800.499617,28.004996170,285.663313
ubuntu-linux,ccm,encrypt,8388608,21,100,2797.353910,27.973539100,285.984550
ubuntu-linux,ccm,encrypt,8388608,22,100,2797.423310,27.974233100,285.977455
ubuntu-linux,ccm,encrypt,8388608,23,100,2803.880608,28.038806080,285.318853
ubuntu-linux,ccm,encrypt,8388608,24,100,2801.736694,28.017366940,285.537182
ubuntu-linux,ccm,encrypt,8388608,25,100,2802.371706,28.023717060,285.472480
ubuntu-linux,ccm,encrypt,8388608,26,100,2796.161742,27.961617420,286.106482
ubuntu-linux,ccm,encrypt,8388608,27,100,2796.885520,27.968855200,286.032444
ubuntu-linux,ccm,encrypt,8388608,28,100,2798.937847,27.989378470,285.822710
ubuntu-linux,ccm,encrypt,8388608,29,100,2798.640986,27.986409860,285.853028
ubuntu-linux,ccm,encrypt,8388608,30,100,2795.577713,27.955777130,286.166253
ubuntu-linux,ccm,decrypt,8388608,1,100,3123.365457,31.233654570,256.133972
ubuntu-linux,ccm,decrypt,8388608,2,100,3132.860194,31.328601940,255.357708
ubuntu-linux,ccm,decrypt,8388608,3,100,3138.065788,31.380657880,254.934107
ubuntu-linux,ccm,decrypt,8388608,4,100,3154.008804,31.540088040,253.645456
ubuntu-linux,ccm,decrypt,8388608,5,100,3147.409408,31.474094080,254.177292
ubuntu-linux,ccm,decrypt,8388608,6,100,3145.344382,31.453443820,254.344168
ubuntu-linux,ccm,decrypt,8388608,7,100,3148.504722,31.485047220,254.088868
ubuntu-linux,ccm,decrypt,8388608,8,100,3153.778261,31.537782610,253.663997
ubuntu-linux,ccm,decrypt,8388608,9,100,3150.975664,31.509756640,253.889616
ubuntu-linux,ccm,decrypt,8388608,10,100,3151.002758,31.510027580,253.887432
ubuntu-linux,ccm,decrypt,8388608,11,100,3154.675540,31.546755400,253.591848
ubuntu-linux,ccm,decrypt,8388608,12,100,3174.432328,31.744323280,252.013563
ubuntu-linux,ccm,decrypt,8388608,13,100,3156.997174,31.569971740,253.405358
ubuntu-linux,ccm,decrypt,8388608,14,100,3158.493570,31.584935700,253.285303
ubuntu-linux,ccm,decrypt,8388608,15,100,3147.873026,31.478730260,254.139857
ubuntu-linux,ccm,decrypt,8388608,16,100,3149.901651,31.499016510,253.976184
ubuntu-linux,ccm,decrypt,8388608,17,100,3173.262610,31.732626100,252.106459
ubuntu-linux,ccm,decrypt,8388608,18,100,3170.563434,31.705634340,252.321083
ubuntu-linux,ccm,decrypt,8388608,19,100,3167.023976,31.670239760,252.603077
ubuntu-linux,ccm,decrypt,8388608,20,100,3166.615089,31.666150890,252.635694
ubuntu-linux,ccm,decrypt,8388608,21,100,3168.620560,31.686205600,252.475797
ubuntu-linux,ccm,decrypt,8388608,22,100,3168.794557,31.687945570,252.461933
ubuntu-linux,ccm,decrypt,8388608,23,100,3169.825226,31.698252260,252.379845
ubuntu-linux,ccm,decrypt,8388608,24,100,3168.883147,31.688831470,252.454875
ubuntu-linux,ccm,decrypt,8388608,25,100,3167.656929,31.676569290,252.552602
ubuntu-linux,ccm,decrypt,8388608,26,100,3167.842908,31.678429080,252.537775
ubuntu-linux,ccm,decrypt,8388608,27,100,3162.112776,31.621127760,252.995404
ubuntu-linux,ccm,decrypt,8388608,28,100,3155.027264,31.550272640,253.563577
ubuntu-linux,ccm,decrypt,8388608,29,100,3172.981079,31.729810790,252.128828
ubuntu-linux,ccm,decrypt,8388608,30,100,3174.739761,31.747397610,251.989158
ubuntu-linux,xts,encrypt,1024,1,100,0.253601,0.002536010,385.078332
ubuntu-linux,xts,encrypt,1024,2,100,0.258000,0.002580000,378.512597
ubuntu-linux,xts,encrypt,1024,3,100,0.253361,0.002533610,385.443103
ubuntu-linux,xts,encrypt,1024,4,100,0.253461,0.002534610,385.291031
ubuntu-linux,xts,encrypt,1024,5,100,0.257329,0.002573290,379.499590
ubuntu-linux,xts,encrypt,1024,6,100,0.253722,0.002537220,384.894688
ubuntu-linux,xts,encrypt,1024,7,100,0.254083,0.002540830,384.347831
ubuntu-linux,xts,encrypt,1024,8,100,0.253972,0.002539720,384.515813
ubuntu-linux,xts,encrypt,1024,9,100,0.258010,0.002580100,378.497926
ubuntu-linux,xts,encrypt,1024,10,100,0.253732,0.002537320,384.879519
ubuntu-linux,xts,encrypt,1024,11,100,0.253592,0.002535920,385.091998
ubuntu-linux,xts,encrypt,1024,12,100,0.253802,0.002538020,384.773367
ubuntu-linux,xts,encrypt,1024,13,100,0.348397,0.003483970,280.301639
ubuntu-linux,xts,encrypt,1024,14,100,0.257048,0.002570480,379.914452
ubuntu-linux,xts,encrypt,1024,15,100,0.255365,0.002553650,382.418303
ubuntu-linux,xts,encrypt,1024,16,100,0.255014,0.002550140,382.944662
ubuntu-linux,xts,encrypt,1024,17,100,0.260073,0.002600730,375.495534
ubuntu-linux,xts,encrypt,1024,18,100,0.255315,0.002553150,382.493195
ubuntu-linux,xts,encrypt,1024,19,100,0.255284,0.002552840,382.539642
ubuntu-linux,xts,encrypt,1024,20,100,0.255004,0.002550040,382.959679
ubuntu-linux,xts,encrypt,1024,21,100,0.259182,0.002591820,376.786389
ubuntu-linux,xts,encrypt,1024,22,100,0.255605,0.002556050,382.059232
ubuntu-linux,xts,encrypt,1024,23,100,0.255234,0.002552340,382.614581
ubuntu-linux,xts,encrypt,1024,24,100,0.255405,0.002554050,382.358411
ubuntu-linux,xts,encrypt,1024,25,100,0.258581,0.002585810,377.662125
ubuntu-linux,xts,encrypt,1024,26,100,0.255195,0.002551950,382.673054
ubuntu-linux,xts,encrypt,1024,27,100,0.255004,0.002550040,382.959679
ubuntu-linux,xts,encrypt,1024,28,100,0.261125,0.002611250,373.982767
ubuntu-linux,xts,encrypt,1024,29,100,0.254994,0.002549940,382.974697
ubuntu-linux,xts,encrypt,1024,30,100,0.255795,0.002557950,381.775445
ubuntu-linux,xts,decrypt,1024,1,100,0.253732,0.002537320,384.879519
ubuntu-linux,xts,decrypt,1024,2,100,0.252760,0.002527600,386.359590
ubuntu-linux,xts,decrypt,1024,3,100,0.250325,0.002503250,390.117847
ubuntu-linux,xts,decrypt,1024,4,100,0.249834,0.002498340,390.884547
ubuntu-linux,xts,decrypt,1024,5,100,0.246829,0.002468290,395.643340
ubuntu-linux,xts,decrypt,1024,6,100,0.258621,0.002586210,377.603714
ubuntu-linux,xts,decrypt,1024,7,100,0.254494,0.002544940,383.727121
ubuntu-linux,xts,decrypt,1024,8,100,0.254413,0.002544130,383.849292
ubuntu-linux,xts,decrypt,1024,9,100,0.254533,0.002545330,383.668326
ubuntu-linux,xts,decrypt,1024,10,100,0.259813,0.002598130,375.871300
ubuntu-linux,xts,decrypt,1024,11,100,0.253461,0.002534610,385.291031
ubuntu-linux,xts,decrypt,1024,12,100,0.251227,0.002512270,388.717176
ubuntu-linux,xts,decrypt,1024,13,100,0.249203,0.002492030,391.874295
ubuntu-linux,xts,decrypt,1024,14,100,0.256387,0.002563870,380.893922
ubuntu-linux,xts,decrypt,1024,15,100,0.249664,0.002496640,391.150707
ubuntu-linux,xts,decrypt,1024,16,100,0.252449,0.002524490,386.835559
ubuntu-linux,xts,decrypt,1024,17,100,0.252099,0.002520990,387.372619
ubuntu-linux,xts,decrypt,1024,18,100,0.254052,0.002540520,384.394730
ubuntu-linux,xts,decrypt,1024,19,100,0.255996,0.002559960,381.475687
ubuntu-linux,xts,decrypt,1024,20,100,0.250656,0.002506560,389.602683
ubuntu-linux,xts,decrypt,1024,21,100,0.254494,0.002544940,383.727121
ubuntu-linux,xts,decrypt,1024,22,100,0.258891,0.002588910,377.209907
ubuntu-linux,xts,decrypt,1024,23,100,0.249735,0.002497350,391.039502
ubuntu-linux,xts,decrypt,1024,24,100,0.251447,0.002514470,388.377073
ubuntu-linux,xts,decrypt,1024,25,100,0.250326,0.002503260,390.116288
ubuntu-linux,xts,decrypt,1024,26,100,0.255014,0.002550140,382.944662
ubuntu-linux,xts,decrypt,1024,27,100,0.252029,0.002520290,387.480211
ubuntu-linux,xts,decrypt,1024,28,100,0.254583,0.002545830,383.592974
ubuntu-linux,xts,decrypt,1024,29,100,0.253020,0.002530200,385.962572
ubuntu-linux,xts,decrypt,1024,30,100,1.602760,0.016027600,60.930052
ubuntu-linux,xts,encrypt,4096,1,100,0.747380,0.007473800,522.659156
ubuntu-linux,xts,encrypt,4096,2,100,0.749574,0.007495740,521.129335
ubuntu-linux,xts,encrypt,4096,3,100,0.743993,0.007439930,525.038542
ubuntu-linux,xts,encrypt,4096,4,100,0.745666,0.007456660,523.860549
ubuntu-linux,xts,encrypt,4096,5,100,0.748362,0.007483620,521.973323
ubuntu-linux,xts,encrypt,4096,6,100,0.749945,0.007499450,520.871531
ubuntu-linux,xts,encrypt,4096,7,100,0.743012,0.007430120,525.731751
ubuntu-linux,xts,encrypt,4096,8,100,0.748341,0.007483410,521.987971
ubuntu-linux,xts,encrypt,4096,9,100,0.747740,0.007477400,522.407521
ubuntu-linux,xts,encrypt,4096,10,100,0.748441,0.007484410,521.918227
ubuntu-linux,xts,encrypt,4096,11,100,0.746377,0.007463770,523.361518
ubuntu-linux,xts,encrypt,4096,12,100,0.753101,0.007531010,518.688728
ubuntu-linux,xts,encrypt,4096,13,100,0.753912,0.007539120,518.130763
ubuntu-linux,xts,encrypt,4096,14,100,0.756918,0.007569180,516.073075
ubuntu-linux,xts,encrypt,4096,15,100,0.744204,0.007442040,524.889681
ubuntu-linux,xts,encrypt,4096,16,100,0.749714,0.007497140,521.032020
ubuntu-linux,xts,encrypt,4096,17,100,0.754012,0.007540120,518.062047
ubuntu-linux,xts,encrypt,4096,18,100,0.752559,0.007525590,519.062293
ubuntu-linux,xts,encrypt,4096,19,100,0.749173,0.007491730,521.408273
ubuntu-linux,xts,encrypt,4096,20,100,0.752840,0.007528400,518.868551
ubuntu-linux,xts,encrypt,4096,21,100,0.749754,0.007497540,521.004223
ubuntu-linux,xts,encrypt,4096,22,100,0.748071,0.007480710,522.176371
ubuntu-linux,xts,encrypt,4096,23,100,0.748151,0.007481510,522.120534
ubuntu-linux,xts,encrypt,4096,24,100,0.753251,0.007532510,518.585438
ubuntu-linux,xts,encrypt,4096,25,100,0.834832,0.008348320,467.908513
ubuntu-linux,xts,encrypt,4096,26,100,0.753852,0.007538520,518.172002
ubuntu-linux,xts,encrypt,4096,27,100,0.756176,0.007561760,516.579474
ubuntu-linux,xts,encrypt,4096,28,100,0.749193,0.007491930,521.394354
ubuntu-linux,xts,encrypt,4096,29,100,0.749303,0.007493030,521.317811
ubuntu-linux,xts,encrypt,4096,30,100,0.748702,0.007487020,521.736285
ubuntu-linux,xts,decrypt,4096,1,100,0.745677,0.007456770,523.852821
ubuntu-linux,xts,decrypt,4096,2,100,0.743863,0.007438630,525.130300
ubuntu-linux,xts,decrypt,4096,3,100,0.746509,0.007465090,523.268976
ubuntu-linux,xts,decrypt,4096,4,100,0.745566,0.007455660,523.930812
ubuntu-linux,xts,decrypt,4096,5,100,0.740266,0.007402660,527.681941
ubuntu-linux,xts,decrypt,4096,6,100,0.736770,0.007367700,530.185811
ubuntu-linux,xts,decrypt,4096,7,100,0.745656,0.007456560,523.867574
ubuntu-linux,xts,decrypt,4096,8,100,0.749644,0.007496440,521.080673
ubuntu-linux,xts,decrypt,4096,9,100,0.748632,0.007486320,521.785069
ubuntu-linux,xts,decrypt,4096,10,100,0.741559,0.007415590,526.761863
ubuntu-linux,xts,decrypt,4096,11,100,0.745666,0.007456660,523.860549
ubuntu-linux,xts,decrypt,4096,12,100,0.754383,0.007543830,517.807268
ubuntu-linux,xts,decrypt,4096,13,100,0.738914,0.007389140,528.647447
ubuntu-linux,xts,decrypt,4096,14,100,0.740507,0.007405070,527.510206
ubuntu-linux,xts,decrypt,4096,15,100,0.749634,0.007496340,521.087624
ubuntu-linux,xts,decrypt,4096,16,100,0.746087,0.007460870,523.564946
ubuntu-linux,xts,decrypt,4096,17,100,0.741549,0.007415490,526.768966
ubuntu-linux,xts,decrypt,4096,18,100,0.728064,0.007280640,536.525635
ubuntu-linux,xts,decrypt,4096,19,100,0.747080,0.007470800,522.869037
ubuntu-linux,xts,decrypt,4096,20,100,0.749203,0.007492030,521.387394
ubuntu-linux,xts,decrypt,4096,21,100,0.745466,0.007454660,524.001095
ubuntu-linux,xts,decrypt,4096,22,100,0.735137,0.007351370,531.363542
ubuntu-linux,xts,decrypt,4096,23,100,0.740898,0.007408980,527.231819
ubuntu-linux,xts,decrypt,4096,24,100,0.734916,0.007349160,531.523331
ubuntu-linux,xts,decrypt,4096,25,100,0.731049,0.007310490,534.334908
ubuntu-linux,xts,decrypt,4096,26,100,0.750325,0.007503250,520.607737
ubuntu-linux,xts,decrypt,4096,27,100,0.738123,0.007381230,529.213966
ubuntu-linux,xts,decrypt,4096,28,100,0.737692,0.007376920,529.523161
ubuntu-linux,xts,decrypt,4096,29,100,0.747780,0.007477800,522.379577
ubuntu-linux,xts,decrypt,4096,30,100,0.746468,0.007464680,523.297717
ubuntu-linux,xts,encrypt,16384,1,100,2.437202,0.024372020,641.104020
ubuntu-linux,xts,encrypt,16384,2,100,2.435869,0.024358690,641.454857
ubuntu-linux,xts,encrypt,16384,3,100,2.441239,0.024412390,640.043847
ubuntu-linux,xts,encrypt,16384,4,100,2.435779,0.024357790,641.478558
ubuntu-linux,xts,encrypt,16384,5,100,2.434527,0.024345270,641.808450
ubuntu-linux,xts,encrypt,16384,6,100,2.483919,0.024839190,629.046277
ubuntu-linux,xts,encrypt,16384,7,100,2.436410,0.024364100,641.312423
ubuntu-linux,xts,encrypt,16384,8,100,2.436420,0.024364200,641.309791
ubuntu-linux,xts,encrypt,16384,9,100,2.432473,0.024324730,642.350398
ubuntu-linux,xts,encrypt,16384,10,100,2.430359,0.024303590,642.909134
ubuntu-linux,xts,encrypt,16384,11,100,2.630310,0.026303100,594.036444
ubuntu-linux,xts,encrypt,16384,12,100,2.448072,0.024480720,638.257372
ubuntu-linux,xts,encrypt,16384,13,100,2.425300,0.024253000,644.250196
ubuntu-linux,xts,encrypt,16384,14,100,2.436931,0.024369310,641.175314
ubuntu-linux,xts,encrypt,16384,15,100,2.435208,0.024352080,641.628970
ubuntu-linux,xts,encrypt,16384,16,100,2.433214,0.024332140,642.154780
ubuntu-linux,xts,encrypt,16384,17,100,2.442171,0.024421710,639.799588
ubuntu-linux,xts,encrypt,16384,18,100,2.438805,0.024388050,640.682629
ubuntu-linux,xts,encrypt,16384,19,100,2.445287,0.024452870,638.984299
ubuntu-linux,xts,encrypt,16384,20,100,2.435879,0.024358790,641.452223
ubuntu-linux,xts,encrypt,16384,21,100,2.438645,0.024386450,640.724665
ubuntu-linux,xts,encrypt,16384,22,100,2.433595,0.024335950,642.054245
ubuntu-linux,xts,encrypt,16384,23,100,2.436561,0.024365610,641.272679
ubuntu-linux,xts,encrypt,16384,24,100,2.423456,0.024234560,644.740404
ubuntu-linux,xts,encrypt,16384,25,100,2.426612,0.024266120,643.901868
ubuntu-linux,xts,encrypt,16384,26,100,2.437933,0.024379330,640.911789
ubuntu-linux,xts,encrypt,16384,27,100,2.426652,0.024266520,643.891254
ubuntu-linux,xts,encrypt,16384,28,100,2.433094,0.024330940,642.186451
ubuntu-linux,xts,encrypt,16384,29,100,2.433505,0.024335050,642.077990
ubuntu-linux,xts,encrypt,16384,30,100,2.432893,0.024328930,642.239507
ubuntu-linux,xts,decrypt,16384,1,100,2.391687,0.023916870,653.304550
ubuntu-linux,xts,decrypt,16384,2,100,2.403509,0.024035090,650.091179
ubuntu-linux,xts,decrypt,16384,3,100,2.403188,0.024031880,650.178014
ubuntu-linux,xts,decrypt,16384,4,100,2.410212,0.024102120,648.283222
ubuntu-linux,xts,decrypt,16384,5,100,2.411293,0.024112930,647.992592
ubuntu-linux,xts,decrypt,16384,6,100,2.378683,0.023786830,656.876095
ubuntu-linux,xts,decrypt,16384,7,100,2.863594,0.028635940,545.642993
ubuntu-linux,xts,decrypt,16384,8,100,2.401656,0.024016560,650.592758
ubuntu-linux,xts,decrypt,16384,9,100,2.434406,0.024344060,641.840350
ubuntu-linux,xts,decrypt,16384,10,100,2.683609,0.026836090,582.238322
ubuntu-linux,xts,decrypt,16384,11,100,2.693218,0.026932180,580.160982
ubuntu-linux,xts,decrypt,16384,12,100,2.419799,0.024197990,645.714789
ubuntu-linux,xts,decrypt,16384,13,100,2.402968,0.024029680,650.237540
ubuntu-linux,xts,decrypt,16384,14,100,2.410381,0.024103810,648.237768
ubuntu-linux,xts,decrypt,16384,15,100,2.422164,0.024221640,645.084313
ubuntu-linux,xts,decrypt,16384,16,100,2.389032,0.023890320,654.030586
ubuntu-linux,xts,decrypt,16384,17,100,2.401666,0.024016660,650.590049
ubuntu-linux,xts,decrypt,16384,18,100,2.388521,0.023885210,654.170510
ubuntu-linux,xts,decrypt,16384,19,100,2.393270,0.023932700,652.872430
ubuntu-linux,xts,decrypt,16384,20,100,2.409741,0.024097410,648.409933
ubuntu-linux,xts,decrypt,16384,21,100,2.397438,0.023974380,651.737396
ubuntu-linux,xts,decrypt,16384,22,100,2.404030,0.024040300,649.950292
ubuntu-linux,xts,decrypt,16384,23,100,2.399581,0.023995810,651.155348
ubuntu-linux,xts,decrypt,16384,24,100,2.396115,0.023961150,652.097249
ubuntu-linux,xts,decrypt,16384,25,100,2.393771,0.023937710,652.735788
ubuntu-linux,xts,decrypt,16384,26,100,2.403179,0.024031790,650.180448
ubuntu-linux,xts,decrypt,16384,27,100,2.388762,0.023887620,654.104511
ubuntu-linux,xts,decrypt,16384,28,100,2.396917,0.023969170,651.879060
ubuntu-linux,xts,decrypt,16384,29,100,2.390795,0.023907950,653.548297
ubuntu-linux,xts,decrypt,16384,30,100,2.409891,0.024098910,648.369574
ubuntu-linux,xts,encrypt,262144,1,100,38.906893,0.389068930,642.559662
ubuntu-linux,xts,encrypt,262144,2,100,39.200669,0.392006690,637.744218
ubuntu-linux,xts,encrypt,262144,3,100,38.864855,0.388648550,643.254683
ubuntu-linux,xts,encrypt,262144,4,100,38.721889,0.387218890,645.629659
ubuntu-linux,xts,encrypt,262144,5,100,38.783694,0.387836940,644.600795
ubuntu-linux,xts,encrypt,262144,6,100,38.695369,0.386953690,646.072144
ubuntu-linux,xts,encrypt,262144,7,100,39.142450,0.391424500,638.692775
ubuntu-linux,xts,encrypt,262144,8,100,38.796308,0.387963080,644.391214
ubuntu-linux,xts,encrypt,262144,9,100,38.674620,0.386746200,646.418762
ubuntu-linux,xts,encrypt,262144,10,100,38.698576,0.386985760,646.018603
ubuntu-linux,xts,encrypt,262144,11,100,38.931379,0.389313790,642.155522
ubuntu-linux,xts,encrypt,262144,12,100,38.839157,0.388391570,643.680294
ubuntu-linux,xts,encrypt,262144,13,100,38.708044,0.387080440,645.860586
ubuntu-linux,xts,encrypt,262144,14,100,38.676935,0.386769350,646.380071
ubuntu-linux,xts,encrypt,262144,15,100,38.710468,0.387104680,645.820144
ubuntu-linux,xts,encrypt,262144,16,100,38.676384,0.386763840,646.389280
ubuntu-linux,xts,encrypt,262144,17,100,38.799393,0.387993930,644.339977
ubuntu-linux,xts,encrypt,262144,18,100,38.722750,0.387227500,645.615304
ubuntu-linux,xts,encrypt,262144,19,100,38.681203,0.386812030,646.308751
ubuntu-linux,xts,encrypt,262144,20,100,38.716920,0.387169200,645.712521
ubuntu-linux,xts,encrypt,262144,21,100,38.695631,0.386956310,646.067769
ubuntu-linux,xts,encrypt,262144,22,100,38.705679,0.387056790,645.900050
ubuntu-linux,xts,encrypt,262144,23,100,38.806747,0.388067470,644.217873
ubuntu-linux,xts,encrypt,262144,24,100,38.753087,0.387530870,645.109898
ubuntu-linux,xts,encrypt,262144,25,100,38.666917,0.386669170,646.547538
ubuntu-linux,xts,encrypt,262144,26,100,38.699707,0.386997070,645.999723
ubuntu-linux,xts,encrypt,262144,27,100,38.781550,0.387815500,644.636431
ubuntu-linux,xts,encrypt,262144,28,100,38.927421,0.389274210,642.220814
ubuntu-linux,xts,encrypt,262144,29,100,38.778354,0.387783540,644.689561
ubuntu-linux,xts,encrypt,262144,30,100,38.684439,0.386844390,646.254687
ubuntu-linux,xts,decrypt,262144,1,100,38.751174,0.387511740,645.141745
ubuntu-linux,xts,decrypt,262144,2,100,38.759309,0.387593090,645.006339
ubuntu-linux,xts,decrypt,262144,3,100,38.759329,0.387593290,645.006006
ubuntu-linux,xts,decrypt,262144,4,100,38.717510,0.387175100,645.702681
ubuntu-linux,xts,decrypt,262144,5,100,38.792671,0.387926710,644.451629
ubuntu-linux,xts,decrypt,262144,6,100,38.882147,0.388821470,642.968610
ubuntu-linux,xts,decrypt,262144,7,100,38.789725,0.387897250,644.500573
ubuntu-linux,xts,decrypt,262144,8,100,38.761082,0.387610820,644.976835
ubuntu-linux,xts,decrypt,262144,9,100,38.810915,0.388109150,644.148689
ubuntu-linux,xts,decrypt,262144,10,100,38.776120,0.387761200,644.726703
ubuntu-linux,xts,decrypt,262144,11,100,39.240023,0.392400230,637.104621
ubuntu-linux,xts,decrypt,262144,12,100,38.727339,0.387273390,645.538801
ubuntu-linux,xts,decrypt,262144,13,100,38.804102,0.388041020,644.261784
ubuntu-linux,xts,decrypt,262144,14,100,38.864665,0.388646650,643.257828
ubuntu-linux,xts,decrypt,262144,15,100,38.768265,0.387682650,644.857334
ubuntu-linux,xts,decrypt,262144,16,100,38.982754,0.389827540,641.309231
ubuntu-linux,xts,decrypt,262144,17,100,38.760321,0.387603210,644.989498
ubuntu-linux,xts,decrypt,262144,18,100,38.670313,0.386703130,646.490759
ubuntu-linux,xts,decrypt,262144,19,100,38.770349,0.387703490,644.822671
ubuntu-linux,xts,decrypt,262144,20,100,38.679660,0.386796600,646.334533
ubuntu-linux,xts,decrypt,262144,21,100,38.980390,0.389803900,641.348124
ubuntu-linux,xts,decrypt,262144,22,100,38.816345,0.388163450,644.058579
ubuntu-linux,xts,decrypt,262144,23,100,38.833036,0.388330360,643.781753
ubuntu-linux,xts,decrypt,262144,24,100,38.795475,0.387954750,644.405050
ubuntu-linux,xts,decrypt,262144,25,100,38.725155,0.387251550,645.575208
ubuntu-linux,xts,decrypt,262144,26,100,38.978706,0.389787060,641.375832
ubuntu-linux,xts,decrypt,262144,27,100,38.881356,0.388813560,642.981690
ubuntu-linux,xts,decrypt,262144,28,100,38.822255,0.388222550,643.960532
ubuntu-linux,xts,decrypt,262144,29,100,38.805424,0.388054240,644.239836
ubuntu-linux,xts,decrypt,262144,30,100,38.798091,0.387980910,644.361600
ubuntu-linux,xts,encrypt,1048576,1,100,143.007637,1.430076370,699.263355
ubuntu-linux,xts,encrypt,1048576,2,100,142.934671,1.429346710,699.620318
ubuntu-linux,xts,encrypt,1048576,3,100,143.432557,1.434325570,697.191782
ubuntu-linux,xts,encrypt,1048576,4,100,143.401088,1.434010880,697.344779
ubuntu-linux,xts,encrypt,1048576,5,100,142.948597,1.429485970,699.552161
ubuntu-linux,xts,encrypt,1048576,6,100,143.740870,1.437408700,695.696360
ubuntu-linux,xts,encrypt,1048576,7,100,143.330587,1.433305870,697.687787
ubuntu-linux,xts,encrypt,1048576,8,100,142.920445,1.429204450,699.689957
ubuntu-linux,xts,encrypt,1048576,9,100,142.963605,1.429636050,699.478724
ubuntu-linux,xts,encrypt,1048576,10,100,143.349312,1.433493120,697.596651
ubuntu-linux,xts,encrypt,1048576,11,100,143.402861,1.434028610,697.336157
ubuntu-linux,xts,encrypt,1048576,12,100,143.273251,1.432732510,697.966992
ubuntu-linux,xts,encrypt,1048576,13,100,143.449909,1.434499090,697.107448
ubuntu-linux,xts,encrypt,1048576,14,100,143.441303,1.434413030,697.149272
ubuntu-linux,xts,encrypt,1048576,15,100,142.988852,1.429888520,699.355220
ubuntu-linux,xts,encrypt,1048576,16,100,143.147627,1.431476270,698.579516
ubuntu-linux,xts,encrypt,1048576,17,100,143.272980,1.432729800,697.968312
ubuntu-linux,xts,encrypt,1048576,18,100,143.345014,1.433450140,697.617568
ubuntu-linux,xts,encrypt,1048576,19,100,144.854561,1.448545610,690.347610
ubuntu-linux,xts,encrypt,1048576,20,100,144.819907,1.448199070,690.512804
ubuntu-linux,xts,encrypt,1048576,21,100,143.787236,1.437872360,695.472024
ubuntu-linux,xts,encrypt,1048576,22,100,143.093386,1.430933860,698.844320
ubuntu-linux,xts,encrypt,1048576,23,100,143.869780,1.438697800,695.073003
ubuntu-linux,xts,encrypt,1048576,24,100,143.772689,1.437726890,695.542392
ubuntu-linux,xts,encrypt,1048576,25,100,143.939490,1.439394900,694.736378
ubuntu-linux,xts,encrypt,1048576,26,100,143.202350,1.432023500,698.312563
ubuntu-linux,xts,encrypt,1048576,27,100,144.268020,1.442680200,693.154311
ubuntu-linux,xts,encrypt,1048576,28,100,143.626668,1.436266680,696.249529
ubuntu-linux,xts,encrypt,1048576,29,100,142.964948,1.429649480,699.472153
ubuntu-linux,xts,encrypt,1048576,30,100,143.460719,1.434607190,697.054920
ubuntu-linux,xts,decrypt,1048576,1,100,146.124753,1.461247530,684.346751
ubuntu-linux,xts,decrypt,1048576,2,100,144.591722,1.445917220,691.602525
ubuntu-linux,xts,decrypt,1048576,3,100,144.647056,1.446470560,691.337956
ubuntu-linux,xts,decrypt,1048576,4,100,144.211767,1.442117670,693.424691
ubuntu-linux,xts,decrypt,1048576,5,100,143.799079,1.437990790,695.414746
ubuntu-linux,xts,decrypt,1048576,6,100,144.493511,1.444935110,692.072601
ubuntu-linux,xts,decrypt,1048576,7,100,144.499351,1.444993510,692.044631
ubuntu-linux,xts,decrypt,1048576,8,100,143.491177,1.434911770,696.906960
ubuntu-linux,xts,decrypt,1048576,9,100,144.256761,1.442567610,693.208411
ubuntu-linux,xts,decrypt,1048576,10,100,144.314217,1.443142170,692.932423
ubuntu-linux,xts,decrypt,1048576,11,100,144.057811,1.440578110,694.165761
ubuntu-linux,xts,decrypt,1048576,12,100,143.537443,1.435374430,696.682328
ubuntu-linux,xts,decrypt,1048576,13,100,144.203862,1.442038620,693.462704
ubuntu-linux,xts,decrypt,1048576,14,100,144.083408,1.440834080,694.042440
ubuntu-linux,xts,decrypt,1048576,15,100,143.631137,1.436311370,696.227866
ubuntu-linux,xts,decrypt,1048576,16,100,144.180158,1.441801580,693.576713
ubuntu-linux,xts,decrypt,1048576,17,100,144.151725,1.441517250,693.713516
ubuntu-linux,xts,decrypt,1048576,18,100,144.051519,1.440515190,694.196081
ubuntu-linux,xts,decrypt,1048576,19,100,143.616951,1.436169510,696.296637
ubuntu-linux,xts,decrypt,1048576,20,100,144.071206,1.440712060,694.101221
ubuntu-linux,xts,decrypt,1048576,21,100,144.504952,1.445049520,692.017807
ubuntu-linux,xts,decrypt,1048576,22,100,146.630784,1.466307840,681.985033
ubuntu-linux,xts,decrypt,1048576,23,100,146.031440,1.460314400,684.784044
ubuntu-linux,xts,decrypt,1048576,24,100,144.243295,1.442432950,693.273126
ubuntu-linux,xts,decrypt,1048576,25,100,144.161313,1.441613130,693.667378
ubuntu-linux,xts,decrypt,1048576,26,100,143.588228,1.435882280,696.435922
ubuntu-linux,xts,decrypt,1048576,27,100,143.945532,1.439455320,694.707217
ubuntu-linux,xts,decrypt,1048576,28,100,144.187272,1.441872720,693.542492
ubuntu-linux,xts,decrypt,1048576,29,100,143.627291,1.436272910,696.246509
ubuntu-linux,xts,decrypt,1048576,30,100,144.396180,1.443961800,692.539096
ubuntu-linux,xts,encrypt,8388608,1,100,1231.914991,12.319149910,649.395458
ubuntu-linux,xts,encrypt,8388608,2,100,1244.090371,12.440903710,643.040103
ubuntu-linux,xts,encrypt,8388608,3,100,1232.259294,12.322592940,649.214012
ubuntu-linux,xts,encrypt,8388608,4,100,1233.096924,12.330969240,648.773008
ubuntu-linux,xts,encrypt,8388608,5,100,1232.579384,12.325793840,649.045417
ubuntu-linux,xts,encrypt,8388608,6,100,1232.569878,12.325698780,649.050422
ubuntu-linux,xts,encrypt,8388608,7,100,1232.776483,12.327764830,648.941646
ubuntu-linux,xts,encrypt,8388608,8,100,1231.748193,12.317481930,649.483396
ubuntu-linux,xts,encrypt,8388608,9,100,1233.008027,12.330080270,648.819783
ubuntu-linux,xts,encrypt,8388608,10,100,1231.891002,12.318910020,649.408104
ubuntu-linux,xts,encrypt,8388608,11,100,1232.168590,12.321685900,649.261803
ubuntu-linux,xts,encrypt,8388608,12,100,1232.002383,12.320023830,649.349393
ubuntu-linux,xts,encrypt,8388608,13,100,1232.684332,12.326843320,648.990158
ubuntu-linux,xts,encrypt,8388608,14,100,1232.997326,12.329973260,648.825414
ubuntu-linux,xts,encrypt,8388608,15,100,1233.261378,12.332613780,648.686494
ubuntu-linux,xts,encrypt,8388608,16,100,1232.645596,12.326455960,649.010553
ubuntu-linux,xts,encrypt,8388608,17,100,1232.748268,12.327482680,648.956499
ubuntu-linux,xts,encrypt,8388608,18,100,1231.668302,12.316683020,649.525525
ubuntu-linux,xts,encrypt,8388608,19,100,1231.491805,12.314918050,649.618614
ubuntu-linux,xts,encrypt,8388608,20,100,1232.830747,12.328307470,648.913082
ubuntu-linux,xts,encrypt,8388608,21,100,1232.740331,12.327403310,648.960677
ubuntu-linux,xts,encrypt,8388608,22,100,1232.930215,12.329302150,648.860731
ubuntu-linux,xts,encrypt,8388608,23,100,1233.045412,12.330454120,648.800111
ubuntu-linux,xts,encrypt,8388608,24,100,1232.401205,12.324012050,649.139255
ubuntu-linux,xts,encrypt,8388608,25,100,1233.309205,12.333092050,648.661339
ubuntu-linux,xts,encrypt,8388608,26,100,1234.019717,12.340197170,648.287859
ubuntu-linux,xts,encrypt,8388608,27,100,1232.433941,12.324339410,649.122012
ubuntu-linux,xts,encrypt,8388608,28,100,1232.947988,12.329479880,648.851377
ubuntu-linux,xts,encrypt,8388608,29,100,1232.590946,12.325909460,649.039329
ubuntu-linux,xts,encrypt,8388608,30,100,1232.678892,12.326788920,648.993023
ubuntu-linux,xts,decrypt,8388608,1,100,1251.984681,12.519846810,638.985454
ubuntu-linux,xts,decrypt,8388608,2,100,1251.194364,12.511943640,639.389069
ubuntu-linux,xts,decrypt,8388608,3,100,1252.202590,12.522025900,638.874258
ubuntu-linux,xts,decrypt,8388608,4,100,1250.883138,12.508831380,639.548153
ubuntu-linux,xts,decrypt,8388608,5,100,1251.761153,12.517611530,639.099558
ubuntu-linux,xts,decrypt,8388608,6,100,1252.472446,12.524724460,638.736607
ubuntu-linux,xts,decrypt,8388608,7,100,1252.101930,12.521019300,638.925618
ubuntu-linux,xts,decrypt,8388608,8,100,1252.044143,12.520441430,638.955108
ubuntu-linux,xts,decrypt,8388608,9,100,1251.459208,12.514592080,639.253757
ubuntu-linux,xts,decrypt,8388608,10,100,1251.270999,12.512709990,639.349910
ubuntu-linux,xts,decrypt,8388608,11,100,1250.870866,12.508708660,639.554427
ubuntu-linux,xts,decrypt,8388608,12,100,1251.334340,12.513343400,639.317546
ubuntu-linux,xts,decrypt,8388608,13,100,1250.984117,12.509841170,639.496528
ubuntu-linux,xts,decrypt,8388608,14,100,1250.849794,12.508497940,639.565201
ubuntu-linux,xts,decrypt,8388608,15,100,1251.511524,12.515115240,639.227034
ubuntu-linux,xts,decrypt,8388608,16,100,1251.307335,12.513073350,639.331344
ubuntu-linux,xts,decrypt,8388608,17,100,1253.496627,12.534966270,638.214721
ubuntu-linux,xts,decrypt,8388608,18,100,1255.992439,12.559924390,636.946510
ubuntu-linux,xts,decrypt,8388608,19,100,1251.219590,12.512195900,639.376179
ubuntu-linux,xts,decrypt,8388608,20,100,1251.928392,12.519283920,639.014184
ubuntu-linux,xts,decrypt,8388608,21,100,1252.446694,12.524466940,638.749740
ubuntu-linux,xts,decrypt,8388608,22,100,1255.598315,12.555983150,637.146443
ubuntu-linux,xts,decrypt,8388608,23,100,1251.942968,12.519429680,639.006744
ubuntu-linux,xts,decrypt,8388608,24,100,1250.574972,12.505749720,639.705750
ubuntu-linux,xts,decrypt,8388608,25,100,1250.300245,12.503002450,639.846311
ubuntu-linux,xts,decrypt,8388608,26,100,1252.254408,12.522544080,638.847821
ubuntu-linux,xts,decrypt,8388608,27,100,1250.360881,12.503608810,639.815282
ubuntu-linux,xts,decrypt,8388608,28,100,1250.594014,12.505940140,639.696009
ubuntu-linux,xts,decrypt,8388608,29,100,1250.960221,12.509602210,639.508744
ubuntu-linux,xts,decrypt,8388608,30,100,1251.096887,12.510968870,639.438886
