platform,mode,operation,payload_bytes,run,ops,total_ms,ms_per_op,throughput_mib_s
windows11-mingw64,ecb,encrypt,1024,1,100,0.332600,0.003326000,293.614702
windows11-mingw64,ecb,encrypt,1024,2,100,0.336000,0.003360000,290.643601
windows11-mingw64,ecb,encrypt,1024,3,100,0.326200,0.003262000,299.375383
windows11-mingw64,ecb,encrypt,1024,4,100,0.347100,0.003471000,281.349035
windows11-mingw64,ecb,encrypt,1024,5,100,0.330000,0.003300000,295.928030
windows11-mingw64,ecb,encrypt,1024,6,100,0.315900,0.003159000,309.136594
windows11-mingw64,ecb,encrypt,1024,7,100,0.351500,0.003515000,277.827169
windows11-mingw64,ecb,encrypt,1024,8,100,0.326900,0.003269000,298.734322
windows11-mingw64,ecb,encrypt,1024,9,100,0.511900,0.005119000,190.772123
windows11-mingw64,ecb,encrypt,1024,10,100,0.756400,0.007564000,129.106623
windows11-mingw64,ecb,encrypt,1024,11,100,0.498700,0.004987000,195.821636
windows11-mingw64,ecb,encrypt,1024,12,100,0.348700,0.003487000,280.058073
windows11-mingw64,ecb,encrypt,1024,13,100,0.327000,0.003270000,298.642966
windows11-mingw64,ecb,encrypt,1024,14,100,0.340100,0.003401000,287.139812
windows11-mingw64,ecb,encrypt,1024,15,100,0.509300,0.005093000,191.746024
windows11-mingw64,ecb,encrypt,1024,16,100,0.374400,0.003744000,260.834001
windows11-mingw64,ecb,encrypt,1024,17,100,0.384000,0.003840000,254.313151
windows11-mingw64,ecb,encrypt,1024,18,100,0.379700,0.003797000,257.193179
windows11-mingw64,ecb,encrypt,1024,19,100,0.325600,0.003256000,299.927058
windows11-mingw64,ecb,encrypt,1024,20,100,0.317700,0.003177000,307.385112
windows11-mingw64,ecb,encrypt,1024,21,100,0.329400,0.003294000,296.467061
windows11-mingw64,ecb,encrypt,1024,22,100,0.319000,0.003190000,306.132445
windows11-mingw64,ecb,encrypt,1024,23,100,0.314600,0.003146000,310.414018
windows11-mingw64,ecb,encrypt,1024,24,100,0.335000,0.003350000,291.511194
windows11-mingw64,ecb,encrypt,1024,25,100,0.320800,0.003208000,304.414744
windows11-mingw64,ecb,encrypt,1024,26,100,0.314700,0.003147000,310.315380
windows11-mingw64,ecb,encrypt,1024,27,100,0.905800,0.009058000,107.812155
windows11-mingw64,ecb,encrypt,1024,28,100,0.706100,0.007061000,138.303711
windows11-mingw64,ecb,encrypt,1024,29,100,0.502300,0.005023000,194.418176
windows11-mingw64,ecb,encrypt,1024,30,100,0.335800,0.003358000,290.816706
windows11-mingw64,ecb,decrypt,1024,1,100,0.533300,0.005333000,183.116914
windows11-mingw64,ecb,decrypt,1024,2,100,0.546100,0.005461000,178.824849
windows11-mingw64,ecb,decrypt,1024,3,100,0.562200,0.005622000,173.703753
windows11-mingw64,ecb,decrypt,1024,4,100,0.541700,0.005417000,180.277368
windows11-mingw64,ecb,decrypt,1024,5,100,0.540000,0.005400000,180.844907
windows11-mingw64,ecb,decrypt,1024,6,100,0.536300,0.005363000,182.092579
windows11-mingw64,ecb,decrypt,1024,7,100,0.553000,0.005530000,176.593580
windows11-mingw64,ecb,decrypt,1024,8,100,0.528000,0.005280000,184.955019
windows11-mingw64,ecb,decrypt,1024,9,100,0.496600,0.004966000,196.649718
windows11-mingw64,ecb,decrypt,1024,10,100,0.654500,0.006545000,149.207410
windows11-mingw64,ecb,decrypt,1024,11,100,0.348100,0.003481000,280.540793
windows11-mingw64,ecb,decrypt,1024,12,100,0.323600,0.003236000,301.780748
windows11-mingw64,ecb,decrypt,1024,13,100,0.355600,0.003556000,274.623875
windows11-mingw64,ecb,decrypt,1024,14,100,0.319500,0.003195000,305.653365
windows11-mingw64,ecb,decrypt,1024,15,100,0.317700,0.003177000,307.385112
windows11-mingw64,ecb,decrypt,1024,16,100,0.332000,0.003320000,294.145331
windows11-mingw64,ecb,decrypt,1024,17,100,0.320700,0.003207000,304.509666
windows11-mingw64,ecb,decrypt,1024,18,100,0.316000,0.003160000,309.038766
windows11-mingw64,ecb,decrypt,1024,19,100,0.395100,0.003951000,247.168438
windows11-mingw64,ecb,decrypt,1024,20,100,0.326300,0.003263000,299.283635
windows11-mingw64,ecb,decrypt,1024,21,100,0.318100,0.003181000,306.998585
windows11-mingw64,ecb,decrypt,1024,22,100,0.334400,0.003344000,292.034240
windows11-mingw64,ecb,decrypt,1024,23,100,0.320100,0.003201000,305.080444
windows11-mingw64,ecb,decrypt,1024,24,100,0.351500,0.003515000,277.827169
windows11-mingw64,ecb,decrypt,1024,25,100,0.333700,0.003337000,292.646838
windows11-mingw64,ecb,decrypt,1024,26,100,0.325500,0.003255000,300.019201
windows11-mingw64,ecb,decrypt,1024,27,100,0.337400,0.003374000,289.437611
windows11-mingw64,ecb,decrypt,1024,28,100,0.402200,0.004022000,242.805196
windows11-mingw64,ecb,decrypt,1024,29,100,0.580500,0.005805000,168.227821
windows11-mingw64,ecb,decrypt,1024,30,100,0.447800,0.004478000,218.080058
windows11-mingw64,ecb,encrypt,4096,1,100,0.399300,0.003993000,978.274480
windows11-mingw64,ecb,encrypt,4096,2,100,0.422300,0.004223000,924.994080
windows11-mingw64,ecb,encrypt,4096,3,100,0.423000,0.004230000,923.463357
windows11-mingw64,ecb,encrypt,4096,4,100,0.420100,0.004201000,929.838134
windows11-mingw64,ecb,encrypt,4096,5,100,0.408200,0.004082000,956.945125
windows11-mingw64,ecb,encrypt,4096,6,100,0.401100,0.004011000,973.884318
windows11-mingw64,ecb,encrypt,4096,7,100,0.412000,0.004120000,948.118932
windows11-mingw64,ecb,encrypt,4096,8,100,0.427900,0.004279000,912.888525
windows11-mingw64,ecb,encrypt,4096,9,100,0.412700,0.004127000,946.510783
windows11-mingw64,ecb,encrypt,4096,10,100,0.409500,0.004095000,953.907204
windows11-mingw64,ecb,encrypt,4096,11,100,0.412100,0.004121000,947.888862
windows11-mingw64,ecb,encrypt,4096,12,100,0.416100,0.004161000,938.776736
windows11-mingw64,ecb,encrypt,4096,13,100,0.405500,0.004055000,963.316893
windows11-mingw64,ecb,encrypt,4096,14,100,0.837500,0.008375000,466.417910
windows11-mingw64,ecb,encrypt,4096,15,100,0.546800,0.005468000,714.383687
windows11-mingw64,ecb,encrypt,4096,16,100,0.419100,0.004191000,932.056788
windows11-mingw64,ecb,encrypt,4096,17,100,0.422500,0.004225000,924.556213
windows11-mingw64,ecb,encrypt,4096,18,100,0.422200,0.004222000,925.213169
windows11-mingw64,ecb,encrypt,4096,19,100,0.418800,0.004188000,932.724451
windows11-mingw64,ecb,encrypt,4096,20,100,0.409200,0.004092000,954.606549
windows11-mingw64,ecb,encrypt,4096,21,100,0.422000,0.004220000,925.651659
windows11-mingw64,ecb,encrypt,4096,22,100,0.415900,0.004159000,939.228180
windows11-mingw64,ecb,encrypt,4096,23,100,0.414600,0.004146000,942.173179
windows11-mingw64,ecb,encrypt,4096,24,100,0.414100,0.004141000,943.310794
windows11-mingw64,ecb,encrypt,4096,25,100,0.409600,0.004096000,953.674316
windows11-mingw64,ecb,encrypt,4096,26,100,0.412800,0.004128000,946.281492
windows11-mingw64,ecb,encrypt,4096,27,100,0.416700,0.004167000,937.425006
windows11-mingw64,ecb,encrypt,4096,28,100,0.403000,0.004030000,969.292804
windows11-mingw64,ecb,encrypt,4096,29,100,0.796300,0.007963000,490.550044
windows11-mingw64,ecb,encrypt,4096,30,100,0.559300,0.005593000,698.417665
windows11-mingw64,ecb,decrypt,4096,1,100,0.500200,0.005002000,780.937625
windows11-mingw64,ecb,decrypt,4096,2,100,0.717500,0.007175000,544.425087
windows11-mingw64,ecb,decrypt,4096,3,100,0.447400,0.004474000,873.100134
windows11-mingw64,ecb,decrypt,4096,4,100,0.402900,0.004029000,969.533383
windows11-mingw64,ecb,decrypt,4096,5,100,0.395300,0.003953000,988.173539
windows11-mingw64,ecb,decrypt,4096,6,100,0.405600,0.004056000,963.079389
windows11-mingw64,ecb,decrypt,4096,7,100,0.395800,0.003958000,986.925215
windows11-mingw64,ecb,decrypt,4096,8,100,0.407000,0.004070000,959.766585
windows11-mingw64,ecb,decrypt,4096,9,100,0.390700,0.003907000,999.808037
windows11-mingw64,ecb,decrypt,4096,10,100,0.391900,0.003919000,996.746619
windows11-mingw64,ecb,decrypt,4096,11,100,0.406100,0.004061000,961.893622
windows11-mingw64,ecb,decrypt,4096,12,100,0.393700,0.003937000,992.189484
windows11-mingw64,ecb,decrypt,4096,13,100,0.390500,0.003905000,1000.320102
windows11-mingw64,ecb,decrypt,4096,14,100,0.462900,0.004629000,843.864766
windows11-mingw64,ecb,decrypt,4096,15,100,0.654900,0.006549000,596.465109
windows11-mingw64,ecb,decrypt,4096,16,100,0.438000,0.004380000,891.837900
windows11-mingw64,ecb,decrypt,4096,17,100,0.399300,0.003993000,978.274480
windows11-mingw64,ecb,decrypt,4096,18,100,0.411600,0.004116000,949.040330
windows11-mingw64,ecb,decrypt,4096,19,100,0.412000,0.004120000,948.118932
windows11-mingw64,ecb,decrypt,4096,20,100,0.407000,0.004070000,959.766585
windows11-mingw64,ecb,decrypt,4096,21,100,0.399300,0.003993000,978.274480
windows11-mingw64,ecb,decrypt,4096,22,100,0.393100,0.003931000,993.703892
windows11-mingw64,ecb,decrypt,4096,23,100,0.413000,0.004130000,945.823245
windows11-mingw64,ecb,decrypt,4096,24,100,0.397100,0.003971000,983.694284
windows11-mingw64,ecb,decrypt,4096,25,100,0.416600,0.004166000,937.650024
windows11-mingw64,ecb,decrypt,4096,26,100,0.398100,0.003981000,981.223311
windows11-mingw64,ecb,decrypt,4096,27,100,0.392400,0.003924000,995.476555
windows11-mingw64,ecb,decrypt,4096,28,100,0.418000,0.004180000,934.509569
windows11-mingw64,ecb,decrypt,4096,29,100,0.393800,0.003938000,991.937532
windows11-mingw64,ecb,decrypt,4096,30,100,0.966900,0.009669000,403.997311
windows11-mingw64,ecb,encrypt,16384,1,100,0.896900,0.008969000,1742.111718
windows11-mingw64,ecb,encrypt,16384,2,100,0.888800,0.008888000,1757.988299
windows11-mingw64,ecb,encrypt,16384,3,100,0.889900,0.008899000,1755.815260
windows11-mingw64,ecb,encrypt,16384,4,100,0.883300,0.008833000,1768.934677
windows11-mingw64,ecb,encrypt,16384,5,100,0.885600,0.008856000,1764.340560
windows11-mingw64,ecb,encrypt,16384,6,100,4.482800,0.044828000,348.554475
windows11-mingw64,ecb,encrypt,16384,7,100,2.762500,0.027625000,565.610860
windows11-mingw64,ecb,encrypt,16384,8,100,2.504200,0.025042000,623.951761
windows11-mingw64,ecb,encrypt,16384,9,100,2.301000,0.023010000,679.052586
windows11-mingw64,ecb,encrypt,16384,10,100,2.207000,0.022070000,707.974626
windows11-mingw64,ecb,encrypt,16384,11,100,2.659800,0.026598000,587.450184
windows11-mingw64,ecb,encrypt,16384,12,100,2.241700,0.022417000,697.015658
windows11-mingw64,ecb,encrypt,16384,13,100,2.218300,0.022183000,704.368210
windows11-mingw64,ecb,encrypt,16384,14,100,1.196700,0.011967000,1305.673937
windows11-mingw64,ecb,encrypt,16384,15,100,0.934600,0.009346000,1671.838220
windows11-mingw64,ecb,encrypt,16384,16,100,0.899000,0.008990000,1738.042269
windows11-mingw64,ecb,encrypt,16384,17,100,0.881300,0.008813000,1772.949053
windows11-mingw64,ecb,encrypt,16384,18,100,1.966700,0.019667000,794.478060
windows11-mingw64,ecb,encrypt,16384,19,100,2.253000,0.022530000,693.519751
windows11-mingw64,ecb,encrypt,16384,20,100,1.849200,0.018492000,844.959983
windows11-mingw64,ecb,encrypt,16384,21,100,1.293900,0.012939000,1207.589458
windows11-mingw64,ecb,encrypt,16384,22,100,1.292900,0.012929000,1208.523474
windows11-mingw64,ecb,encrypt,16384,23,100,1.279400,0.012794000,1221.275598
windows11-mingw64,ecb,encrypt,16384,24,100,1.510500,0.015105000,1034.425687
windows11-mingw64,ecb,encrypt,16384,25,100,1.326600,0.013266000,1177.823006
windows11-mingw64,ecb,encrypt,16384,26,100,1.283700,0.012837000,1217.184700
windows11-mingw64,ecb,encrypt,16384,27,100,1.093300,0.010933000,1429.159426
windows11-mingw64,ecb,encrypt,16384,28,100,0.885000,0.008850000,1765.536723
windows11-mingw64,ecb,encrypt,16384,29,100,0.933600,0.009336000,1673.628963
windows11-mingw64,ecb,encrypt,16384,30,100,1.145700,0.011457000,1363.795060
windows11-mingw64,ecb,decrypt,16384,1,100,0.908000,0.009080000,1720.814978
windows11-mingw64,ecb,decrypt,16384,2,100,0.823800,0.008238000,1896.698228
windows11-mingw64,ecb,decrypt,16384,3,100,0.811000,0.008110000,1926.633785
windows11-mingw64,ecb,decrypt,16384,4,100,0.813700,0.008137000,1920.240875
windows11-mingw64,ecb,decrypt,16384,5,100,0.812300,0.008123000,1923.550412
windows11-mingw64,ecb,decrypt,16384,6,100,0.819500,0.008195000,1906.650397
windows11-mingw64,ecb,decrypt,16384,7,100,0.812900,0.008129000,1922.130643
windows11-mingw64,ecb,decrypt,16384,8,100,1.857100,0.018571000,841.365570
windows11-mingw64,ecb,decrypt,16384,9,100,0.916200,0.009162000,1705.413665
windows11-mingw64,ecb,decrypt,16384,10,100,0.821300,0.008213000,1902.471691
windows11-mingw64,ecb,decrypt,16384,11,100,0.820600,0.008206000,1904.094565
windows11-mingw64,ecb,decrypt,16384,12,100,0.814000,0.008140000,1919.533170
windows11-mingw64,ecb,decrypt,16384,13,100,0.806300,0.008063000,1937.864318
windows11-mingw64,ecb,decrypt,16384,14,100,0.814000,0.008140000,1919.533170
windows11-mingw64,ecb,decrypt,16384,15,100,1.121100,0.011211000,1393.720453
windows11-mingw64,ecb,decrypt,16384,16,100,0.858500,0.008585000,1820.034945
windows11-mingw64,ecb,decrypt,16384,17,100,0.824800,0.008248000,1894.398642
windows11-mingw64,ecb,decrypt,16384,18,100,0.816100,0.008161000,1914.593800
windows11-mingw64,ecb,decrypt,16384,19,100,0.806200,0.008062000,1938.104689
windows11-mingw64,ecb,decrypt,16384,20,100,0.812400,0.008124000,1923.313639
windows11-mingw64,ecb,decrypt,16384,21,100,0.805900,0.008059000,1938.826157
windows11-mingw64,ecb,decrypt,16384,22,100,0.803300,0.008033000,1945.101456
windows11-mingw64,ecb,decrypt,16384,23,100,1.054200,0.010542000,1482.166572
windows11-mingw64,ecb,decrypt,16384,24,100,0.846000,0.008460000,1846.926714
windows11-mingw64,ecb,decrypt,16384,25,100,0.836100,0.008361000,1868.795599
windows11-mingw64,ecb,decrypt,16384,26,100,0.815500,0.008155000,1916.002452
windows11-mingw64,ecb,decrypt,16384,27,100,0.848000,0.008480000,1842.570755
windows11-mingw64,ecb,decrypt,16384,28,100,0.816800,0.008168000,1912.952987
windows11-mingw64,ecb,decrypt,16384,29,100,0.805700,0.008057000,1939.307435
windows11-mingw64,ecb,decrypt,16384,30,100,0.813900,0.008139000,1919.769013
windows11-mingw64,ecb,encrypt,262144,1,100,10.888500,0.108885000,2296.000367
windows11-mingw64,ecb,encrypt,262144,2,100,11.381500,0.113815000,2196.547028
windows11-mingw64,ecb,encrypt,262144,3,100,10.453200,0.104532000,2391.612138
windows11-mingw64,ecb,encrypt,262144,4,100,10.359200,0.103592000,2413.313769
windows11-mingw64,ecb,encrypt,262144,5,100,9.917700,0.099177000,2520.745737
windows11-mingw64,ecb,encrypt,262144,6,100,10.040800,0.100408000,2489.841447
windows11-mingw64,ecb,encrypt,262144,7,100,10.296900,0.102969000,2427.915198
windows11-mingw64,ecb,encrypt,262144,8,100,10.926700,0.109267000,2287.973496
windows11-mingw64,ecb,encrypt,262144,9,100,10.885000,0.108850000,2296.738631
windows11-mingw64,ecb,encrypt,262144,10,100,10.991700,0.109917000,2274.443444
windows11-mingw64,ecb,encrypt,262144,11,100,10.178300,0.101783000,2456.205850
windows11-mingw64,ecb,encrypt,262144,12,100,10.461800,0.104618000,2389.646141
windows11-mingw64,ecb,encrypt,262144,13,100,10.289400,0.102894000,2429.684918
windows11-mingw64,ecb,encrypt,262144,14,100,11.243300,0.112433000,2223.546468
windows11-mingw64,ecb,encrypt,262144,15,100,11.124800,0.111248000,2247.231411
windows11-mingw64,ecb,encrypt,262144,16,100,10.247100,0.102471000,2439.714651
windows11-mingw64,ecb,encrypt,262144,17,100,9.754600,0.097546000,2562.893404
windows11-mingw64,ecb,encrypt,262144,18,100,10.554400,0.105544000,2368.680361
windows11-mingw64,ecb,encrypt,262144,19,100,10.822200,0.108222000,2310.066345
windows11-mingw64,ecb,encrypt,262144,20,100,11.177700,0.111777000,2236.596080
windows11-mingw64,ecb,encrypt,262144,21,100,10.212000,0.102120000,2448.100274
windows11-mingw64,ecb,encrypt,262144,22,100,10.417200,0.104172000,2399.877126
windows11-mingw64,ecb,encrypt,262144,23,100,10.527000,0.105270000,2374.845635
windows11-mingw64,ecb,encrypt,262144,24,100,9.922600,0.099226000,2519.500937
windows11-mingw64,ecb,encrypt,262144,25,100,9.766300,0.097663000,2559.823065
windows11-mingw64,ecb,encrypt,262144,26,100,10.736100,0.107361000,2328.592319
windows11-mingw64,ecb,encrypt,262144,27,100,10.629100,0.106291000,2352.033568
windows11-mingw64,ecb,encrypt,262144,28,100,10.583000,0.105830000,2362.279127
windows11-mingw64,ecb,encrypt,262144,29,100,9.812400,0.098124000,2547.796665
windows11-mingw64,ecb,encrypt,262144,30,100,10.524900,0.105249000,2375.319480
windows11-mingw64,ecb,decrypt,262144,1,100,8.986400,0.089864000,2781.981661
windows11-mingw64,ecb,decrypt,262144,2,100,13.500100,0.135001000,1851.838135
windows11-mingw64,ecb,decrypt,262144,3,100,12.682100,0.126821000,1971.282359
windows11-mingw64,ecb,decrypt,262144,4,100,10.791000,0.107910000,2316.745436
windows11-mingw64,ecb,decrypt,262144,5,100,9.485900,0.094859000,2635.490570
windows11-mingw64,ecb,decrypt,262144,6,100,9.290400,0.092904000,2690.949798
windows11-mingw64,ecb,decrypt,262144,7,100,9.149800,0.091498000,2732.300160
windows11-mingw64,ecb,decrypt,262144,8,100,10.225300,0.102253000,2444.916042
windows11-mingw64,ecb,decrypt,262144,9,100,9.945300,0.099453000,2513.750214
windows11-mingw64,ecb,decrypt,262144,10,100,9.513700,0.095137000,2627.789398
windows11-mingw64,ecb,decrypt,262144,11,100,10.072100,0.100721000,2482.104030
windows11-mingw64,ecb,decrypt,262144,12,100,9.578700,0.095787000,2609.957510
windows11-mingw64,ecb,decrypt,262144,13,100,9.614100,0.096141000,2600.347406
windows11-mingw64,ecb,decrypt,262144,14,100,9.368400,0.093684000,2668.545323
windows11-mingw64,ecb,decrypt,262144,15,100,9.701500,0.097015000,2576.921095
windows11-mingw64,ecb,decrypt,262144,16,100,9.222200,0.092222000,2710.849906
windows11-mingw64,ecb,decrypt,262144,17,100,9.409500,0.094095000,2656.889314
windows11-mingw64,ecb,decrypt,262144,18,100,9.625700,0.096257000,2597.213709
windows11-mingw64,ecb,decrypt,262144,19,100,9.243500,0.092435000,2704.603235
windows11-mingw64,ecb,decrypt,262144,20,100,9.337600,0.093376000,2677.347498
windows11-mingw64,ecb,decrypt,262144,21,100,9.304300,0.093043000,2686.929699
windows11-mingw64,ecb,decrypt,262144,22,100,9.623200,0.096232000,2597.888436
windows11-mingw64,ecb,decrypt,262144,23,100,9.603200,0.096032000,2603.298900
windows11-mingw64,ecb,decrypt,262144,24,100,9.195300,0.091953000,2718.780246
windows11-mingw64,ecb,decrypt,262144,25,100,9.415700,0.094157000,2655.139820
windows11-mingw64,ecb,decrypt,262144,26,100,10.344200,0.103442000,2416.813287
windows11-mingw64,ecb,decrypt,262144,27,100,9.083700,0.090837000,2752.182481
windows11-mingw64,ecb,decrypt,262144,28,100,9.538300,0.095383000,2621.012130
windows11-mingw64,ecb,decrypt,262144,29,100,9.588800,0.095888000,2607.208410
windows11-mingw64,ecb,decrypt,262144,30,100,9.385000,0.093850000,2663.825253
windows11-mingw64,ecb,encrypt,1048576,1,100,125.466900,1.254669000,797.022960
windows11-mingw64,ecb,encrypt,1048576,2,100,126.737400,1.267374000,789.033072
windows11-mingw64,ecb,encrypt,1048576,3,100,126.753800,1.267538000,788.930983
windows11-mingw64,ecb,encrypt,1048576,4,100,123.933200,1.239332000,806.886290
windows11-mingw64,ecb,encrypt,1048576,5,100,126.311000,1.263110000,791.696685
windows11-mingw64,ecb,encrypt,1048576,6,100,127.088600,1.270886000,786.852637
windows11-mingw64,ecb,encrypt,1048576,7,100,124.761500,1.247615000,801.529318
windows11-mingw64,ecb,encrypt,1048576,8,100,128.455900,1.284559000,778.477283
windows11-mingw64,ecb,encrypt,1048576,9,100,124.749100,1.247491000,801.608990
windows11-mingw64,ecb,encrypt,1048576,10,100,125.585400,1.255854000,796.270904
windows11-mingw64,ecb,encrypt,1048576,11,100,124.786500,1.247865000,801.368738
windows11-mingw64,ecb,encrypt,1048576,12,100,126.943500,1.269435000,787.752031
windows11-mingw64,ecb,encrypt,1048576,13,100,124.706500,1.247065000,801.882821
windows11-mingw64,ecb,encrypt,1048576,14,100,124.846800,1.248468000,800.981683
windows11-mingw64,ecb,encrypt,1048576,15,100,126.918800,1.269188000,787.905338
windows11-mingw64,ecb,encrypt,1048576,16,100,127.967900,1.279679000,781.445972
windows11-mingw64,ecb,encrypt,1048576,17,100,129.926900,1.299269000,769.663557
windows11-mingw64,ecb,encrypt,1048576,18,100,127.856400,1.278564000,782.127449
windows11-mingw64,ecb,encrypt,1048576,19,100,123.919700,1.239197000,806.974194
windows11-mingw64,ecb,encrypt,1048576,20,100,126.352600,1.263526000,791.436029
windows11-mingw64,ecb,encrypt,1048576,21,100,123.469000,1.234690000,809.919899
windows11-mingw64,ecb,encrypt,1048576,22,100,126.042300,1.260423000,793.384443
windows11-mingw64,ecb,encrypt,1048576,23,100,128.045100,1.280451000,780.974828
windows11-mingw64,ecb,encrypt,1048576,24,100,126.668900,1.266689000,789.459765
windows11-mingw64,ecb,encrypt,1048576,25,100,127.273400,1.272734000,785.710133
windows11-mingw64,ecb,encrypt,1048576,26,100,127.453300,1.274533000,784.601105
windows11-mingw64,ecb,encrypt,1048576,27,100,128.187400,1.281874000,780.107873
windows11-mingw64,ecb,encrypt,1048576,28,100,124.429900,1.244299000,803.665357
windows11-mingw64,ecb,encrypt,1048576,29,100,124.949300,1.249493000,800.324612
windows11-mingw64,ecb,encrypt,1048576,30,100,126.483900,1.264839000,790.614458
windows11-mingw64,ecb,decrypt,1048576,1,100,91.581900,0.915819000,1091.918818
windows11-mingw64,ecb,decrypt,1048576,2,100,91.551200,0.915512000,1092.284973
windows11-mingw64,ecb,decrypt,1048576,3,100,94.643200,0.946432000,1056.599946
windows11-mingw64,ecb,decrypt,1048576,4,100,94.403600,0.944036000,1059.281638
windows11-mingw64,ecb,decrypt,1048576,5,100,93.607500,0.936075000,1068.290468
windows11-mingw64,ecb,decrypt,1048576,6,100,94.142100,0.941421000,1062.224021
windows11-mingw64,ecb,decrypt,1048576,7,100,93.014700,0.930147000,1075.098882
windows11-mingw64,ecb,decrypt,1048576,8,100,94.187800,0.941878000,1061.708629
windows11-mingw64,ecb,decrypt,1048576,9,100,92.875600,0.928756000,1076.709060
windows11-mingw64,ecb,decrypt,1048576,10,100,94.434800,0.944348000,1058.931665
windows11-mingw64,ecb,decrypt,1048576,11,100,94.068500,0.940685000,1063.055114
windows11-mingw64,ecb,decrypt,1048576,12,100,92.443400,0.924434000,1081.742991
windows11-mingw64,ecb,decrypt,1048576,13,100,90.862800,0.908628000,1100.560405
windows11-mingw64,ecb,decrypt,1048576,14,100,92.106100,0.921061000,1085.704421
windows11-mingw64,ecb,decrypt,1048576,15,100,91.816000,0.918160000,1089.134791
windows11-mingw64,ecb,decrypt,1048576,16,100,92.424000,0.924240000,1081.970051
windows11-mingw64,ecb,decrypt,1048576,17,100,90.950200,0.909502000,1099.502805
windows11-mingw64,ecb,decrypt,1048576,18,100,94.107500,0.941075000,1062.614563
windows11-mingw64,ecb,decrypt,1048576,19,100,96.669900,0.966699000,1034.448158
windows11-mingw64,ecb,decrypt,1048576,20,100,91.096000,0.910960000,1097.743040
windows11-mingw64,ecb,decrypt,1048576,21,100,90.855100,0.908551000,1100.653678
windows11-mingw64,ecb,decrypt,1048576,22,100,92.254800,0.922548000,1083.954439
windows11-mingw64,ecb,decrypt,1048576,23,100,92.095800,0.920958000,1085.825847
windows11-mingw64,ecb,decrypt,1048576,24,100,89.931700,0.899317000,1111.954961
windows11-mingw64,ecb,decrypt,1048576,25,100,94.967000,0.949670000,1052.997357
windows11-mingw64,ecb,decrypt,1048576,26,100,94.991000,0.949910000,1052.731311
windows11-mingw64,ecb,decrypt,1048576,27,100,91.581200,0.915812000,1091.927164
windows11-mingw64,ecb,decrypt,1048576,28,100,92.359500,0.923595000,1082.725654
windows11-mingw64,ecb,decrypt,1048576,29,100,93.399100,0.933991000,1070.674129
windows11-mingw64,ecb,decrypt,1048576,30,100,94.669900,0.946699000,1056.301950
windows11-mingw64,ecb,encrypt,8388608,1,100,1097.746600,10.977466000,728.765637
windows11-mingw64,ecb,encrypt,8388608,2,100,1111.624200,11.116242000,719.667672
windows11-mingw64,ecb,encrypt,8388608,3,100,1114.077000,11.140770000,718.083220
windows11-mingw64,ecb,encrypt,8388608,4,100,1081.830100,10.818301000,739.487652
windows11-mingw64,ecb,encrypt,8388608,5,100,1095.040000,10.950400000,730.566920
windows11-mingw64,ecb,encrypt,8388608,6,100,1090.008800,10.900088000,733.939029
windows11-mingw64,ecb,encrypt,8388608,7,100,1076.518700,10.765187000,743.136185
windows11-mingw64,ecb,encrypt,8388608,8,100,1094.068800,10.940688000,731.215441
windows11-mingw64,ecb,encrypt,8388608,9,100,1128.380100,11.283801000,708.980954
windows11-mingw64,ecb,encrypt,8388608,10,100,1107.961500,11.079615000,722.046750
windows11-mingw64,ecb,encrypt,8388608,11,100,1120.084400,11.200844000,714.231892
windows11-mingw64,ecb,encrypt,8388608,12,100,1116.689900,11.166899000,716.403005
windows11-mingw64,ecb,encrypt,8388608,13,100,1098.830100,10.988301000,728.047038
windows11-mingw64,ecb,encrypt,8388608,14,100,1090.060200,10.900602000,733.904421
windows11-mingw64,ecb,encrypt,8388608,15,100,1078.239700,10.782397000,741.950051
windows11-mingw64,ecb,encrypt,8388608,16,100,1096.343800,10.963438000,729.698111
windows11-mingw64,ecb,encrypt,8388608,17,100,1096.523200,10.965232000,729.578727
windows11-mingw64,ecb,encrypt,8388608,18,100,1095.640300,10.956403000,730.166643
windows11-mingw64,ecb,encrypt,8388608,19,100,1087.095700,10.870957000,735.905772
windows11-mingw64,ecb,encrypt,8388608,20,100,1087.987100,10.879871000,735.302836
windows11-mingw64,ecb,encrypt,8388608,21,100,1094.618700,10.946187000,730.848103
windows11-mingw64,ecb,encrypt,8388608,22,100,1102.438000,11.024380000,725.664391
windows11-mingw64,ecb,encrypt,8388608,23,100,1099.082000,10.990820000,727.880176
windows11-mingw64,ecb,encrypt,8388608,24,100,1097.073800,10.970738000,729.212565
windows11-mingw64,ecb,encrypt,8388608,25,100,1093.726800,10.937268000,731.444086
windows11-mingw64,ecb,encrypt,8388608,26,100,1093.107900,10.931079000,731.858218
windows11-mingw64,ecb,encrypt,8388608,27,100,1116.659600,11.166596000,716.422444
windows11-mingw64,ecb,encrypt,8388608,28,100,1099.726900,10.997269000,727.453334
windows11-mingw64,ecb,encrypt,8388608,29,100,1108.968600,11.089686000,721.391029
windows11-mingw64,ecb,encrypt,8388608,30,100,1103.209200,11.032092000,725.157114
windows11-mingw64,ecb,decrypt,8388608,1,100,883.547100,8.835471000,905.441261
windows11-mingw64,ecb,decrypt,8388608,2,100,889.597600,8.895976000,899.283002
windows11-mingw64,ecb,decrypt,8388608,3,100,890.042600,8.900426000,898.833382
windows11-mingw64,ecb,decrypt,8388608,4,100,893.079600,8.930796000,895.776815
windows11-mingw64,ecb,decrypt,8388608,5,100,889.472800,8.894728000,899.409178
windows11-mingw64,ecb,decrypt,8388608,6,100,889.883600,8.898836000,898.993981
windows11-mingw64,ecb,decrypt,8388608,7,100,873.020300,8.730203000,916.358990
windows11-mingw64,ecb,decrypt,8388608,8,100,871.318900,8.713189000,918.148338
windows11-mingw64,ecb,decrypt,8388608,9,100,877.331700,8.773317000,911.855801
windows11-mingw64,ecb,decrypt,8388608,10,100,882.496300,8.824963000,906.519381
windows11-mingw64,ecb,decrypt,8388608,11,100,883.862800,8.838628000,905.117853
windows11-mingw64,ecb,decrypt,8388608,12,100,875.331500,8.753315000,913.939462
windows11-mingw64,ecb,decrypt,8388608,13,100,868.440200,8.684402000,921.191810
windows11-mingw64,ecb,decrypt,8388608,14,100,877.032100,8.770321000,912.167297
windows11-mingw64,ecb,decrypt,8388608,15,100,892.232900,8.922329000,896.626878
windows11-mingw64,ecb,decrypt,8388608,16,100,971.905800,9.719058000,823.125039
windows11-mingw64,ecb,decrypt,8388608,17,100,898.784900,8.987849000,890.090610
windows11-mingw64,ecb,decrypt,8388608,18,100,901.312800,9.013128000,887.594185
windows11-mingw64,ecb,decrypt,8388608,19,100,891.642700,8.916427000,897.220378
windows11-mingw64,ecb,decrypt,8388608,20,100,891.352500,8.913525000,897.512488
windows11-mingw64,ecb,decrypt,8388608,21,100,890.792700,8.907927000,898.076511
windows11-mingw64,ecb,decrypt,8388608,22,100,916.651100,9.166511000,872.742093
windows11-mingw64,ecb,decrypt,8388608,23,100,870.365900,8.703659000,919.153657
windows11-mingw64,ecb,decrypt,8388608,24,100,876.506500,8.765065000,912.714281
windows11-mingw64,ecb,decrypt,8388608,25,100,900.733300,9.007333000,888.165232
windows11-mingw64,ecb,decrypt,8388608,26,100,894.630100,8.946301000,894.224328
windows11-mingw64,ecb,decrypt,8388608,27,100,912.386900,9.123869000,876.821007
windows11-mingw64,ecb,decrypt,8388608,28,100,869.138800,8.691388000,920.451371
windows11-mingw64,ecb,decrypt,8388608,29,100,885.804600,8.858046000,903.133716
windows11-mingw64,ecb,decrypt,8388608,30,100,898.695200,8.986952000,890.179451
windows11-mingw64,cbc,encrypt,1024,1,100,0.967900,0.009679000,100.894979
windows11-mingw64,cbc,encrypt,1024,2,100,0.524900,0.005249000,186.047342
windows11-mingw64,cbc,encrypt,1024,3,100,0.544600,0.005446000,179.317389
windows11-mingw64,cbc,encrypt,1024,4,100,0.501200,0.005012000,194.844872
windows11-mingw64,cbc,encrypt,1024,5,100,0.495100,0.004951000,197.245506
windows11-mingw64,cbc,encrypt,1024,6,100,0.489700,0.004897000,199.420564
windows11-mingw64,cbc,encrypt,1024,7,100,0.493000,0.004930000,198.085700
windows11-mingw64,cbc,encrypt,1024,8,100,0.496300,0.004963000,196.768588
windows11-mingw64,cbc,encrypt,1024,9,100,0.492300,0.004923000,198.367357
windows11-mingw64,cbc,encrypt,1024,10,100,0.491100,0.004911000,198.852067
windows11-mingw64,cbc,encrypt,1024,11,100,0.492500,0.004925000,198.286802
windows11-mingw64,cbc,encrypt,1024,12,100,0.490600,0.004906000,199.054729
windows11-mingw64,cbc,encrypt,1024,13,100,0.542700,0.005427000,179.945181
windows11-mingw64,cbc,encrypt,1024,14,100,0.731600,0.007316000,133.483119
windows11-mingw64,cbc,encrypt,1024,15,100,0.524600,0.005246000,186.153736
windows11-mingw64,cbc,encrypt,1024,16,100,0.505400,0.005054000,193.225663
windows11-mingw64,cbc,encrypt,1024,17,100,0.506500,0.005065000,192.806022
windows11-mingw64,cbc,encrypt,1024,18,100,0.497100,0.004971000,196.451921
windows11-mingw64,cbc,encrypt,1024,19,100,0.493800,0.004938000,197.764783
windows11-mingw64,cbc,encrypt,1024,20,100,0.498000,0.004980000,196.096888
windows11-mingw64,cbc,encrypt,1024,21,100,0.504500,0.005045000,193.570367
windows11-mingw64,cbc,encrypt,1024,22,100,0.499000,0.004990000,195.703908
windows11-mingw64,cbc,encrypt,1024,23,100,0.491400,0.004914000,198.730667
windows11-mingw64,cbc,encrypt,1024,24,100,0.496600,0.004966000,196.649718
windows11-mingw64,cbc,encrypt,1024,25,100,0.494800,0.004948000,197.365097
windows11-mingw64,cbc,encrypt,1024,26,100,0.500300,0.005003000,195.195383
windows11-mingw64,cbc,encrypt,1024,27,100,0.781600,0.007816000,124.944025
windows11-mingw64,cbc,encrypt,1024,28,100,0.524400,0.005244000,186.224733
windows11-mingw64,cbc,encrypt,1024,29,100,0.605200,0.006052000,161.361946
windows11-mingw64,cbc,encrypt,1024,30,100,0.524700,0.005247000,186.118258
windows11-mingw64,cbc,decrypt,1024,1,100,0.361100,0.003611000,270.441014
windows11-mingw64,cbc,decrypt,1024,2,100,0.370300,0.003703000,263.721982
windows11-mingw64,cbc,decrypt,1024,3,100,0.353800,0.003538000,276.021057
windows11-mingw64,cbc,decrypt,1024,4,100,0.363100,0.003631000,268.951391
windows11-mingw64,cbc,decrypt,1024,5,100,0.356300,0.003563000,274.084339
windows11-mingw64,cbc,decrypt,1024,6,100,0.350000,0.003500000,279.017857
windows11-mingw64,cbc,decrypt,1024,7,100,0.375600,0.003756000,260.000666
windows11-mingw64,cbc,decrypt,1024,8,100,0.368300,0.003683000,265.154086
windows11-mingw64,cbc,decrypt,1024,9,100,0.397500,0.003975000,245.676101
windows11-mingw64,cbc,decrypt,1024,10,100,0.366500,0.003665000,266.456344
windows11-mingw64,cbc,decrypt,1024,11,100,0.350600,0.003506000,278.540359
windows11-mingw64,cbc,decrypt,1024,12,100,0.519100,0.005191000,188.126084
windows11-mingw64,cbc,decrypt,1024,13,100,0.555000,0.005550000,175.957207
windows11-mingw64,cbc,decrypt,1024,14,100,0.562700,0.005627000,173.549405
windows11-mingw64,cbc,decrypt,1024,15,100,0.374300,0.003743000,260.903687
windows11-mingw64,cbc,decrypt,1024,16,100,0.366600,0.003666000,266.383661
windows11-mingw64,cbc,decrypt,1024,17,100,0.356800,0.003568000,273.700252
windows11-mingw64,cbc,decrypt,1024,18,100,0.351500,0.003515000,277.827169
windows11-mingw64,cbc,decrypt,1024,19,100,0.358400,0.003584000,272.478376
windows11-mingw64,cbc,decrypt,1024,20,100,0.351000,0.003510000,278.222934
windows11-mingw64,cbc,decrypt,1024,21,100,0.348800,0.003488000,279.977781
windows11-mingw64,cbc,decrypt,1024,22,100,0.357400,0.003574000,273.240767
windows11-mingw64,cbc,decrypt,1024,23,100,0.348500,0.003485000,280.218795
windows11-mingw64,cbc,decrypt,1024,24,100,0.356200,0.003562000,274.161286
windows11-mingw64,cbc,decrypt,1024,25,100,0.353100,0.003531000,276.568253
windows11-mingw64,cbc,decrypt,1024,26,100,0.349600,0.003496000,279.337100
windows11-mingw64,cbc,decrypt,1024,27,100,0.355600,0.003556000,274.623875
windows11-mingw64,cbc,decrypt,1024,28,100,0.352100,0.003521000,277.353735
windows11-mingw64,cbc,decrypt,1024,29,100,0.379600,0.003796000,257.260933
windows11-mingw64,cbc,decrypt,1024,30,100,0.752800,0.007528000,129.724030
windows11-mingw64,cbc,encrypt,4096,1,100,1.099800,0.010998000,355.178214
windows11-mingw64,cbc,encrypt,4096,2,100,1.054800,0.010548000,370.330868
windows11-mingw64,cbc,encrypt,4096,3,100,1.037500,0.010375000,376.506024
windows11-mingw64,cbc,encrypt,4096,4,100,1.040300,0.010403000,375.492646
windows11-mingw64,cbc,encrypt,4096,5,100,1.032600,0.010326000,378.292659
windows11-mingw64,cbc,encrypt,4096,6,100,1.039400,0.010394000,375.817779
windows11-mingw64,cbc,encrypt,4096,7,100,1.372800,0.013728000,284.546183
windows11-mingw64,cbc,encrypt,4096,8,100,1.088400,0.010884000,358.898383
windows11-mingw64,cbc,encrypt,4096,9,100,1.040300,0.010403000,375.492646
windows11-mingw64,cbc,encrypt,4096,10,100,1.084800,0.010848000,360.089417
windows11-mingw64,cbc,encrypt,4096,11,100,1.050200,0.010502000,371.952961
windows11-mingw64,cbc,encrypt,4096,12,100,1.036100,0.010361000,377.014767
windows11-mingw64,cbc,encrypt,4096,13,100,1.370600,0.013706000,285.002918
windows11-mingw64,cbc,encrypt,4096,14,100,1.095400,0.010954000,356.604893
windows11-mingw64,cbc,encrypt,4096,15,100,1.051500,0.010515000,371.493105
windows11-mingw64,cbc,encrypt,4096,16,100,1.043800,0.010438000,374.233570
windows11-mingw64,cbc,encrypt,4096,17,100,1.036200,0.010362000,376.978383
windows11-mingw64,cbc,encrypt,4096,18,100,1.042000,0.010420000,374.880038
windows11-mingw64,cbc,encrypt,4096,19,100,1.374700,0.013747000,284.152906
windows11-mingw64,cbc,encrypt,4096,20,100,1.086400,0.010864000,359.559094
windows11-mingw64,cbc,encrypt,4096,21,100,1.058600,0.010586000,369.001511
windows11-mingw64,cbc,encrypt,4096,22,100,1.044000,0.010440000,374.161877
windows11-mingw64,cbc,encrypt,4096,23,100,1.067000,0.010670000,366.096532
windows11-mingw64,cbc,encrypt,4096,24,100,1.050500,0.010505000,371.846740
windows11-mingw64,cbc,encrypt,4096,25,100,1.332400,0.013324000,293.173972
windows11-mingw64,cbc,encrypt,4096,26,100,1.108000,0.011080000,352.549639
windows11-mingw64,cbc,encrypt,4096,27,100,1.066600,0.010666000,366.233827
windows11-mingw64,cbc,encrypt,4096,28,100,1.057900,0.010579000,369.245675
windows11-mingw64,cbc,encrypt,4096,29,100,1.046500,0.010465000,373.268036
windows11-mingw64,cbc,encrypt,4096,30,100,1.047100,0.010471000,373.054150
windows11-mingw64,cbc,decrypt,4096,1,100,0.428400,0.004284000,911.823063
windows11-mingw64,cbc,decrypt,4096,2,100,0.879600,0.008796000,444.093906
windows11-mingw64,cbc,decrypt,4096,3,100,0.544600,0.005446000,717.269556
windows11-mingw64,cbc,decrypt,4096,4,100,0.462500,0.004625000,844.594595
windows11-mingw64,cbc,decrypt,4096,5,100,0.454400,0.004544000,859.650088
windows11-mingw64,cbc,decrypt,4096,6,100,0.438200,0.004382000,891.430853
windows11-mingw64,cbc,decrypt,4096,7,100,0.432500,0.004325000,903.179191
windows11-mingw64,cbc,decrypt,4096,8,100,0.434800,0.004348000,898.401564
windows11-mingw64,cbc,decrypt,4096,9,100,0.441900,0.004419000,883.966961
windows11-mingw64,cbc,decrypt,4096,10,100,0.439200,0.004392000,889.401184
windows11-mingw64,cbc,decrypt,4096,11,100,0.432700,0.004327000,902.761729
windows11-mingw64,cbc,decrypt,4096,12,100,0.431900,0.004319000,904.433897
windows11-mingw64,cbc,decrypt,4096,13,100,0.432300,0.004323000,903.597039
windows11-mingw64,cbc,decrypt,4096,14,100,0.442600,0.004426000,882.568911
windows11-mingw64,cbc,decrypt,4096,15,100,0.437600,0.004376000,892.653108
windows11-mingw64,cbc,decrypt,4096,16,100,0.533500,0.005335000,732.193065
windows11-mingw64,cbc,decrypt,4096,17,100,0.722900,0.007229000,540.358279
windows11-mingw64,cbc,decrypt,4096,18,100,0.469600,0.004696000,831.824957
windows11-mingw64,cbc,decrypt,4096,19,100,0.464800,0.004648000,840.415232
windows11-mingw64,cbc,decrypt,4096,20,100,0.450000,0.004500000,868.055556
windows11-mingw64,cbc,decrypt,4096,21,100,0.464800,0.004648000,840.415232
windows11-mingw64,cbc,decrypt,4096,22,100,0.441900,0.004419000,883.966961
windows11-mingw64,cbc,decrypt,4096,23,100,0.449200,0.004492000,869.601514
windows11-mingw64,cbc,decrypt,4096,24,100,0.441600,0.004416000,884.567482
windows11-mingw64,cbc,decrypt,4096,25,100,0.431400,0.004314000,905.482151
windows11-mingw64,cbc,decrypt,4096,26,100,0.432900,0.004329000,902.344652
windows11-mingw64,cbc,decrypt,4096,27,100,0.430600,0.004306000,907.164422
windows11-mingw64,cbc,decrypt,4096,28,100,0.440300,0.004403000,887.179196
windows11-mingw64,cbc,decrypt,4096,29,100,0.434500,0.004345000,899.021864
windows11-mingw64,cbc,decrypt,4096,30,100,0.433100,0.004331000,901.927961
windows11-mingw64,cbc,encrypt,16384,1,100,4.207800,0.042078000,371.334189
windows11-mingw64,cbc,encrypt,16384,2,100,3.764400,0.037644000,415.072787
windows11-mingw64,cbc,encrypt,16384,3,100,3.402100,0.034021000,459.275154
windows11-mingw64,cbc,encrypt,16384,4,100,4.023100,0.040231000,388.382093
windows11-mingw64,cbc,encrypt,16384,5,100,3.381300,0.033813000,462.100376
windows11-mingw64,cbc,encrypt,16384,6,100,3.624700,0.036247000,431.070158
windows11-mingw64,cbc,encrypt,16384,7,100,3.388300,0.033883000,461.145707
windows11-mingw64,cbc,encrypt,16384,8,100,3.711400,0.037114000,421.000162
windows11-mingw64,cbc,encrypt,16384,9,100,3.377500,0.033775000,462.620281
windows11-mingw64,cbc,encrypt,16384,10,100,3.673900,0.036739000,425.297368
windows11-mingw64,cbc,encrypt,16384,11,100,3.401800,0.034018000,459.315656
windows11-mingw64,cbc,encrypt,16384,12,100,3.632000,0.036320000,430.203744
windows11-mingw64,cbc,encrypt,16384,13,100,3.423500,0.034235000,456.404265
windows11-mingw64,cbc,encrypt,16384,14,100,3.728500,0.037285000,419.069331
windows11-mingw64,cbc,encrypt,16384,15,100,3.394200,0.033942000,460.344116
windows11-mingw64,cbc,encrypt,16384,16,100,3.845400,0.038454000,406.329641
windows11-mingw64,cbc,encrypt,16384,17,100,3.440400,0.034404000,454.162307
windows11-mingw64,cbc,encrypt,16384,18,100,3.668300,0.036683000,425.946624
windows11-mingw64,cbc,encrypt,16384,19,100,3.420300,0.034203000,456.831272
windows11-mingw64,cbc,encrypt,16384,20,100,3.630100,0.036301000,430.428914
windows11-mingw64,cbc,encrypt,16384,21,100,3.426400,0.034264000,456.017978
windows11-mingw64,cbc,encrypt,16384,22,100,3.944000,0.039440000,396.171400
windows11-mingw64,cbc,encrypt,16384,23,100,3.391800,0.033918000,460.669851
windows11-mingw64,cbc,encrypt,16384,24,100,3.726000,0.037260000,419.350510
windows11-mingw64,cbc,encrypt,16384,25,100,3.445400,0.034454000,453.503222
windows11-mingw64,cbc,encrypt,16384,26,100,3.728500,0.037285000,419.069331
windows11-mingw64,cbc,encrypt,16384,27,100,3.398300,0.033983000,459.788718
windows11-mingw64,cbc,encrypt,16384,28,100,3.600200,0.036002000,434.003666
windows11-mingw64,cbc,encrypt,16384,29,100,3.501400,0.035014000,446.250071
windows11-mingw64,cbc,encrypt,16384,30,100,3.657600,0.036576000,427.192695
windows11-mingw64,cbc,decrypt,16384,1,100,0.905900,0.009059000,1724.804062
windows11-mingw64,cbc,decrypt,16384,2,100,0.901500,0.009015000,1733.222407
windows11-mingw64,cbc,decrypt,16384,3,100,0.892200,0.008922000,1751.288949
windows11-mingw64,cbc,decrypt,16384,4,100,1.248700,0.012487000,1251.301353
windows11-mingw64,cbc,decrypt,16384,5,100,0.958500,0.009585000,1630.151278
windows11-mingw64,cbc,decrypt,16384,6,100,0.901000,0.009010000,1734.184240
windows11-mingw64,cbc,decrypt,16384,7,100,0.899500,0.008995000,1737.076153
windows11-mingw64,cbc,decrypt,16384,8,100,0.893000,0.008930000,1749.720045
windows11-mingw64,cbc,decrypt,16384,9,100,0.895700,0.008957000,1744.445685
windows11-mingw64,cbc,decrypt,16384,10,100,0.891800,0.008918000,1752.074456
windows11-mingw64,cbc,decrypt,16384,11,100,1.278500,0.012785000,1222.135315
windows11-mingw64,cbc,decrypt,16384,12,100,0.945900,0.009459000,1651.865948
windows11-mingw64,cbc,decrypt,16384,13,100,0.900100,0.009001000,1735.918231
windows11-mingw64,cbc,decrypt,16384,14,100,0.900700,0.009007000,1734.761852
windows11-mingw64,cbc,decrypt,16384,15,100,0.890800,0.008908000,1754.041311
windows11-mingw64,cbc,decrypt,16384,16,100,0.921100,0.009211000,1696.341331
windows11-mingw64,cbc,decrypt,16384,17,100,0.906000,0.009060000,1724.613687
windows11-mingw64,cbc,decrypt,16384,18,100,1.213700,0.012137000,1287.385680
windows11-mingw64,cbc,decrypt,16384,19,100,1.232800,0.012328000,1267.439974
windows11-mingw64,cbc,decrypt,16384,20,100,0.929300,0.009293000,1681.373077
windows11-mingw64,cbc,decrypt,16384,21,100,0.911400,0.009114000,1714.395436
windows11-mingw64,cbc,decrypt,16384,22,100,0.905600,0.009056000,1725.375442
windows11-mingw64,cbc,decrypt,16384,23,100,0.900900,0.009009000,1734.376734
windows11-mingw64,cbc,decrypt,16384,24,100,0.912000,0.009120000,1713.267544
windows11-mingw64,cbc,decrypt,16384,25,100,1.175500,0.011755000,1329.221608
windows11-mingw64,cbc,decrypt,16384,26,100,1.115400,0.011154000,1400.842747
windows11-mingw64,cbc,decrypt,16384,27,100,0.909200,0.009092000,1718.543775
windows11-mingw64,cbc,decrypt,16384,28,100,0.907600,0.009076000,1721.573380
windows11-mingw64,cbc,decrypt,16384,29,100,0.917200,0.009172000,1703.554296
windows11-mingw64,cbc,decrypt,16384,30,100,0.909000,0.009090000,1718.921892
windows11-mingw64,cbc,encrypt,262144,1,100,50.669600,0.506696000,493.392488
windows11-mingw64,cbc,encrypt,262144,2,100,51.441100,0.514411000,485.992718
windows11-mingw64,cbc,encrypt,262144,3,100,51.462900,0.514629000,485.786848
windows11-mingw64,cbc,encrypt,262144,4,100,52.197200,0.521972000,478.952894
windows11-mingw64,cbc,encrypt,262144,5,100,51.759200,0.517592000,483.005920
windows11-mingw64,cbc,encrypt,262144,6,100,52.032800,0.520328000,480.466167
windows11-mingw64,cbc,encrypt,262144,7,100,50.310400,0.503104000,496.915151
windows11-mingw64,cbc,encrypt,262144,8,100,51.994300,0.519943000,480.821936
windows11-mingw64,cbc,encrypt,262144,9,100,50.871500,0.508715000,491.434300
windows11-mingw64,cbc,encrypt,262144,10,100,51.164000,0.511640000,488.624814
windows11-mingw64,cbc,encrypt,262144,11,100,50.934400,0.509344000,490.827417
windows11-mingw64,cbc,encrypt,262144,12,100,51.226200,0.512262000,488.031515
windows11-mingw64,cbc,encrypt,262144,13,100,50.692300,0.506923000,493.171547
windows11-mingw64,cbc,encrypt,262144,14,100,51.418700,0.514187000,486.204435
windows11-mingw64,cbc,encrypt,262144,15,100,50.828000,0.508280000,491.854883
windows11-mingw64,cbc,encrypt,262144,16,100,51.232800,0.512328000,487.968645
windows11-mingw64,cbc,encrypt,262144,17,100,51.073500,0.510735000,489.490636
windows11-mingw64,cbc,encrypt,262144,18,100,50.561700,0.505617000,494.445400
windows11-mingw64,cbc,encrypt,262144,19,100,50.673300,0.506733000,493.356462
windows11-mingw64,cbc,encrypt,262144,20,100,51.823700,0.518237000,482.404768
windows11-mingw64,cbc,encrypt,262144,21,100,51.402600,0.514026000,486.356721
windows11-mingw64,cbc,encrypt,262144,22,100,51.551500,0.515515000,484.951941
windows11-mingw64,cbc,encrypt,262144,23,100,51.485200,0.514852000,485.576438
windows11-mingw64,cbc,encrypt,262144,24,100,50.756800,0.507568000,492.544841
windows11-mingw64,cbc,encrypt,262144,25,100,51.700800,0.517008000,483.551512
windows11-mingw64,cbc,encrypt,262144,26,100,50.633200,0.506332000,493.747186
windows11-mingw64,cbc,encrypt,262144,27,100,52.104000,0.521040000,479.809612
windows11-mingw64,cbc,encrypt,262144,28,100,50.776000,0.507760000,492.358595
windows11-mingw64,cbc,encrypt,262144,29,100,50.825700,0.508257000,491.877141
windows11-mingw64,cbc,encrypt,262144,30,100,51.216400,0.512164000,488.124897
windows11-mingw64,cbc,decrypt,262144,1,100,10.934300,0.109343000,2286.383216
windows11-mingw64,cbc,decrypt,262144,2,100,10.627300,0.106273000,2352.431944
windows11-mingw64,cbc,decrypt,262144,3,100,10.623800,0.106238000,2353.206950
windows11-mingw64,cbc,decrypt,262144,4,100,10.969200,0.109692000,2279.108777
windows11-mingw64,cbc,decrypt,262144,5,100,10.618100,0.106181000,2354.470197
windows11-mingw64,cbc,decrypt,262144,6,100,11.841200,0.118412000,2111.272506
windows11-mingw64,cbc,decrypt,262144,7,100,10.651300,0.106513000,2347.131336
windows11-mingw64,cbc,decrypt,262144,8,100,10.508900,0.105089000,2378.935950
windows11-mingw64,cbc,decrypt,262144,9,100,10.887200,0.108872000,2296.274524
windows11-mingw64,cbc,decrypt,262144,10,100,10.261800,0.102618000,2436.219767
windows11-mingw64,cbc,decrypt,262144,11,100,10.420200,0.104202000,2399.186196
windows11-mingw64,cbc,decrypt,262144,12,100,10.095900,0.100959000,2476.252736
windows11-mingw64,cbc,decrypt,262144,13,100,11.456300,0.114563000,2182.205424
windows11-mingw64,cbc,decrypt,262144,14,100,10.546000,0.105460000,2370.567040
windows11-mingw64,cbc,decrypt,262144,15,100,11.598000,0.115980000,2155.544059
windows11-mingw64,cbc,decrypt,262144,16,100,10.466800,0.104668000,2388.504605
windows11-mingw64,cbc,decrypt,262144,17,100,10.474400,0.104744000,2386.771557
windows11-mingw64,cbc,decrypt,262144,18,100,10.958700,0.109587000,2281.292489
windows11-mingw64,cbc,decrypt,262144,19,100,10.496400,0.104964000,2381.768987
windows11-mingw64,cbc,decrypt,262144,20,100,10.347100,0.103471000,2416.135922
windows11-mingw64,cbc,decrypt,262144,21,100,10.651200,0.106512000,2347.153372
windows11-mingw64,cbc,decrypt,262144,22,100,11.487800,0.114878000,2176.221731
windows11-mingw64,cbc,decrypt,262144,23,100,10.511900,0.105119000,2378.257023
windows11-mingw64,cbc,decrypt,262144,24,100,10.891500,0.108915000,2295.367947
windows11-mingw64,cbc,decrypt,262144,25,100,10.237400,0.102374000,2442.026296
windows11-mingw64,cbc,decrypt,262144,26,100,10.969200,0.109692000,2279.108777
windows11-mingw64,cbc,decrypt,262144,27,100,10.340600,0.103406000,2417.654682
windows11-mingw64,cbc,decrypt,262144,28,100,11.638600,0.116386000,2148.024677
windows11-mingw64,cbc,decrypt,262144,29,100,10.933000,0.109330000,2286.655081
windows11-mingw64,cbc,decrypt,262144,30,100,10.225200,0.102252000,2444.939952
windows11-mingw64,cbc,encrypt,1048576,1,100,295.738800,2.957388000,338.136220
windows11-mingw64,cbc,encrypt,1048576,2,100,292.723200,2.927232000,341.619660
windows11-mingw64,cbc,encrypt,1048576,3,100,292.503600,2.925036000,341.876134
windows11-mingw64,cbc,encrypt,1048576,4,100,290.216200,2.902162000,344.570703
windows11-mingw64,cbc,encrypt,1048576,5,100,291.405800,2.914058000,343.164069
windows11-mingw64,cbc,encrypt,1048576,6,100,291.827100,2.918271000,342.668656
windows11-mingw64,cbc,encrypt,1048576,7,100,292.862700,2.928627000,341.456935
windows11-mingw64,cbc,encrypt,1048576,8,100,293.356700,2.933567000,340.881937
windows11-mingw64,cbc,encrypt,1048576,9,100,291.827100,2.918271000,342.668656
windows11-mingw64,cbc,encrypt,1048576,10,100,298.286900,2.982869000,335.247710
windows11-mingw64,cbc,encrypt,1048576,11,100,292.107100,2.921071000,342.340190
windows11-mingw64,cbc,encrypt,1048576,12,100,291.857100,2.918571000,342.633433
windows11-mingw64,cbc,encrypt,1048576,13,100,303.540800,3.035408000,329.445004
windows11-mingw64,cbc,encrypt,1048576,14,100,277.416800,2.774168000,360.468436
windows11-mingw64,cbc,encrypt,1048576,15,100,290.962900,2.909629000,343.686429
windows11-mingw64,cbc,encrypt,1048576,16,100,290.414600,2.904146000,344.335305
windows11-mingw64,cbc,encrypt,1048576,17,100,287.802900,2.878029000,347.460015
windows11-mingw64,cbc,encrypt,1048576,18,100,288.705300,2.887053000,346.373967
windows11-mingw64,cbc,encrypt,1048576,19,100,291.271100,2.912711000,343.322767
windows11-mingw64,cbc,encrypt,1048576,20,100,282.475200,2.824752000,354.013379
windows11-mingw64,cbc,encrypt,1048576,21,100,293.788900,2.937889000,340.380457
windows11-mingw64,cbc,encrypt,1048576,22,100,287.955100,2.879551000,347.276364
windows11-mingw64,cbc,encrypt,1048576,23,100,290.718300,2.907183000,343.975594
windows11-mingw64,cbc,encrypt,1048576,24,100,287.910400,2.879104000,347.330281
windows11-mingw64,cbc,encrypt,1048576,25,100,284.977700,2.849777000,350.904650
windows11-mingw64,cbc,encrypt,1048576,26,100,288.764800,2.887648000,346.302596
windows11-mingw64,cbc,encrypt,1048576,27,100,289.933500,2.899335000,344.906677
windows11-mingw64,cbc,encrypt,1048576,28,100,287.599600,2.875996000,347.705630
windows11-mingw64,cbc,encrypt,1048576,29,100,286.744500,2.867445000,348.742522
windows11-mingw64,cbc,encrypt,1048576,30,100,285.057800,2.850578000,350.806047
windows11-mingw64,cbc,decrypt,1048576,1,100,94.971000,0.949710000,1052.953007
windows11-mingw64,cbc,decrypt,1048576,2,100,96.740900,0.967409000,1033.688957
windows11-mingw64,cbc,decrypt,1048576,3,100,96.943200,0.969432000,1031.531866
windows11-mingw64,cbc,decrypt,1048576,4,100,97.175500,0.971755000,1029.065968
windows11-mingw64,cbc,decrypt,1048576,5,100,96.392600,0.963926000,1037.424035
windows11-mingw64,cbc,decrypt,1048576,6,100,96.230800,0.962308000,1039.168333
windows11-mingw64,cbc,decrypt,1048576,7,100,96.480800,0.964808000,1036.475651
windows11-mingw64,cbc,decrypt,1048576,8,100,98.323200,0.983232000,1017.053961
windows11-mingw64,cbc,decrypt,1048576,9,100,100.617300,1.006173000,993.864872
windows11-mingw64,cbc,decrypt,1048576,10,100,96.568500,0.965685000,1035.534362
windows11-mingw64,cbc,decrypt,1048576,11,100,98.034100,0.980341000,1020.053226
windows11-mingw64,cbc,decrypt,1048576,12,100,96.283600,0.962836000,1038.598474
windows11-mingw64,cbc,decrypt,1048576,13,100,98.404000,0.984040000,1016.218853
windows11-mingw64,cbc,decrypt,1048576,14,100,96.577500,0.965775000,1035.437861
windows11-mingw64,cbc,decrypt,1048576,15,100,97.286300,0.972863000,1027.893958
windows11-mingw64,cbc,decrypt,1048576,16,100,114.405000,1.144050000,874.087671
windows11-mingw64,cbc,decrypt,1048576,17,100,100.919500,1.009195000,990.888778
windows11-mingw64,cbc,decrypt,1048576,18,100,86.379600,0.863796000,1157.680749
windows11-mingw64,cbc,decrypt,1048576,19,100,92.259300,0.922593000,1083.901569
windows11-mingw64,cbc,decrypt,1048576,20,100,93.095800,0.930958000,1074.162315
windows11-mingw64,cbc,decrypt,1048576,21,100,93.358600,0.933586000,1071.138599
windows11-mingw64,cbc,decrypt,1048576,22,100,92.976100,0.929761000,1075.545221
windows11-mingw64,cbc,decrypt,1048576,23,100,93.157200,0.931572000,1073.454333
windows11-mingw64,cbc,decrypt,1048576,24,100,102.924200,1.029242000,971.588800
windows11-mingw64,cbc,decrypt,1048576,25,100,99.285800,0.992858000,1007.193375
windows11-mingw64,cbc,decrypt,1048576,26,100,99.138800,0.991388000,1008.686811
windows11-mingw64,cbc,decrypt,1048576,27,100,96.231900,0.962319000,1039.156454
windows11-mingw64,cbc,decrypt,1048576,28,100,96.782200,0.967822000,1033.247849
windows11-mingw64,cbc,decrypt,1048576,29,100,95.597100,0.955971000,1046.056836
windows11-mingw64,cbc,decrypt,1048576,30,100,96.192000,0.961920000,1039.587492
windows11-mingw64,cbc,encrypt,8388608,1,100,2424.913100,24.249131000,329.908730
windows11-mingw64,cbc,encrypt,8388608,2,100,2399.277400,23.992774000,333.433725
windows11-mingw64,cbc,encrypt,8388608,3,100,2437.962300,24.379623000,328.142892
windows11-mingw64,cbc,encrypt,8388608,4,100,2433.292600,24.332926000,328.772627
windows11-mingw64,cbc,encrypt,8388608,5,100,2428.366900,24.283669000,329.439509
windows11-mingw64,cbc,encrypt,8388608,6,100,2441.950100,24.419501000,327.607022
windows11-mingw64,cbc,encrypt,8388608,7,100,2384.464600,23.844646000,335.505086
windows11-mingw64,cbc,encrypt,8388608,8,100,2400.011900,24.000119000,333.331681
windows11-mingw64,cbc,encrypt,8388608,9,100,2405.925300,24.059253000,332.512402
windows11-mingw64,cbc,encrypt,8388608,10,100,2404.908900,24.049089000,332.652933
windows11-mingw64,cbc,encrypt,8388608,11,100,2409.356800,24.093568000,332.038825
windows11-mingw64,cbc,encrypt,8388608,12,100,2420.667100,24.206671000,330.487410
windows11-mingw64,cbc,encrypt,8388608,13,100,2398.936700,23.989367000,333.481079
windows11-mingw64,cbc,encrypt,8388608,14,100,2384.689800,23.846898000,335.473402
windows11-mingw64,cbc,encrypt,8388608,15,100,2411.165700,24.111657000,331.789723
windows11-mingw64,cbc,encrypt,8388608,16,100,2414.174600,24.141746000,331.376198
windows11-mingw64,cbc,encrypt,8388608,17,100,2415.017100,24.150171000,331.260594
windows11-mingw64,cbc,encrypt,8388608,18,100,2411.929100,24.119291000,331.684708
windows11-mingw64,cbc,encrypt,8388608,19,100,2399.650400,23.996504000,333.381896
windows11-mingw64,cbc,encrypt,8388608,20,100,2373.256100,23.732561000,337.089621
windows11-mingw64,cbc,encrypt,8388608,21,100,2401.555000,24.015550000,333.117501
windows11-mingw64,cbc,encrypt,8388608,22,100,2440.674500,24.406745000,327.778243
windows11-mingw64,cbc,encrypt,8388608,23,100,2423.505200,24.235052000,330.100385
windows11-mingw64,cbc,encrypt,8388608,24,100,2390.621100,23.906211000,334.641069
windows11-mingw64,cbc,encrypt,8388608,25,100,2388.207600,23.882076000,334.979254
windows11-mingw64,cbc,encrypt,8388608,26,100,2333.985800,23.339858000,342.761297
windows11-mingw64,cbc,encrypt,8388608,27,100,2339.779200,23.397792000,341.912604
windows11-mingw64,cbc,encrypt,8388608,28,100,2422.789600,24.227896000,330.197884
windows11-mingw64,cbc,encrypt,8388608,29,100,2449.925300,24.499253000,326.540568
windows11-mingw64,cbc,encrypt,8388608,30,100,2445.146800,24.451468000,327.178720
windows11-mingw64,cbc,decrypt,8388608,1,100,960.581200,9.605812000,832.829125
windows11-mingw64,cbc,decrypt,8388608,2,100,963.614900,9.636149000,830.207171
windows11-mingw64,cbc,decrypt,8388608,3,100,957.212600,9.572126000,835.759997
windows11-mingw64,cbc,decrypt,8388608,4,100,952.476800,9.524768000,839.915471
windows11-mingw64,cbc,decrypt,8388608,5,100,954.496500,9.544965000,838.138223
windows11-mingw64,cbc,decrypt,8388608,6,100,950.712300,9.507123000,841.474335
windows11-mingw64,cbc,decrypt,8388608,7,100,951.138300,9.511383000,841.097451
windows11-mingw64,cbc,decrypt,8388608,8,100,946.167000,9.461670000,845.516701
windows11-mingw64,cbc,decrypt,8388608,9,100,923.177400,9.231774000,866.572340
windows11-mingw64,cbc,decrypt,8388608,10,100,907.745900,9.077459000,881.303898
windows11-mingw64,cbc,decrypt,8388608,11,100,912.271500,9.122715000,876.931922
windows11-mingw64,cbc,decrypt,8388608,12,100,909.753000,9.097530000,879.359562
windows11-mingw64,cbc,decrypt,8388608,13,100,904.516100,9.045161000,884.450813
windows11-mingw64,cbc,decrypt,8388608,14,100,901.893700,9.018937000,887.022495
windows11-mingw64,cbc,decrypt,8388608,15,100,907.310100,9.073101000,881.727207
windows11-mingw64,cbc,decrypt,8388608,16,100,927.307200,9.273072000,862.713025
windows11-mingw64,cbc,decrypt,8388608,17,100,908.335000,9.083350000,880.732329
windows11-mingw64,cbc,decrypt,8388608,18,100,947.677700,9.476777000,844.168856
windows11-mingw64,cbc,decrypt,8388608,19,100,922.313000,9.223130000,867.384500
windows11-mingw64,cbc,decrypt,8388608,20,100,920.616300,9.206163000,868.983093
windows11-mingw64,cbc,decrypt,8388608,21,100,928.268600,9.282686000,861.819521
windows11-mingw64,cbc,decrypt,8388608,22,100,934.491700,9.344917000,856.080370
windows11-mingw64,cbc,decrypt,8388608,23,100,937.755500,9.377555000,853.100835
windows11-mingw64,cbc,decrypt,8388608,24,100,945.912800,9.459128000,845.743921
windows11-mingw64,cbc,decrypt,8388608,25,100,944.928700,9.449287000,846.624724
windows11-mingw64,cbc,decrypt,8388608,26,100,944.231300,9.442313000,847.250033
windows11-mingw64,cbc,decrypt,8388608,27,100,940.106800,9.401068000,850.967145
windows11-mingw64,cbc,decrypt,8388608,28,100,952.342000,9.523420000,840.034357
windows11-mingw64,cbc,decrypt,8388608,29,100,946.269300,9.462693000,845.425293
windows11-mingw64,cbc,decrypt,8388608,30,100,959.570500,9.595705000,833.706330
windows11-mingw64,cfb,encrypt,1024,1,100,0.532900,0.005329000,183.254363
windows11-mingw64,cfb,encrypt,1024,2,100,0.484100,0.004841000,201.727432
windows11-mingw64,cfb,encrypt,1024,3,100,0.472300,0.004723000,206.767415
windows11-mingw64,cfb,encrypt,1024,4,100,0.471700,0.004717000,207.030422
windows11-mingw64,cfb,encrypt,1024,5,100,0.485700,0.004857000,201.062899
windows11-mingw64,cfb,encrypt,1024,6,100,0.481000,0.004810000,203.027547
windows11-mingw64,cfb,encrypt,1024,7,100,0.471700,0.004717000,207.030422
windows11-mingw64,cfb,encrypt,1024,8,100,0.468900,0.004689000,208.266688
windows11-mingw64,cfb,encrypt,1024,9,100,0.469700,0.004697000,207.911965
windows11-mingw64,cfb,encrypt,1024,10,100,0.499200,0.004992000,195.625501
windows11-mingw64,cfb,encrypt,1024,11,100,0.477400,0.004774000,204.558546
windows11-mingw64,cfb,encrypt,1024,12,100,0.538100,0.005381000,181.483460
windows11-mingw64,cfb,encrypt,1024,13,100,0.870700,0.008707000,112.158321
windows11-mingw64,cfb,encrypt,1024,14,100,0.510300,0.005103000,191.370272
windows11-mingw64,cfb,encrypt,1024,15,100,0.502900,0.005029000,194.186220
windows11-mingw64,cfb,encrypt,1024,16,100,0.482400,0.004824000,202.438329
windows11-mingw64,cfb,encrypt,1024,17,100,0.522000,0.005220000,187.080939
windows11-mingw64,cfb,encrypt,1024,18,100,0.506100,0.005061000,192.958407
windows11-mingw64,cfb,encrypt,1024,19,100,0.502400,0.005024000,194.379479
windows11-mingw64,cfb,encrypt,1024,20,100,0.477100,0.004771000,204.687173
windows11-mingw64,cfb,encrypt,1024,21,100,0.472900,0.004729000,206.505075
windows11-mingw64,cfb,encrypt,1024,22,100,0.470400,0.004704000,207.602572
windows11-mingw64,cfb,encrypt,1024,23,100,0.480200,0.004802000,203.365785
windows11-mingw64,cfb,encrypt,1024,24,100,0.477500,0.004775000,204.515707
windows11-mingw64,cfb,encrypt,1024,25,100,0.472300,0.004723000,206.767415
windows11-mingw64,cfb,encrypt,1024,26,100,0.895900,0.008959000,109.003516
windows11-mingw64,cfb,encrypt,1024,27,100,0.520300,0.005203000,187.692197
windows11-mingw64,cfb,encrypt,1024,28,100,0.487200,0.004872000,200.443863
windows11-mingw64,cfb,encrypt,1024,29,100,0.497900,0.004979000,196.136272
windows11-mingw64,cfb,encrypt,1024,30,100,0.474400,0.004744000,205.852129
windows11-mingw64,cfb,decrypt,1024,1,100,0.358300,0.003583000,272.554424
windows11-mingw64,cfb,decrypt,1024,2,100,0.385700,0.003857000,253.192248
windows11-mingw64,cfb,decrypt,1024,3,100,0.535000,0.005350000,182.535047
windows11-mingw64,cfb,decrypt,1024,4,100,0.464000,0.004640000,210.466056
windows11-mingw64,cfb,decrypt,1024,5,100,0.432500,0.004325000,225.794798
windows11-mingw64,cfb,decrypt,1024,6,100,0.466100,0.004661000,209.517807
windows11-mingw64,cfb,decrypt,1024,7,100,0.472700,0.004727000,206.592448
windows11-mingw64,cfb,decrypt,1024,8,100,0.399400,0.003994000,244.507386
windows11-mingw64,cfb,decrypt,1024,9,100,0.588800,0.005888000,165.856403
windows11-mingw64,cfb,decrypt,1024,10,100,0.929300,0.009293000,105.085817
windows11-mingw64,cfb,decrypt,1024,11,100,0.592900,0.005929000,164.709479
windows11-mingw64,cfb,decrypt,1024,12,100,0.403400,0.004034000,242.082920
windows11-mingw64,cfb,decrypt,1024,13,100,0.452900,0.004529000,215.624310
windows11-mingw64,cfb,decrypt,1024,14,100,0.373100,0.003731000,261.742830
windows11-mingw64,cfb,decrypt,1024,15,100,0.360800,0.003608000,270.665881
windows11-mingw64,cfb,decrypt,1024,16,100,0.369600,0.003696000,264.221456
windows11-mingw64,cfb,decrypt,1024,17,100,0.358500,0.003585000,272.402371
windows11-mingw64,cfb,decrypt,1024,18,100,0.363700,0.003637000,268.507699
windows11-mingw64,cfb,decrypt,1024,19,100,0.359600,0.003596000,271.569105
windows11-mingw64,cfb,decrypt,1024,20,100,0.354900,0.003549000,275.165540
windows11-mingw64,cfb,decrypt,1024,21,100,0.362300,0.003623000,269.545266
windows11-mingw64,cfb,decrypt,1024,22,100,0.357300,0.003573000,273.317240
windows11-mingw64,cfb,decrypt,1024,23,100,0.356000,0.003560000,274.315309
windows11-mingw64,cfb,decrypt,1024,24,100,0.374000,0.003740000,261.112968
windows11-mingw64,cfb,decrypt,1024,25,100,0.359100,0.003591000,271.947229
windows11-mingw64,cfb,decrypt,1024,26,100,0.397400,0.003974000,245.737921
windows11-mingw64,cfb,decrypt,1024,27,100,0.634400,0.006344000,153.934820
windows11-mingw64,cfb,decrypt,1024,28,100,0.761500,0.007615000,128.241957
windows11-mingw64,cfb,decrypt,1024,29,100,0.365700,0.003657000,267.039240
windows11-mingw64,cfb,decrypt,1024,30,100,0.409900,0.004099000,238.244084
windows11-mingw64,cfb,encrypt,4096,1,100,1.006600,0.010066000,388.063779
windows11-mingw64,cfb,encrypt,4096,2,100,1.029100,0.010291000,379.579244
windows11-mingw64,cfb,encrypt,4096,3,100,1.016700,0.010167000,384.208714
windows11-mingw64,cfb,encrypt,4096,4,100,1.018200,0.010182000,383.642703
windows11-mingw64,cfb,encrypt,4096,5,100,1.155800,0.011558000,337.969372
windows11-mingw64,cfb,encrypt,4096,6,100,1.266000,0.012660000,308.550553
windows11-mingw64,cfb,encrypt,4096,7,100,1.047500,0.010475000,372.911695
windows11-mingw64,cfb,encrypt,4096,8,100,1.036700,0.010367000,376.796566
windows11-mingw64,cfb,encrypt,4096,9,100,1.040300,0.010403000,375.492646
windows11-mingw64,cfb,encrypt,4096,10,100,1.042600,0.010426000,374.664301
windows11-mingw64,cfb,encrypt,4096,11,100,1.029600,0.010296000,379.394911
windows11-mingw64,cfb,encrypt,4096,12,100,1.679900,0.016799000,232.528722
windows11-mingw64,cfb,encrypt,4096,13,100,1.180200,0.011802000,330.982037
windows11-mingw64,cfb,encrypt,4096,14,100,1.064800,0.010648000,366.852930
windows11-mingw64,cfb,encrypt,4096,15,100,1.017900,0.010179000,383.755772
windows11-mingw64,cfb,encrypt,4096,16,100,1.032700,0.010327000,378.256028
windows11-mingw64,cfb,encrypt,4096,17,100,1.185200,0.011852000,329.585724
windows11-mingw64,cfb,encrypt,4096,18,100,1.263500,0.012635000,309.161061
windows11-mingw64,cfb,encrypt,4096,19,100,1.052300,0.010523000,371.210681
windows11-mingw64,cfb,encrypt,4096,20,100,1.030100,0.010301000,379.210756
windows11-mingw64,cfb,encrypt,4096,21,100,1.012800,0.010128000,385.688191
windows11-mingw64,cfb,encrypt,4096,22,100,1.018300,0.010183000,383.605028
windows11-mingw64,cfb,encrypt,4096,23,100,1.013200,0.010132000,385.535926
windows11-mingw64,cfb,encrypt,4096,24,100,1.460100,0.014601000,267.533046
windows11-mingw64,cfb,encrypt,4096,25,100,1.068500,0.010685000,365.582592
windows11-mingw64,cfb,encrypt,4096,26,100,1.021900,0.010219000,382.253645
windows11-mingw64,cfb,encrypt,4096,27,100,1.018800,0.010188000,383.416765
windows11-mingw64,cfb,encrypt,4096,28,100,1.012300,0.010123000,385.878692
windows11-mingw64,cfb,encrypt,4096,29,100,1.049000,0.010490000,372.378456
windows11-mingw64,cfb,encrypt,4096,30,100,1.540600,0.015406000,253.553810
windows11-mingw64,cfb,decrypt,4096,1,100,0.518000,0.005180000,754.102317
windows11-mingw64,cfb,decrypt,4096,2,100,0.540700,0.005407000,722.443129
windows11-mingw64,cfb,decrypt,4096,3,100,0.521100,0.005211000,749.616197
windows11-mingw64,cfb,decrypt,4096,4,100,0.543100,0.005431000,719.250598
windows11-mingw64,cfb,decrypt,4096,5,100,0.523100,0.005231000,746.750143
windows11-mingw64,cfb,decrypt,4096,6,100,0.529700,0.005297000,737.445724
windows11-mingw64,cfb,decrypt,4096,7,100,0.510400,0.005104000,765.331113
windows11-mingw64,cfb,decrypt,4096,8,100,0.511000,0.005110000,764.432485
windows11-mingw64,cfb,decrypt,4096,9,100,0.524000,0.005240000,745.467557
windows11-mingw64,cfb,decrypt,4096,10,100,0.516000,0.005160000,757.025194
windows11-mingw64,cfb,decrypt,4096,11,100,0.509800,0.005098000,766.231856
windows11-mingw64,cfb,decrypt,4096,12,100,0.698400,0.006984000,559.314147
windows11-mingw64,cfb,decrypt,4096,13,100,0.839100,0.008391000,465.528542
windows11-mingw64,cfb,decrypt,4096,14,100,0.664200,0.006642000,588.113520
windows11-mingw64,cfb,decrypt,4096,15,100,0.521000,0.005210000,749.760077
windows11-mingw64,cfb,decrypt,4096,16,100,0.524800,0.005248000,744.331174
windows11-mingw64,cfb,decrypt,4096,17,100,0.515600,0.005156000,757.612490
windows11-mingw64,cfb,decrypt,4096,18,100,0.521600,0.005216000,748.897623
windows11-mingw64,cfb,decrypt,4096,19,100,0.518500,0.005185000,753.375121
windows11-mingw64,cfb,decrypt,4096,20,100,0.515800,0.005158000,757.318728
windows11-mingw64,cfb,decrypt,4096,21,100,0.519500,0.005195000,751.924928
windows11-mingw64,cfb,decrypt,4096,22,100,0.517600,0.005176000,754.685085
windows11-mingw64,cfb,decrypt,4096,23,100,0.512900,0.005129000,761.600702
windows11-mingw64,cfb,decrypt,4096,24,100,0.516400,0.005164000,756.438807
windows11-mingw64,cfb,decrypt,4096,25,100,0.997900,0.009979000,391.447039
windows11-mingw64,cfb,decrypt,4096,26,100,0.549300,0.005493000,711.132350
windows11-mingw64,cfb,decrypt,4096,27,100,0.550000,0.005500000,710.227273
windows11-mingw64,cfb,decrypt,4096,28,100,0.520000,0.005200000,751.201923
windows11-mingw64,cfb,decrypt,4096,29,100,0.513100,0.005131000,761.303839
windows11-mingw64,cfb,decrypt,4096,30,100,0.549600,0.005496000,710.744178
windows11-mingw64,cfb,encrypt,16384,1,100,3.749900,0.037499000,416.677778
windows11-mingw64,cfb,encrypt,16384,2,100,4.844100,0.048441000,322.557338
windows11-mingw64,cfb,encrypt,16384,3,100,4.082900,0.040829000,382.693674
windows11-mingw64,cfb,encrypt,16384,4,100,3.851800,0.038518000,405.654499
windows11-mingw64,cfb,encrypt,16384,5,100,3.943000,0.039430000,396.271874
windows11-mingw64,cfb,encrypt,16384,6,100,3.480300,0.034803000,448.955550
windows11-mingw64,cfb,encrypt,16384,7,100,3.907100,0.039071000,399.912979
windows11-mingw64,cfb,encrypt,16384,8,100,3.461100,0.034611000,451.446072
windows11-mingw64,cfb,encrypt,16384,9,100,3.523700,0.035237000,443.425944
windows11-mingw64,cfb,encrypt,16384,10,100,3.420800,0.034208000,456.764500
windows11-mingw64,cfb,encrypt,16384,11,100,3.709300,0.037093000,421.238509
windows11-mingw64,cfb,encrypt,16384,12,100,3.815400,0.038154000,409.524558
windows11-mingw64,cfb,encrypt,16384,13,100,3.877400,0.038774000,402.976221
windows11-mingw64,cfb,encrypt,16384,14,100,3.764500,0.037645000,415.061761
windows11-mingw64,cfb,encrypt,16384,15,100,3.454600,0.034546000,452.295490
windows11-mingw64,cfb,encrypt,16384,16,100,3.454900,0.034549000,452.256216
windows11-mingw64,cfb,encrypt,16384,17,100,3.451500,0.034515000,452.701724
windows11-mingw64,cfb,encrypt,16384,18,100,3.584300,0.035843000,435.928912
windows11-mingw64,cfb,encrypt,16384,19,100,3.407400,0.034074000,458.560779
windows11-mingw64,cfb,encrypt,16384,20,100,3.340200,0.033402000,467.786360
windows11-mingw64,cfb,encrypt,16384,21,100,3.319500,0.033195000,470.703419
windows11-mingw64,cfb,encrypt,16384,22,100,3.350500,0.033505000,466.348306
windows11-mingw64,cfb,encrypt,16384,23,100,3.286500,0.032865000,475.429789
windows11-mingw64,cfb,encrypt,16384,24,100,3.281300,0.032813000,476.183220
windows11-mingw64,cfb,encrypt,16384,25,100,3.274900,0.032749000,477.113805
windows11-mingw64,cfb,encrypt,16384,26,100,3.314000,0.033140000,471.484611
windows11-mingw64,cfb,encrypt,16384,27,100,3.310400,0.033104000,471.997342
windows11-mingw64,cfb,encrypt,16384,28,100,3.283300,0.032833000,475.893156
windows11-mingw64,cfb,encrypt,16384,29,100,3.272200,0.032722000,477.507487
windows11-mingw64,cfb,encrypt,16384,30,100,3.272300,0.032723000,477.492895
windows11-mingw64,cfb,decrypt,16384,1,100,1.464000,0.014640000,1067.281421
windows11-mingw64,cfb,decrypt,16384,2,100,1.303600,0.013036000,1198.603866
windows11-mingw64,cfb,decrypt,16384,3,100,1.254800,0.012548000,1245.218361
windows11-mingw64,cfb,decrypt,16384,4,100,1.300300,0.013003000,1201.645774
windows11-mingw64,cfb,decrypt,16384,5,100,1.264900,0.012649000,1235.275516
windows11-mingw64,cfb,decrypt,16384,6,100,1.698600,0.016986000,919.875191
windows11-mingw64,cfb,decrypt,16384,7,100,1.309500,0.013095000,1193.203513
windows11-mingw64,cfb,decrypt,16384,8,100,1.263000,0.012630000,1237.133808
windows11-mingw64,cfb,decrypt,16384,9,100,1.250000,0.012500000,1250.000000
windows11-mingw64,cfb,decrypt,16384,10,100,1.255600,0.012556000,1244.424976
windows11-mingw64,cfb,decrypt,16384,11,100,1.580100,0.015801000,988.861464
windows11-mingw64,cfb,decrypt,16384,12,100,1.310500,0.013105000,1192.293018
windows11-mingw64,cfb,decrypt,16384,13,100,1.257900,0.012579000,1242.149614
windows11-mingw64,cfb,decrypt,16384,14,100,1.263900,0.012639000,1236.252868
windows11-mingw64,cfb,decrypt,16384,15,100,1.290800,0.012908000,1210.489619
windows11-mingw64,cfb,decrypt,16384,16,100,1.682500,0.016825000,928.677563
windows11-mingw64,cfb,decrypt,16384,17,100,1.661900,0.016619000,940.188940
windows11-mingw64,cfb,decrypt,16384,18,100,1.322400,0.013224000,1181.563823
windows11-mingw64,cfb,decrypt,16384,19,100,1.295200,0.012952000,1206.377393
windows11-mingw64,cfb,decrypt,16384,20,100,1.265900,0.012659000,1234.299708
windows11-mingw64,cfb,decrypt,16384,21,100,1.630000,0.016300000,958.588957
windows11-mingw64,cfb,decrypt,16384,22,100,1.362800,0.013628000,1146.536542
windows11-mingw64,cfb,decrypt,16384,23,100,1.271700,0.012717000,1228.670284
windows11-mingw64,cfb,decrypt,16384,24,100,1.254100,0.012541000,1245.913404
windows11-mingw64,cfb,decrypt,16384,25,100,1.266100,0.012661000,1234.104731
windows11-mingw64,cfb,decrypt,16384,26,100,1.747700,0.017477000,894.032157
windows11-mingw64,cfb,decrypt,16384,27,100,1.321000,0.013210000,1182.816048
windows11-mingw64,cfb,decrypt,16384,28,100,1.314000,0.013140000,1189.117199
windows11-mingw64,cfb,decrypt,16384,29,100,1.254700,0.012547000,1245.317606
windows11-mingw64,cfb,decrypt,16384,30,100,1.255300,0.012553000,1244.722377
windows11-mingw64,cfb,encrypt,262144,1,100,50.242300,0.502423000,497.588685
windows11-mingw64,cfb,encrypt,262144,2,100,50.864800,0.508648000,491.499033
windows11-mingw64,cfb,encrypt,262144,3,100,49.911900,0.499119000,500.882555
windows11-mingw64,cfb,encrypt,262144,4,100,49.751500,0.497515000,502.497412
windows11-mingw64,cfb,encrypt,262144,5,100,52.359300,0.523593000,477.470096
windows11-mingw64,cfb,encrypt,262144,6,100,50.970200,0.509702000,490.482674
windows11-mingw64,cfb,encrypt,262144,7,100,50.342700,0.503427000,496.596329
windows11-mingw64,cfb,encrypt,262144,8,100,51.250600,0.512506000,487.799167
windows11-mingw64,cfb,encrypt,262144,9,100,50.781600,0.507816000,492.304299
windows11-mingw64,cfb,encrypt,262144,10,100,49.433600,0.494336000,505.728897
windows11-mingw64,cfb,encrypt,262144,11,100,51.258100,0.512581000,487.727793
windows11-mingw64,cfb,encrypt,262144,12,100,51.084200,0.510842000,489.388108
windows11-mingw64,cfb,encrypt,262144,13,100,54.428600,0.544286000,459.317344
windows11-mingw64,cfb,encrypt,262144,14,100,49.907600,0.499076000,500.925711
windows11-mingw64,cfb,encrypt,262144,15,100,48.967000,0.489670000,510.547920
windows11-mingw64,cfb,encrypt,262144,16,100,49.365700,0.493657000,506.424501
windows11-mingw64,cfb,encrypt,262144,17,100,49.659000,0.496590000,503.433416
windows11-mingw64,cfb,encrypt,262144,18,100,50.160800,0.501608000,498.397155
windows11-mingw64,cfb,encrypt,262144,19,100,51.339500,0.513395000,486.954489
windows11-mingw64,cfb,encrypt,262144,20,100,50.806600,0.508066000,492.062055
windows11-mingw64,cfb,encrypt,262144,21,100,50.691700,0.506917000,493.177384
windows11-mingw64,cfb,encrypt,262144,22,100,51.094100,0.510941000,489.293284
windows11-mingw64,cfb,encrypt,262144,23,100,50.519900,0.505199000,494.854503
windows11-mingw64,cfb,encrypt,262144,24,100,51.168700,0.511687000,488.579933
windows11-mingw64,cfb,encrypt,262144,25,100,50.151100,0.501511000,498.493552
windows11-mingw64,cfb,encrypt,262144,26,100,51.200800,0.512008000,488.273621
windows11-mingw64,cfb,encrypt,262144,27,100,50.597200,0.505972000,494.098488
windows11-mingw64,cfb,encrypt,262144,28,100,55.595200,0.555952000,449.679109
windows11-mingw64,cfb,encrypt,262144,29,100,49.381800,0.493818000,506.259391
windows11-mingw64,cfb,encrypt,262144,30,100,48.554500,0.485545000,514.885335
windows11-mingw64,cfb,decrypt,262144,1,100,17.619100,0.176191000,1418.914701
windows11-mingw64,cfb,decrypt,262144,2,100,17.965300,0.179653000,1391.571530
windows11-mingw64,cfb,decrypt,262144,3,100,16.908300,0.169083000,1478.563782
windows11-mingw64,cfb,decrypt,262144,4,100,17.616700,0.176167000,1419.108005
windows11-mingw64,cfb,decrypt,262144,5,100,16.890400,0.168904000,1480.130725
windows11-mingw64,cfb,decrypt,262144,6,100,18.151900,0.181519000,1377.266292
windows11-mingw64,cfb,decrypt,262144,7,100,16.917700,0.169177000,1477.742246
windows11-mingw64,cfb,decrypt,262144,8,100,17.930200,0.179302000,1394.295658
windows11-mingw64,cfb,decrypt,262144,9,100,18.254400,0.182544000,1369.532825
windows11-mingw64,cfb,decrypt,262144,10,100,17.559800,0.175598000,1423.706420
windows11-mingw64,cfb,decrypt,262144,11,100,17.177300,0.171773000,1455.409174
windows11-mingw64,cfb,decrypt,262144,12,100,19.465600,0.194656000,1284.316949
windows11-mingw64,cfb,decrypt,262144,13,100,18.497600,0.184976000,1351.526685
windows11-mingw64,cfb,decrypt,262144,14,100,16.816600,0.168166000,1486.626310
windows11-mingw64,cfb,decrypt,262144,15,100,17.404200,0.174042000,1436.434884
windows11-mingw64,cfb,decrypt,262144,16,100,18.136200,0.181362000,1378.458553
windows11-mingw64,cfb,decrypt,262144,17,100,17.391800,0.173918000,1437.459032
windows11-mingw64,cfb,decrypt,262144,18,100,17.175300,0.171753000,1455.578651
windows11-mingw64,cfb,decrypt,262144,19,100,17.750600,0.177506000,1408.403096
windows11-mingw64,cfb,decrypt,262144,20,100,17.135600,0.171356000,1458.950956
windows11-mingw64,cfb,decrypt,262144,21,100,18.504900,0.185049000,1350.993521
windows11-mingw64,cfb,decrypt,262144,22,100,17.549300,0.175493000,1424.558244
windows11-mingw64,cfb,decrypt,262144,23,100,17.502400,0.175024000,1428.375537
windows11-mingw64,cfb,decrypt,262144,24,100,17.664200,0.176642000,1415.291946
windows11-mingw64,cfb,decrypt,262144,25,100,17.129000,0.171290000,1459.513106
windows11-mingw64,cfb,decrypt,262144,26,100,18.507300,0.185073000,1350.818326
windows11-mingw64,cfb,decrypt,262144,27,100,16.988300,0.169883000,1471.601043
windows11-mingw64,cfb,decrypt,262144,28,100,17.578400,0.175784000,1422.199973
windows11-mingw64,cfb,decrypt,262144,29,100,17.183100,0.171831000,1454.917914
windows11-mingw64,cfb,decrypt,262144,30,100,18.553600,0.185536000,1347.447396
windows11-mingw64,cfb,encrypt,1048576,1,100,279.700300,2.797003000,357.525537
windows11-mingw64,cfb,encrypt,1048576,2,100,260.945700,2.609457000,383.221490
windows11-mingw64,cfb,encrypt,1048576,3,100,262.709900,2.627099000,380.648008
windows11-mingw64,cfb,encrypt,1048576,4,100,262.711500,2.627115000,380.645689
windows11-mingw64,cfb,encrypt,1048576,5,100,264.567100,2.645671000,377.975946
windows11-mingw64,cfb,encrypt,1048576,6,100,269.308500,2.693085000,371.321366
windows11-mingw64,cfb,encrypt,1048576,7,100,266.946400,2.669464000,374.607037
windows11-mingw64,cfb,encrypt,1048576,8,100,270.017200,2.700172000,370.346778
windows11-mingw64,cfb,encrypt,1048576,9,100,269.712500,2.697125000,370.765167
windows11-mingw64,cfb,encrypt,1048576,10,100,271.593900,2.715939000,368.196782
windows11-mingw64,cfb,encrypt,1048576,11,100,270.484500,2.704845000,369.706952
windows11-mingw64,cfb,encrypt,1048576,12,100,270.588400,2.705884000,369.564992
windows11-mingw64,cfb,encrypt,1048576,13,100,293.909100,2.939091000,340.241251
windows11-mingw64,cfb,encrypt,1048576,14,100,302.726500,3.027265000,330.331174
windows11-mingw64,cfb,encrypt,1048576,15,100,269.812300,2.698123000,370.628025
windows11-mingw64,cfb,encrypt,1048576,16,100,265.976400,2.659764000,375.973207
windows11-mingw64,cfb,encrypt,1048576,17,100,262.484100,2.624841000,380.975457
windows11-mingw64,cfb,encrypt,1048576,18,100,259.705700,2.597057000,385.051233
windows11-mingw64,cfb,encrypt,1048576,19,100,259.409800,2.594098000,385.490448
windows11-mingw64,cfb,encrypt,1048576,20,100,255.091500,2.550915000,392.016198
windows11-mingw64,cfb,encrypt,1048576,21,100,255.790200,2.557902000,390.945392
windows11-mingw64,cfb,encrypt,1048576,22,100,304.214100,3.042141000,328.715862
windows11-mingw64,cfb,encrypt,1048576,23,100,265.701700,2.657017000,376.361913
windows11-mingw64,cfb,encrypt,1048576,24,100,269.813400,2.698134000,370.626514
windows11-mingw64,cfb,encrypt,1048576,25,100,269.770600,2.697706000,370.685316
windows11-mingw64,cfb,encrypt,1048576,26,100,268.350600,2.683506000,372.646828
windows11-mingw64,cfb,encrypt,1048576,27,100,266.913900,2.669139000,374.652650
windows11-mingw64,cfb,encrypt,1048576,28,100,267.148600,2.671486000,374.323504
windows11-mingw64,cfb,encrypt,1048576,29,100,270.198800,2.701988000,370.097869
windows11-mingw64,cfb,encrypt,1048576,30,100,271.968800,2.719688000,367.689235
windows11-mingw64,cfb,decrypt,1048576,1,100,123.068700,1.230687000,812.554289
windows11-mingw64,cfb,decrypt,1048576,2,100,135.724900,1.357249000,736.784481
windows11-mingw64,cfb,decrypt,1048576,3,100,124.197100,1.241971000,805.171779
windows11-mingw64,cfb,decrypt,1048576,4,100,121.787400,1.217874000,821.103004
windows11-mingw64,cfb,decrypt,1048576,5,100,127.166600,1.271666000,786.370006
windows11-mingw64,cfb,decrypt,1048576,6,100,132.294100,1.322941000,755.891608
windows11-mingw64,cfb,decrypt,1048576,7,100,125.873700,1.258737000,794.447132
windows11-mingw64,cfb,decrypt,1048576,8,100,132.150200,1.321502000,756.714708
windows11-mingw64,cfb,decrypt,1048576,9,100,127.123300,1.271233000,786.637855
windows11-mingw64,cfb,decrypt,1048576,10,100,135.089900,1.350899000,740.247791
windows11-mingw64,cfb,decrypt,1048576,11,100,126.918900,1.269189000,787.904717
windows11-mingw64,cfb,decrypt,1048576,12,100,147.043600,1.470436000,680.070401
windows11-mingw64,cfb,decrypt,1048576,13,100,119.844800,1.198448000,834.412507
windows11-mingw64,cfb,decrypt,1048576,14,100,132.376800,1.323768000,755.419379
windows11-mingw64,cfb,decrypt,1048576,15,100,162.629900,1.626299000,614.893079
windows11-mingw64,cfb,decrypt,1048576,16,100,166.281600,1.662816000,601.389450
windows11-mingw64,cfb,decrypt,1048576,17,100,135.991900,1.359919000,735.337914
windows11-mingw64,cfb,decrypt,1048576,18,100,144.509700,1.445097000,691.995070
windows11-mingw64,cfb,decrypt,1048576,19,100,156.127300,1.561273000,640.502974
windows11-mingw64,cfb,decrypt,1048576,20,100,144.611600,1.446116000,691.507459
windows11-mingw64,cfb,decrypt,1048576,21,100,138.150600,1.381506000,723.847743
windows11-mingw64,cfb,decrypt,1048576,22,100,137.300000,1.373000000,728.332119
windows11-mingw64,cfb,decrypt,1048576,23,100,137.894700,1.378947000,725.191033
windows11-mingw64,cfb,decrypt,1048576,24,100,155.328800,1.553288000,643.795613
windows11-mingw64,cfb,decrypt,1048576,25,100,135.114800,1.351148000,740.111372
windows11-mingw64,cfb,decrypt,1048576,26,100,139.839400,1.398394000,715.106043
windows11-mingw64,cfb,decrypt,1048576,27,100,141.735700,1.417357000,705.538548
windows11-mingw64,cfb,decrypt,1048576,28,100,139.506400,1.395064000,716.812992
windows11-mingw64,cfb,decrypt,1048576,29,100,136.004300,1.360043000,735.270870
windows11-mingw64,cfb,decrypt,1048576,30,100,138.889000,1.388890000,719.999424
windows11-mingw64,cfb,encrypt,8388608,1,100,2308.548300,23.085483000,346.538125
windows11-mingw64,cfb,encrypt,8388608,2,100,2316.675000,23.166750000,345.322499
windows11-mingw64,cfb,encrypt,8388608,3,100,2161.619700,21.616197000,370.092852
windows11-mingw64,cfb,encrypt,8388608,4,100,2223.169600,22.231696000,359.846590
windows11-mingw64,cfb,encrypt,8388608,5,100,2211.643500,22.116435000,361.721950
windows11-mingw64,cfb,encrypt,8388608,6,100,2272.640400,22.726404000,352.013455
windows11-mingw64,cfb,encrypt,8388608,7,100,2178.947700,21.789477000,367.149703
windows11-mingw64,cfb,encrypt,8388608,8,100,2131.804100,21.318041000,375.269003
windows11-mingw64,cfb,encrypt,8388608,9,100,2124.005300,21.240053000,376.646894
windows11-mingw64,cfb,encrypt,8388608,10,100,2231.790800,22.317908000,358.456536
windows11-mingw64,cfb,encrypt,8388608,11,100,2418.538200,24.185382000,330.778319
windows11-mingw64,cfb,encrypt,8388608,12,100,2392.944900,23.929449000,334.316097
windows11-mingw64,cfb,encrypt,8388608,13,100,2184.639200,21.846392000,366.193191
windows11-mingw64,cfb,encrypt,8388608,14,100,2198.052700,21.980527000,363.958517
windows11-mingw64,cfb,encrypt,8388608,15,100,2120.832900,21.208329000,377.210293
windows11-mingw64,cfb,encrypt,8388608,16,100,2159.887200,21.598872000,370.389713
windows11-mingw64,cfb,encrypt,8388608,17,100,2127.071200,21.270712000,376.104006
windows11-mingw64,cfb,encrypt,8388608,18,100,2194.238000,21.942380000,364.591261
windows11-mingw64,cfb,encrypt,8388608,19,100,2204.826600,22.048266000,362.840325
windows11-mingw64,cfb,encrypt,8388608,20,100,2224.879600,22.248796000,359.570019
windows11-mingw64,cfb,encrypt,8388608,21,100,2127.597500,21.275975000,376.010970
windows11-mingw64,cfb,encrypt,8388608,22,100,2138.250700,21.382507000,374.137607
windows11-mingw64,cfb,encrypt,8388608,23,100,2134.145300,21.341453000,374.857326
windows11-mingw64,cfb,encrypt,8388608,24,100,2142.015500,21.420155000,373.480024
windows11-mingw64,cfb,encrypt,8388608,25,100,2130.973300,21.309733000,375.415309
windows11-mingw64,cfb,encrypt,8388608,26,100,2137.179500,21.371795000,374.325133
windows11-mingw64,cfb,encrypt,8388608,27,100,2134.760100,21.347601000,374.749369
windows11-mingw64,cfb,encrypt,8388608,28,100,2173.484400,21.734844000,368.072575
windows11-mingw64,cfb,encrypt,8388608,29,100,2152.687200,21.526872000,371.628539
windows11-mingw64,cfb,encrypt,8388608,30,100,2131.718300,21.317183000,375.284108
windows11-mingw64,cfb,decrypt,8388608,1,100,1122.501900,11.225019000,712.693671
windows11-mingw64,cfb,decrypt,8388608,2,100,1255.934400,12.559344000,636.975944
windows11-mingw64,cfb,decrypt,8388608,3,100,1124.739100,11.247391000,711.276064
windows11-mingw64,cfb,decrypt,8388608,4,100,1321.725500,13.217255000,605.269400
windows11-mingw64,cfb,decrypt,8388608,5,100,1166.418900,11.664189000,685.859943
windows11-mingw64,cfb,decrypt,8388608,6,100,1154.226200,11.542262000,693.105043
windows11-mingw64,cfb,decrypt,8388608,7,100,1154.071700,11.540717000,693.197832
windows11-mingw64,cfb,decrypt,8388608,8,100,1174.330300,11.743303000,681.239341
windows11-mingw64,cfb,decrypt,8388608,9,100,1176.408800,11.764088000,680.035715
windows11-mingw64,cfb,decrypt,8388608,10,100,1199.210600,11.992106000,667.105511
windows11-mingw64,cfb,decrypt,8388608,11,100,1191.170800,11.911708000,671.608135
windows11-mingw64,cfb,decrypt,8388608,12,100,1170.392800,11.703928000,683.531204
windows11-mingw64,cfb,decrypt,8388608,13,100,1154.084300,11.540843000,693.190263
windows11-mingw64,cfb,decrypt,8388608,14,100,1185.520900,11.855209000,674.808854
windows11-mingw64,cfb,decrypt,8388608,15,100,1187.869200,11.878692000,673.474824
windows11-mingw64,cfb,decrypt,8388608,16,100,1207.245800,12.072458000,662.665383
windows11-mingw64,cfb,decrypt,8388608,17,100,1155.832000,11.558320000,692.142111
windows11-mingw64,cfb,decrypt,8388608,18,100,1155.980400,11.559804000,692.053256
windows11-mingw64,cfb,decrypt,8388608,19,100,1153.041300,11.530413000,693.817299
windows11-mingw64,cfb,decrypt,8388608,20,100,1149.626300,11.496263000,695.878304
windows11-mingw64,cfb,decrypt,8388608,21,100,1151.351800,11.513518000,694.835410
windows11-mingw64,cfb,decrypt,8388608,22,100,1166.694600,11.666946000,685.697868
windows11-mingw64,cfb,decrypt,8388608,23,100,1183.642300,11.836423000,675.879867
windows11-mingw64,cfb,decrypt,8388608,24,100,1188.619500,11.886195000,673.049702
windows11-mingw64,cfb,decrypt,8388608,25,100,1193.820100,11.938201000,670.117717
windows11-mingw64,cfb,decrypt,8388608,26,100,1169.026800,11.690268000,684.329906
windows11-mingw64,cfb,decrypt,8388608,27,100,1221.091400,12.210914000,655.151613
windows11-mingw64,cfb,decrypt,8388608,28,100,1126.428300,11.264283000,710.209429
windows11-mingw64,cfb,decrypt,8388608,29,100,1145.418400,11.454184000,698.434738
windows11-mingw64,cfb,decrypt,8388608,30,100,1155.992500,11.559925000,692.046012
windows11-mingw64,ofb,encrypt,1024,1,100,0.894800,0.008948000,109.137517
windows11-mingw64,ofb,encrypt,1024,2,100,0.529900,0.005299000,184.291848
windows11-mingw64,ofb,encrypt,1024,3,100,0.536100,0.005361000,182.160511
windows11-mingw64,ofb,encrypt,1024,4,100,0.672600,0.006726000,145.192165
windows11-mingw64,ofb,encrypt,1024,5,100,0.865900,0.008659000,112.780055
windows11-mingw64,ofb,encrypt,1024,6,100,0.546300,0.005463000,178.759381
windows11-mingw64,ofb,encrypt,1024,7,100,0.495700,0.004957000,197.006758
windows11-mingw64,ofb,encrypt,1024,8,100,0.535400,0.005354000,182.398674
windows11-mingw64,ofb,encrypt,1024,9,100,0.495400,0.004954000,197.126060
windows11-mingw64,ofb,encrypt,1024,10,100,0.492200,0.004922000,198.407659
windows11-mingw64,ofb,encrypt,1024,11,100,1.509000,0.015090000,64.715871
windows11-mingw64,ofb,encrypt,1024,12,100,0.566300,0.005663000,172.446142
windows11-mingw64,ofb,encrypt,1024,13,100,0.583700,0.005837000,167.305551
windows11-mingw64,ofb,encrypt,1024,14,100,0.569900,0.005699000,171.356817
windows11-mingw64,ofb,encrypt,1024,15,100,0.531900,0.005319000,183.598891
windows11-mingw64,ofb,encrypt,1024,16,100,0.549800,0.005498000,177.621408
windows11-mingw64,ofb,encrypt,1024,17,100,0.586400,0.005864000,166.535215
windows11-mingw64,ofb,encrypt,1024,18,100,0.666800,0.006668000,146.455084
windows11-mingw64,ofb,encrypt,1024,19,100,0.672500,0.006725000,145.213755
windows11-mingw64,ofb,encrypt,1024,20,100,0.610100,0.006101000,160.065973
windows11-mingw64,ofb,encrypt,1024,21,100,0.950600,0.009506000,102.731170
windows11-mingw64,ofb,encrypt,1024,22,100,0.890100,0.008901000,109.713796
windows11-mingw64,ofb,encrypt,1024,23,100,0.663900,0.006639000,147.094818
windows11-mingw64,ofb,encrypt,1024,24,100,0.660400,0.006604000,147.874394
windows11-mingw64,ofb,encrypt,1024,25,100,1.200400,0.012004000,81.353091
windows11-mingw64,ofb,encrypt,1024,26,100,1.397200,0.013972000,69.894253
windows11-mingw64,ofb,encrypt,1024,27,100,0.761200,0.007612000,128.292499
windows11-mingw64,ofb,encrypt,1024,28,100,1.082600,0.010826000,90.205293
windows11-mingw64,ofb,encrypt,1024,29,100,0.635200,0.006352000,153.740948
windows11-mingw64,ofb,encrypt,1024,30,100,0.511500,0.005115000,190.921310
windows11-mingw64,ofb,decrypt,1024,1,100,0.501500,0.005015000,194.728315
windows11-mingw64,ofb,decrypt,1024,2,100,0.501400,0.005014000,194.767152
windows11-mingw64,ofb,decrypt,1024,3,100,0.487100,0.004871000,200.485013
windows11-mingw64,ofb,decrypt,1024,4,100,0.498500,0.004985000,195.900201
windows11-mingw64,ofb,decrypt,1024,5,100,0.526100,0.005261000,185.622980
windows11-mingw64,ofb,decrypt,1024,6,100,0.494700,0.004947000,197.404993
windows11-mingw64,ofb,decrypt,1024,7,100,0.485000,0.004850000,201.353093
windows11-mingw64,ofb,decrypt,1024,8,100,0.484500,0.004845000,201.560888
windows11-mingw64,ofb,decrypt,1024,9,100,0.493600,0.004936000,197.844915
windows11-mingw64,ofb,decrypt,1024,10,100,0.489400,0.004894000,199.542808
windows11-mingw64,ofb,decrypt,1024,11,100,0.647200,0.006472000,150.890374
windows11-mingw64,ofb,decrypt,1024,12,100,0.892000,0.008920000,109.480101
windows11-mingw64,ofb,decrypt,1024,13,100,0.535300,0.005353000,182.432748
windows11-mingw64,ofb,decrypt,1024,14,100,0.510700,0.005107000,191.220384
windows11-mingw64,ofb,decrypt,1024,15,100,0.490100,0.004901000,199.257805
windows11-mingw64,ofb,decrypt,1024,16,100,0.491800,0.004918000,198.569032
windows11-mingw64,ofb,decrypt,1024,17,100,0.493700,0.004937000,197.804841
windows11-mingw64,ofb,decrypt,1024,18,100,0.487600,0.004876000,200.279430
windows11-mingw64,ofb,decrypt,1024,19,100,0.484400,0.004844000,201.602498
windows11-mingw64,ofb,decrypt,1024,20,100,0.484500,0.004845000,201.560888
windows11-mingw64,ofb,decrypt,1024,21,100,0.492900,0.004929000,198.125888
windows11-mingw64,ofb,decrypt,1024,22,100,0.489200,0.004892000,199.624387
windows11-mingw64,ofb,decrypt,1024,23,100,0.482900,0.004829000,202.228722
windows11-mingw64,ofb,decrypt,1024,24,100,0.660000,0.006600000,147.964015
windows11-mingw64,ofb,decrypt,1024,25,100,0.626900,0.006269000,155.776440
windows11-mingw64,ofb,decrypt,1024,26,100,0.534500,0.005345000,182.705800
windows11-mingw64,ofb,decrypt,1024,27,100,0.516500,0.005165000,189.073088
windows11-mingw64,ofb,decrypt,1024,28,100,0.492900,0.004929000,198.125888
windows11-mingw64,ofb,decrypt,1024,29,100,0.488100,0.004881000,200.074268
windows11-mingw64,ofb,decrypt,1024,30,100,0.485900,0.004859000,200.980140
windows11-mingw64,ofb,encrypt,4096,1,100,1.020800,0.010208000,382.665556
windows11-mingw64,ofb,encrypt,4096,2,100,1.040500,0.010405000,375.420471
windows11-mingw64,ofb,encrypt,4096,3,100,1.032200,0.010322000,378.439256
windows11-mingw64,ofb,encrypt,4096,4,100,1.394700,0.013947000,280.078153
windows11-mingw64,ofb,encrypt,4096,5,100,1.114700,0.011147000,350.430609
windows11-mingw64,ofb,encrypt,4096,6,100,1.042300,0.010423000,374.772139
windows11-mingw64,ofb,encrypt,4096,7,100,1.038300,0.010383000,376.215930
windows11-mingw64,ofb,encrypt,4096,8,100,1.031600,0.010316000,378.659364
windows11-mingw64,ofb,encrypt,4096,9,100,1.044800,0.010448000,373.875383
windows11-mingw64,ofb,encrypt,4096,10,100,1.349000,0.013490000,289.566345
windows11-mingw64,ofb,encrypt,4096,11,100,1.155800,0.011558000,337.969372
windows11-mingw64,ofb,encrypt,4096,12,100,1.080700,0.010807000,361.455538
windows11-mingw64,ofb,encrypt,4096,13,100,1.042000,0.010420000,374.880038
windows11-mingw64,ofb,encrypt,4096,14,100,1.056300,0.010563000,369.804980
windows11-mingw64,ofb,encrypt,4096,15,100,1.051600,0.010516000,371.457779
windows11-mingw64,ofb,encrypt,4096,16,100,1.151400,0.011514000,339.260900
windows11-mingw64,ofb,encrypt,4096,17,100,1.227500,0.012275000,318.228106
windows11-mingw64,ofb,encrypt,4096,18,100,1.102200,0.011022000,354.404827
windows11-mingw64,ofb,encrypt,4096,19,100,1.039700,0.010397000,375.709339
windows11-mingw64,ofb,encrypt,4096,20,100,1.030400,0.010304000,379.100349
windows11-mingw64,ofb,encrypt,4096,21,100,1.032800,0.010328000,378.219404
windows11-mingw64,ofb,encrypt,4096,22,100,1.026300,0.010263000,380.614830
windows11-mingw64,ofb,encrypt,4096,23,100,1.381700,0.013817000,282.713324
windows11-mingw64,ofb,encrypt,4096,24,100,1.079800,0.010798000,361.756807
windows11-mingw64,ofb,encrypt,4096,25,100,1.036100,0.010361000,377.014767
windows11-mingw64,ofb,encrypt,4096,26,100,1.028000,0.010280000,379.985409
windows11-mingw64,ofb,encrypt,4096,27,100,1.031500,0.010315000,378.696074
windows11-mingw64,ofb,encrypt,4096,28,100,1.027200,0.010272000,380.281347
windows11-mingw64,ofb,encrypt,4096,29,100,1.253000,0.012530000,311.751796
windows11-mingw64,ofb,encrypt,4096,30,100,1.126900,0.011269000,346.636791
windows11-mingw64,ofb,decrypt,4096,1,100,1.027900,0.010279000,380.022376
windows11-mingw64,ofb,decrypt,4096,2,100,1.042800,0.010428000,374.592443
windows11-mingw64,ofb,decrypt,4096,3,100,1.035000,0.010350000,377.415459
windows11-mingw64,ofb,decrypt,4096,4,100,1.039700,0.010397000,375.709339
windows11-mingw64,ofb,decrypt,4096,5,100,1.213600,0.012136000,321.872940
windows11-mingw64,ofb,decrypt,4096,6,100,1.172200,0.011722000,333.240915
windows11-mingw64,ofb,decrypt,4096,7,100,1.084200,0.010842000,360.288692
windows11-mingw64,ofb,decrypt,4096,8,100,1.039700,0.010397000,375.709339
windows11-mingw64,ofb,decrypt,4096,9,100,1.044200,0.010442000,374.090213
windows11-mingw64,ofb,decrypt,4096,10,100,1.037500,0.010375000,376.506024
windows11-mingw64,ofb,decrypt,4096,11,100,1.036600,0.010366000,376.832915
windows11-mingw64,ofb,decrypt,4096,12,100,1.322700,0.013227000,295.323959
windows11-mingw64,ofb,decrypt,4096,13,100,1.094600,0.010946000,356.865522
windows11-mingw64,ofb,decrypt,4096,14,100,1.042200,0.010422000,374.808098
windows11-mingw64,ofb,decrypt,4096,15,100,1.042600,0.010426000,374.664301
windows11-mingw64,ofb,decrypt,4096,16,100,1.038900,0.010389000,375.998652
windows11-mingw64,ofb,decrypt,4096,17,100,1.032900,0.010329000,378.182786
windows11-mingw64,ofb,decrypt,4096,18,100,1.491500,0.014915000,261.900771
windows11-mingw64,ofb,decrypt,4096,19,100,1.103200,0.011032000,354.083575
windows11-mingw64,ofb,decrypt,4096,20,100,1.040900,0.010409000,375.276203
windows11-mingw64,ofb,decrypt,4096,21,100,1.041100,0.010411000,375.204111
windows11-mingw64,ofb,decrypt,4096,22,100,1.034700,0.010347000,377.524886
windows11-mingw64,ofb,decrypt,4096,23,100,1.036400,0.010364000,376.905635
windows11-mingw64,ofb,decrypt,4096,24,100,1.427700,0.014277000,273.604399
windows11-mingw64,ofb,decrypt,4096,25,100,1.092900,0.010929000,357.420624
windows11-mingw64,ofb,decrypt,4096,26,100,1.042100,0.010421000,374.844065
windows11-mingw64,ofb,decrypt,4096,27,100,1.045000,0.010450000,373.803828
windows11-mingw64,ofb,decrypt,4096,28,100,1.041400,0.010414000,375.096025
windows11-mingw64,ofb,decrypt,4096,29,100,1.039400,0.010394000,375.817779
windows11-mingw64,ofb,decrypt,4096,30,100,1.366500,0.013665000,285.858031
windows11-mingw64,ofb,encrypt,16384,1,100,3.367500,0.033675000,463.994061
windows11-mingw64,ofb,encrypt,16384,2,100,3.527000,0.035270000,443.011058
windows11-mingw64,ofb,encrypt,16384,3,100,3.373100,0.033731000,463.223741
windows11-mingw64,ofb,encrypt,16384,4,100,3.571200,0.035712000,437.528002
windows11-mingw64,ofb,encrypt,16384,5,100,3.364200,0.033642000,464.449200
windows11-mingw64,ofb,encrypt,16384,6,100,3.668500,0.036685000,425.923402
windows11-mingw64,ofb,encrypt,16384,7,100,3.360900,0.033609000,464.905234
windows11-mingw64,ofb,encrypt,16384,8,100,3.575400,0.035754000,437.014040
windows11-mingw64,ofb,encrypt,16384,9,100,3.362800,0.033628000,464.642560
windows11-mingw64,ofb,encrypt,16384,10,100,3.465700,0.034657000,450.846871
windows11-mingw64,ofb,encrypt,16384,11,100,3.386400,0.033864000,461.404441
windows11-mingw64,ofb,encrypt,16384,12,100,3.510800,0.035108000,445.055258
windows11-mingw64,ofb,encrypt,16384,13,100,4.094000,0.040940000,381.656082
windows11-mingw64,ofb,encrypt,16384,14,100,4.583900,0.045839000,340.866947
windows11-mingw64,ofb,encrypt,16384,15,100,3.686500,0.036865000,423.843754
windows11-mingw64,ofb,encrypt,16384,16,100,3.655600,0.036556000,427.426414
windows11-mingw64,ofb,encrypt,16384,17,100,3.393000,0.033930000,460.506926
windows11-mingw64,ofb,encrypt,16384,18,100,3.463700,0.034637000,451.107198
windows11-mingw64,ofb,encrypt,16384,19,100,3.393000,0.033930000,460.506926
windows11-mingw64,ofb,encrypt,16384,20,100,3.439700,0.034397000,454.254732
windows11-mingw64,ofb,encrypt,16384,21,100,3.388600,0.033886000,461.104881
windows11-mingw64,ofb,encrypt,16384,22,100,3.500400,0.035004000,446.377557
windows11-mingw64,ofb,encrypt,16384,23,100,3.381100,0.033811000,462.127710
windows11-mingw64,ofb,encrypt,16384,24,100,3.461800,0.034618000,451.354787
windows11-mingw64,ofb,encrypt,16384,25,100,3.327000,0.033270000,469.642320
windows11-mingw64,ofb,encrypt,16384,26,100,3.586500,0.035865000,435.661508
windows11-mingw64,ofb,encrypt,16384,27,100,3.382100,0.033821000,461.991071
windows11-mingw64,ofb,encrypt,16384,28,100,3.423600,0.034236000,456.390934
windows11-mingw64,ofb,encrypt,16384,29,100,3.331600,0.033316000,468.993877
windows11-mingw64,ofb,encrypt,16384,30,100,3.516800,0.035168000,444.295951
windows11-mingw64,ofb,decrypt,16384,1,100,3.315300,0.033153000,471.299732
windows11-mingw64,ofb,decrypt,16384,2,100,3.716000,0.037160000,420.479010
windows11-mingw64,ofb,decrypt,16384,3,100,3.399700,0.033997000,459.599376
windows11-mingw64,ofb,decrypt,16384,4,100,3.853500,0.038535000,405.475542
windows11-mingw64,ofb,decrypt,16384,5,100,3.371000,0.033710000,463.512311
windows11-mingw64,ofb,decrypt,16384,6,100,3.721100,0.037211000,419.902717
windows11-mingw64,ofb,decrypt,16384,7,100,3.398700,0.033987000,459.734604
windows11-mingw64,ofb,decrypt,16384,8,100,3.598600,0.035986000,434.196632
windows11-mingw64,ofb,decrypt,16384,9,100,3.378300,0.033783000,462.510730
windows11-mingw64,ofb,decrypt,16384,10,100,3.516700,0.035167000,444.308585
windows11-mingw64,ofb,decrypt,16384,11,100,3.421500,0.034215000,456.671051
windows11-mingw64,ofb,decrypt,16384,12,100,3.572300,0.035723000,437.393276
windows11-mingw64,ofb,decrypt,16384,13,100,3.376800,0.033768000,462.716181
windows11-mingw64,ofb,decrypt,16384,14,100,3.639300,0.036393000,429.340807
windows11-mingw64,ofb,decrypt,16384,15,100,3.395500,0.033955000,460.167869
windows11-mingw64,ofb,decrypt,16384,16,100,3.587400,0.035874000,435.552211
windows11-mingw64,ofb,decrypt,16384,17,100,3.364500,0.033645000,464.407787
windows11-mingw64,ofb,decrypt,16384,18,100,3.595700,0.035957000,434.546820
windows11-mingw64,ofb,decrypt,16384,19,100,3.384700,0.033847000,461.636186
windows11-mingw64,ofb,decrypt,16384,20,100,3.638300,0.036383000,429.458813
windows11-mingw64,ofb,decrypt,16384,21,100,3.367100,0.033671000,464.049182
windows11-mingw64,ofb,decrypt,16384,22,100,3.569700,0.035697000,437.711853
windows11-mingw64,ofb,decrypt,16384,23,100,3.375400,0.033754000,462.908100
windows11-mingw64,ofb,decrypt,16384,24,100,3.811200,0.038112000,409.975861
windows11-mingw64,ofb,decrypt,16384,25,100,3.371400,0.033714000,463.457317
windows11-mingw64,ofb,decrypt,16384,26,100,3.669400,0.036694000,425.818935
windows11-mingw64,ofb,decrypt,16384,27,100,3.364400,0.033644000,464.421591
windows11-mingw64,ofb,decrypt,16384,28,100,3.688500,0.036885000,423.613935
windows11-mingw64,ofb,decrypt,16384,29,100,3.369200,0.033692000,463.759943
windows11-mingw64,ofb,decrypt,16384,30,100,3.616900,0.036169000,431.999779
windows11-mingw64,ofb,encrypt,262144,1,100,50.330000,0.503300000,496.721637
windows11-mingw64,ofb,encrypt,262144,2,100,50.196000,0.501960000,498.047653
windows11-mingw64,ofb,encrypt,262144,3,100,50.204900,0.502049000,497.959363
windows11-mingw64,ofb,encrypt,262144,4,100,50.260600,0.502606000,497.407512
windows11-mingw64,ofb,encrypt,262144,5,100,50.832300,0.508323000,491.813276
windows11-mingw64,ofb,encrypt,262144,6,100,50.087100,0.500871000,499.130515
windows11-mingw64,ofb,encrypt,262144,7,100,50.663700,0.506637000,493.449945
windows11-mingw64,ofb,encrypt,262144,8,100,51.019600,0.510196000,490.007762
windows11-mingw64,ofb,encrypt,262144,9,100,49.510200,0.495102000,504.946455
windows11-mingw64,ofb,encrypt,262144,10,100,49.817400,0.498174000,501.832693
windows11-mingw64,ofb,encrypt,262144,11,100,50.977300,0.509773000,490.414361
windows11-mingw64,ofb,encrypt,262144,12,100,49.998900,0.499989000,500.011000
windows11-mingw64,ofb,encrypt,262144,13,100,49.624400,0.496244000,503.784429
windows11-mingw64,ofb,encrypt,262144,14,100,49.848200,0.498482000,501.522623
windows11-mingw64,ofb,encrypt,262144,15,100,49.700300,0.497003000,503.015072
windows11-mingw64,ofb,encrypt,262144,16,100,50.691400,0.506914000,493.180303
windows11-mingw64,ofb,encrypt,262144,17,100,49.857900,0.498579000,501.425050
windows11-mingw64,ofb,encrypt,262144,18,100,49.781500,0.497815000,502.194590
windows11-mingw64,ofb,encrypt,262144,19,100,50.121600,0.501216000,498.786950
windows11-mingw64,ofb,encrypt,262144,20,100,49.799700,0.497997000,502.011056
windows11-mingw64,ofb,encrypt,262144,21,100,49.538300,0.495383000,504.660031
windows11-mingw64,ofb,encrypt,262144,22,100,50.121700,0.501217000,498.785955
windows11-mingw64,ofb,encrypt,262144,23,100,50.159500,0.501595000,498.410072
windows11-mingw64,ofb,encrypt,262144,24,100,50.244800,0.502448000,497.563927
windows11-mingw64,ofb,encrypt,262144,25,100,50.252400,0.502524000,497.488677
windows11-mingw64,ofb,encrypt,262144,26,100,49.979200,0.499792000,500.208087
windows11-mingw64,ofb,encrypt,262144,27,100,50.503900,0.505039000,495.011276
windows11-mingw64,ofb,encrypt,262144,28,100,50.321700,0.503217000,496.803566
windows11-mingw64,ofb,encrypt,262144,29,100,49.870100,0.498701000,501.302384
windows11-mingw64,ofb,encrypt,262144,30,100,49.632800,0.496328000,503.699167
windows11-mingw64,ofb,decrypt,262144,1,100,52.034200,0.520342000,480.453240
windows11-mingw64,ofb,decrypt,262144,2,100,50.502300,0.505023000,495.026959
windows11-mingw64,ofb,decrypt,262144,3,100,49.387500,0.493875000,506.200962
windows11-mingw64,ofb,decrypt,262144,4,100,50.460200,0.504602000,495.439971
windows11-mingw64,ofb,decrypt,262144,5,100,50.619600,0.506196000,493.879841
windows11-mingw64,ofb,decrypt,262144,6,100,51.461000,0.514610000,485.804784
windows11-mingw64,ofb,decrypt,262144,7,100,53.109400,0.531094000,470.726463
windows11-mingw64,ofb,decrypt,262144,8,100,53.685000,0.536850000,465.679426
windows11-mingw64,ofb,decrypt,262144,9,100,51.768300,0.517683000,482.921015
windows11-mingw64,ofb,decrypt,262144,10,100,50.252600,0.502526000,497.486697
windows11-mingw64,ofb,decrypt,262144,11,100,49.795200,0.497952000,502.056423
windows11-mingw64,ofb,decrypt,262144,12,100,49.997300,0.499973000,500.027001
windows11-mingw64,ofb,decrypt,262144,13,100,50.514600,0.505146000,494.906423
windows11-mingw64,ofb,decrypt,262144,14,100,52.108700,0.521087000,479.766335
windows11-mingw64,ofb,decrypt,262144,15,100,51.855300,0.518553000,482.110797
windows11-mingw64,ofb,decrypt,262144,16,100,51.199500,0.511995000,488.286018
windows11-mingw64,ofb,decrypt,262144,17,100,51.057700,0.510577000,489.642111
windows11-mingw64,ofb,decrypt,262144,18,100,52.687000,0.526870000,474.500351
windows11-mingw64,ofb,decrypt,262144,19,100,50.660900,0.506609000,493.477218
windows11-mingw64,ofb,decrypt,262144,20,100,49.565600,0.495656000,504.382071
windows11-mingw64,ofb,decrypt,262144,21,100,50.648300,0.506483000,493.599983
windows11-mingw64,ofb,decrypt,262144,22,100,50.743500,0.507435000,492.673939
windows11-mingw64,ofb,decrypt,262144,23,100,50.196200,0.501962000,498.045669
windows11-mingw64,ofb,decrypt,262144,24,100,51.124000,0.511240000,489.007120
windows11-mingw64,ofb,decrypt,262144,25,100,50.776600,0.507766000,492.352777
windows11-mingw64,ofb,decrypt,262144,26,100,50.626800,0.506268000,493.809603
windows11-mingw64,ofb,decrypt,262144,27,100,50.992100,0.509921000,490.272023
windows11-mingw64,ofb,decrypt,262144,28,100,50.981400,0.509814000,490.374921
windows11-mingw64,ofb,decrypt,262144,29,100,52.127200,0.521272000,479.596065
windows11-mingw64,ofb,decrypt,262144,30,100,50.632100,0.506321000,493.757912
windows11-mingw64,ofb,encrypt,1048576,1,100,261.499600,2.614996000,382.409763
windows11-mingw64,ofb,encrypt,1048576,2,100,258.647500,2.586475000,386.626586
windows11-mingw64,ofb,encrypt,1048576,3,100,256.624000,2.566240000,389.675167
windows11-mingw64,ofb,encrypt,1048576,4,100,259.555300,2.595553000,385.274352
windows11-mingw64,ofb,encrypt,1048576,5,100,257.530500,2.575305000,388.303521
windows11-mingw64,ofb,encrypt,1048576,6,100,257.249500,2.572495000,388.727675
windows11-mingw64,ofb,encrypt,1048576,7,100,258.510500,2.585105000,386.831483
windows11-mingw64,ofb,encrypt,1048576,8,100,257.621200,2.576212000,388.166812
windows11-mingw64,ofb,encrypt,1048576,9,100,263.535300,2.635353000,379.455807
windows11-mingw64,ofb,encrypt,1048576,10,100,254.612900,2.546129000,392.753077
windows11-mingw64,ofb,encrypt,1048576,11,100,260.426700,2.604267000,383.985206
windows11-mingw64,ofb,encrypt,1048576,12,100,262.300900,2.623009000,381.241544
windows11-mingw64,ofb,encrypt,1048576,13,100,262.471900,2.624719000,380.993165
windows11-mingw64,ofb,encrypt,1048576,14,100,259.745000,2.597450000,384.992974
windows11-mingw64,ofb,encrypt,1048576,15,100,259.781900,2.597819000,384.938289
windows11-mingw64,ofb,encrypt,1048576,16,100,260.601600,2.606016000,383.727498
windows11-mingw64,ofb,encrypt,1048576,17,100,262.069200,2.620692000,381.578606
windows11-mingw64,ofb,encrypt,1048576,18,100,260.751100,2.607511000,383.507490
windows11-mingw64,ofb,encrypt,1048576,19,100,260.156000,2.601560000,384.384754
windows11-mingw64,ofb,encrypt,1048576,20,100,259.865200,2.598652000,384.814896
windows11-mingw64,ofb,encrypt,1048576,21,100,261.052100,2.610521000,383.065296
windows11-mingw64,ofb,encrypt,1048576,22,100,259.727200,2.597272000,385.019359
windows11-mingw64,ofb,encrypt,1048576,23,100,259.554400,2.595544000,385.275688
windows11-mingw64,ofb,encrypt,1048576,24,100,259.615300,2.596153000,385.185311
windows11-mingw64,ofb,encrypt,1048576,25,100,260.489500,2.604895000,383.892633
windows11-mingw64,ofb,encrypt,1048576,26,100,259.451000,2.594510000,385.429233
windows11-mingw64,ofb,encrypt,1048576,27,100,262.361600,2.623616000,381.153340
windows11-mingw64,ofb,encrypt,1048576,28,100,259.433100,2.594331000,385.455827
windows11-mingw64,ofb,encrypt,1048576,29,100,262.554300,2.625543000,380.873595
windows11-mingw64,ofb,encrypt,1048576,30,100,260.209700,2.602097000,384.305428
windows11-mingw64,ofb,decrypt,1048576,1,100,262.614800,2.626148000,380.785851
windows11-mingw64,ofb,decrypt,1048576,2,100,263.369100,2.633691000,379.695264
windows11-mingw64,ofb,decrypt,1048576,3,100,264.880200,2.648802000,377.529162
windows11-mingw64,ofb,decrypt,1048576,4,100,263.029000,2.630290000,380.186215
windows11-mingw64,ofb,decrypt,1048576,5,100,264.139700,2.641397000,378.587543
windows11-mingw64,ofb,decrypt,1048576,6,100,263.672700,2.636727000,379.258073
windows11-mingw64,ofb,decrypt,1048576,7,100,261.923400,2.619234000,381.791012
windows11-mingw64,ofb,decrypt,1048576,8,100,266.032800,2.660328000,375.893499
windows11-mingw64,ofb,decrypt,1048576,9,100,265.354800,2.653548000,376.853933
windows11-mingw64,ofb,decrypt,1048576,10,100,265.561600,2.655616000,376.560467
windows11-mingw64,ofb,decrypt,1048576,11,100,266.393800,2.663938000,375.384112
windows11-mingw64,ofb,decrypt,1048576,12,100,262.736500,2.627365000,380.609470
windows11-mingw64,ofb,decrypt,1048576,13,100,269.306200,2.693062000,371.324537
windows11-mingw64,ofb,decrypt,1048576,14,100,265.808600,2.658086000,376.210552
windows11-mingw64,ofb,decrypt,1048576,15,100,268.556600,2.685566000,372.360985
windows11-mingw64,ofb,decrypt,1048576,16,100,261.501900,2.615019000,382.406399
windows11-mingw64,ofb,decrypt,1048576,17,100,262.891300,2.628913000,380.385353
windows11-mingw64,ofb,decrypt,1048576,18,100,257.755100,2.577551000,387.965165
windows11-mingw64,ofb,decrypt,1048576,19,100,267.291800,2.672918000,374.122962
windows11-mingw64,ofb,decrypt,1048576,20,100,266.708500,2.667085000,374.941181
windows11-mingw64,ofb,decrypt,1048576,21,100,259.758200,2.597582000,384.973410
windows11-mingw64,ofb,decrypt,1048576,22,100,264.267200,2.642672000,378.404887
windows11-mingw64,ofb,decrypt,1048576,23,100,260.969000,2.609690000,383.187275
windows11-mingw64,ofb,decrypt,1048576,24,100,267.560700,2.675607000,373.746967
windows11-mingw64,ofb,decrypt,1048576,25,100,256.897300,2.568973000,389.260611
windows11-mingw64,ofb,decrypt,1048576,26,100,262.387900,2.623879000,381.115135
windows11-mingw64,ofb,decrypt,1048576,27,100,263.560000,2.635600000,379.420246
windows11-mingw64,ofb,decrypt,1048576,28,100,263.579900,2.635799000,379.391600
windows11-mingw64,ofb,decrypt,1048576,29,100,262.560800,2.625608000,380.864166
windows11-mingw64,ofb,decrypt,1048576,30,100,263.644100,2.636441000,379.299214
windows11-mingw64,ofb,encrypt,8388608,1,100,2153.299800,21.532998000,371.522813
windows11-mingw64,ofb,encrypt,8388608,2,100,2156.920200,21.569202000,370.899211
windows11-mingw64,ofb,encrypt,8388608,3,100,2156.510800,21.565108000,370.969624
windows11-mingw64,ofb,encrypt,8388608,4,100,2187.535200,21.875352000,365.708401
windows11-mingw64,ofb,encrypt,8388608,5,100,2237.731200,22.377312000,357.504959
windows11-mingw64,ofb,encrypt,8388608,6,100,2162.269700,21.622697000,369.981599
windows11-mingw64,ofb,encrypt,8388608,7,100,2158.369500,21.583695000,370.650160
windows11-mingw64,ofb,encrypt,8388608,8,100,2162.687200,21.626872000,369.910175
windows11-mingw64,ofb,encrypt,8388608,9,100,2221.545000,22.215450000,360.109743
windows11-mingw64,ofb,encrypt,8388608,10,100,2235.116300,22.351163000,357.923210
windows11-mingw64,ofb,encrypt,8388608,11,100,2225.578400,22.255784000,359.457119
windows11-mingw64,ofb,encrypt,8388608,12,100,2214.793200,22.147932000,361.207538
windows11-mingw64,ofb,encrypt,8388608,13,100,2209.716500,22.097165000,362.037393
windows11-mingw64,ofb,encrypt,8388608,14,100,2209.697500,22.096975000,362.040506
windows11-mingw64,ofb,encrypt,8388608,15,100,2172.748100,21.727481000,368.197307
windows11-mingw64,ofb,encrypt,8388608,16,100,2164.580300,21.645803000,369.586658
windows11-mingw64,ofb,encrypt,8388608,17,100,2172.894000,21.728940000,368.172585
windows11-mingw64,ofb,encrypt,8388608,18,100,2176.483800,21.764838000,367.565336
windows11-mingw64,ofb,encrypt,8388608,19,100,2224.656100,22.246561000,359.606143
windows11-mingw64,ofb,encrypt,8388608,20,100,2221.403800,22.214038000,360.132633
windows11-mingw64,ofb,encrypt,8388608,21,100,2192.855000,21.928550000,364.821203
windows11-mingw64,ofb,encrypt,8388608,22,100,2165.842500,21.658425000,369.371272
windows11-mingw64,ofb,encrypt,8388608,23,100,2208.993000,22.089930000,362.155969
windows11-mingw64,ofb,encrypt,8388608,24,100,2205.565900,22.055659000,362.718702
windows11-mingw64,ofb,encrypt,8388608,25,100,2208.017200,22.080172000,362.316018
windows11-mingw64,ofb,encrypt,8388608,26,100,2214.030900,22.140309000,361.331904
windows11-mingw64,ofb,encrypt,8388608,27,100,2203.203400,22.032034000,363.107646
windows11-mingw64,ofb,encrypt,8388608,28,100,2174.817700,21.748177000,367.846923
windows11-mingw64,ofb,encrypt,8388608,29,100,2154.431800,21.544318000,371.327605
windows11-mingw64,ofb,encrypt,8388608,30,100,2162.800000,21.628000000,369.890882
windows11-mingw64,ofb,decrypt,8388608,1,100,2226.091500,22.260915000,359.374267
windows11-mingw64,ofb,decrypt,8388608,2,100,2230.176600,22.301766000,358.715987
windows11-mingw64,ofb,decrypt,8388608,3,100,2206.049400,22.060494000,362.639205
windows11-mingw64,ofb,decrypt,8388608,4,100,2173.173200,21.731732000,368.125283
windows11-mingw64,ofb,decrypt,8388608,5,100,2185.864700,21.858647000,365.987886
windows11-mingw64,ofb,decrypt,8388608,6,100,2230.671800,22.306718000,358.636353
windows11-mingw64,ofb,decrypt,8388608,7,100,2229.873400,22.298734000,358.764762
windows11-mingw64,ofb,decrypt,8388608,8,100,2227.401400,22.274014000,359.162924
windows11-mingw64,ofb,decrypt,8388608,9,100,2207.427000,22.074270000,362.412891
windows11-mingw64,ofb,decrypt,8388608,10,100,2184.185800,21.841858000,366.269207
windows11-mingw64,ofb,decrypt,8388608,11,100,2199.537500,21.995375000,363.712826
windows11-mingw64,ofb,decrypt,8388608,12,100,2173.831800,21.738318000,368.013753
windows11-mingw64,ofb,decrypt,8388608,13,100,2169.434300,21.694343000,368.759727
windows11-mingw64,ofb,decrypt,8388608,14,100,2248.233800,22.482338000,355.834878
windows11-mingw64,ofb,decrypt,8388608,15,100,2272.040900,22.720409000,352.106338
windows11-mingw64,ofb,decrypt,8388608,16,100,2240.801400,22.408014000,357.015129
windows11-mingw64,ofb,decrypt,8388608,17,100,2251.573900,22.515739000,355.307014
windows11-mingw64,ofb,decrypt,8388608,18,100,2219.896700,22.198967000,360.377129
windows11-mingw64,ofb,decrypt,8388608,19,100,2254.871300,22.548713000,354.787433
windows11-mingw64,ofb,decrypt,8388608,20,100,2253.735300,22.537353000,354.966264
windows11-mingw64,ofb,decrypt,8388608,21,100,2225.557200,22.255572000,359.460543
windows11-mingw64,ofb,decrypt,8388608,22,100,2237.804200,22.378042000,357.493296
windows11-mingw64,ofb,decrypt,8388608,23,100,2245.957000,22.459570000,356.195599
windows11-mingw64,ofb,decrypt,8388608,24,100,2249.253000,22.492530000,355.673639
windows11-mingw64,ofb,decrypt,8388608,25,100,2233.410400,22.334104000,358.196595
windows11-mingw64,ofb,decrypt,8388608,26,100,2271.154200,22.711542000,352.243806
windows11-mingw64,ofb,decrypt,8388608,27,100,2208.336300,22.083363000,362.263664
windows11-mingw64,ofb,decrypt,8388608,28,100,2209.056300,22.090563000,362.145591
windows11-mingw64,ofb,decrypt,8388608,29,100,2239.927300,22.399273000,357.154449
windows11-mingw64,ofb,decrypt,8388608,30,100,2232.128400,22.321284000,358.402321
windows11-mingw64,ctr,encrypt,1024,1,100,0.331900,0.003319000,294.233956
windows11-mingw64,ctr,encrypt,1024,2,100,0.348000,0.003480000,280.621408
windows11-mingw64,ctr,encrypt,1024,3,100,0.335700,0.003357000,290.903336
windows11-mingw64,ctr,encrypt,1024,4,100,0.335300,0.003353000,291.250373
windows11-mingw64,ctr,encrypt,1024,5,100,0.720200,0.007202000,135.596015
windows11-mingw64,ctr,encrypt,1024,6,100,0.419600,0.004196000,232.736535
windows11-mingw64,ctr,encrypt,1024,7,100,0.345000,0.003450000,283.061594
windows11-mingw64,ctr,encrypt,1024,8,100,0.355700,0.003557000,274.546669
windows11-mingw64,ctr,encrypt,1024,9,100,0.373200,0.003732000,261.672696
windows11-mingw64,ctr,encrypt,1024,10,100,0.354900,0.003549000,275.165540
windows11-mingw64,ctr,encrypt,1024,11,100,0.359900,0.003599000,271.342734
windows11-mingw64,ctr,encrypt,1024,12,100,0.343100,0.003431000,284.629117
windows11-mingw64,ctr,encrypt,1024,13,100,0.335400,0.003354000,291.163536
windows11-mingw64,ctr,encrypt,1024,14,100,0.335200,0.003352000,291.337261
windows11-mingw64,ctr,encrypt,1024,15,100,0.345800,0.003458000,282.406738
windows11-mingw64,ctr,encrypt,1024,16,100,0.337700,0.003377000,289.180486
windows11-mingw64,ctr,encrypt,1024,17,100,0.334700,0.003347000,291.772483
windows11-mingw64,ctr,encrypt,1024,18,100,0.338200,0.003382000,288.752957
windows11-mingw64,ctr,encrypt,1024,19,100,0.335200,0.003352000,291.337261
windows11-mingw64,ctr,encrypt,1024,20,100,0.334300,0.003343000,292.121597
windows11-mingw64,ctr,encrypt,1024,21,100,0.346700,0.003467000,281.673637
windows11-mingw64,ctr,encrypt,1024,22,100,0.334500,0.003345000,291.946936
windows11-mingw64,ctr,encrypt,1024,23,100,0.377100,0.003771000,258.966455
windows11-mingw64,ctr,encrypt,1024,24,100,0.649100,0.006491000,150.448698
windows11-mingw64,ctr,encrypt,1024,25,100,0.463100,0.004631000,210.875081
windows11-mingw64,ctr,encrypt,1024,26,100,0.416500,0.004165000,234.468788
windows11-mingw64,ctr,encrypt,1024,27,100,0.412500,0.004125000,236.742424
windows11-mingw64,ctr,encrypt,1024,28,100,0.352100,0.003521000,277.353735
windows11-mingw64,ctr,encrypt,1024,29,100,0.339200,0.003392000,287.901680
windows11-mingw64,ctr,encrypt,1024,30,100,0.351900,0.003519000,277.511367
windows11-mingw64,ctr,decrypt,1024,1,100,0.331300,0.003313000,294.766828
windows11-mingw64,ctr,decrypt,1024,2,100,0.337200,0.003372000,289.609282
windows11-mingw64,ctr,decrypt,1024,3,100,0.343600,0.003436000,284.214930
windows11-mingw64,ctr,decrypt,1024,4,100,0.343700,0.003437000,284.132237
windows11-mingw64,ctr,decrypt,1024,5,100,0.336800,0.003368000,289.953236
windows11-mingw64,ctr,decrypt,1024,6,100,0.380500,0.003805000,256.652431
windows11-mingw64,ctr,decrypt,1024,7,100,0.341800,0.003418000,285.711673
windows11-mingw64,ctr,decrypt,1024,8,100,0.334300,0.003343000,292.121597
windows11-mingw64,ctr,decrypt,1024,9,100,0.347200,0.003472000,281.268001
windows11-mingw64,ctr,decrypt,1024,10,100,0.335100,0.003351000,291.424202
windows11-mingw64,ctr,decrypt,1024,11,100,0.349700,0.003497000,279.257220
windows11-mingw64,ctr,decrypt,1024,12,100,0.657500,0.006575000,148.526616
windows11-mingw64,ctr,decrypt,1024,13,100,0.474700,0.004747000,205.722035
windows11-mingw64,ctr,decrypt,1024,14,100,0.349700,0.003497000,279.257220
windows11-mingw64,ctr,decrypt,1024,15,100,0.352600,0.003526000,276.960437
windows11-mingw64,ctr,decrypt,1024,16,100,0.803100,0.008031000,121.599116
windows11-mingw64,ctr,decrypt,1024,17,100,0.814400,0.008144000,119.911898
windows11-mingw64,ctr,decrypt,1024,18,100,0.403900,0.004039000,241.783238
windows11-mingw64,ctr,decrypt,1024,19,100,0.341500,0.003415000,285.962665
windows11-mingw64,ctr,decrypt,1024,20,100,0.338200,0.003382000,288.752957
windows11-mingw64,ctr,decrypt,1024,21,100,0.336500,0.003365000,290.211738
windows11-mingw64,ctr,decrypt,1024,22,100,0.348300,0.003483000,280.379701
windows11-mingw64,ctr,decrypt,1024,23,100,0.340100,0.003401000,287.139812
windows11-mingw64,ctr,decrypt,1024,24,100,0.344400,0.003444000,283.554733
windows11-mingw64,ctr,decrypt,1024,25,100,0.339300,0.003393000,287.816829
windows11-mingw64,ctr,decrypt,1024,26,100,0.336300,0.003363000,290.384329
windows11-mingw64,ctr,decrypt,1024,27,100,0.341400,0.003414000,286.046426
windows11-mingw64,ctr,decrypt,1024,28,100,0.654300,0.006543000,149.253018
windows11-mingw64,ctr,decrypt,1024,29,100,0.370800,0.003708000,263.366370
windows11-mingw64,ctr,decrypt,1024,30,100,0.340900,0.003409000,286.465972
windows11-mingw64,ctr,encrypt,4096,1,100,0.422800,0.004228000,923.900189
windows11-mingw64,ctr,encrypt,4096,2,100,0.442100,0.004421000,883.567066
windows11-mingw64,ctr,encrypt,4096,3,100,0.441500,0.004415000,884.767837
windows11-mingw64,ctr,encrypt,4096,4,100,0.426300,0.004263000,916.314802
windows11-mingw64,ctr,encrypt,4096,5,100,0.432800,0.004328000,902.553142
windows11-mingw64,ctr,encrypt,4096,6,100,0.425900,0.004259000,917.175393
windows11-mingw64,ctr,encrypt,4096,7,100,0.441200,0.004412000,885.369447
windows11-mingw64,ctr,encrypt,4096,8,100,0.429500,0.004295000,909.487776
windows11-mingw64,ctr,encrypt,4096,9,100,0.432100,0.004321000,904.015274
windows11-mingw64,ctr,encrypt,4096,10,100,0.428200,0.004282000,912.248949
windows11-mingw64,ctr,encrypt,4096,11,100,0.420500,0.004205000,928.953627
windows11-mingw64,ctr,encrypt,4096,12,100,0.447200,0.004472000,873.490608
windows11-mingw64,ctr,encrypt,4096,13,100,0.435900,0.004359000,896.134435
windows11-mingw64,ctr,encrypt,4096,14,100,0.893100,0.008931000,437.381032
windows11-mingw64,ctr,encrypt,4096,15,100,0.510100,0.005101000,765.781219
windows11-mingw64,ctr,encrypt,4096,16,100,0.441300,0.004413000,885.168819
windows11-mingw64,ctr,encrypt,4096,17,100,0.482000,0.004820000,810.425311
windows11-mingw64,ctr,encrypt,4096,18,100,0.439100,0.004391000,889.603735
windows11-mingw64,ctr,encrypt,4096,19,100,0.423700,0.004237000,921.937692
windows11-mingw64,ctr,encrypt,4096,20,100,0.435700,0.004357000,896.545788
windows11-mingw64,ctr,encrypt,4096,21,100,0.429700,0.004297000,909.064464
windows11-mingw64,ctr,encrypt,4096,22,100,0.430900,0.004309000,906.532838
windows11-mingw64,ctr,encrypt,4096,23,100,0.436400,0.004364000,895.107699
windows11-mingw64,ctr,encrypt,4096,24,100,0.427100,0.004271000,914.598455
windows11-mingw64,ctr,encrypt,4096,25,100,0.432600,0.004326000,902.970411
windows11-mingw64,ctr,encrypt,4096,26,100,0.437700,0.004377000,892.449166
windows11-mingw64,ctr,encrypt,4096,27,100,0.437200,0.004372000,893.469808
windows11-mingw64,ctr,encrypt,4096,28,100,0.770500,0.007705000,506.975990
windows11-mingw64,ctr,encrypt,4096,29,100,0.811600,0.008116000,481.302366
windows11-mingw64,ctr,encrypt,4096,30,100,0.475800,0.004758000,820.985708
windows11-mingw64,ctr,decrypt,4096,1,100,0.426700,0.004267000,915.455824
windows11-mingw64,ctr,decrypt,4096,2,100,0.443400,0.004434000,880.976545
windows11-mingw64,ctr,decrypt,4096,3,100,0.422700,0.004227000,924.118760
windows11-mingw64,ctr,decrypt,4096,4,100,0.441600,0.004416000,884.567482
windows11-mingw64,ctr,decrypt,4096,5,100,0.431800,0.004318000,904.643353
windows11-mingw64,ctr,decrypt,4096,6,100,0.449900,0.004499000,868.248500
windows11-mingw64,ctr,decrypt,4096,7,100,0.428800,0.004288000,910.972481
windows11-mingw64,ctr,decrypt,4096,8,100,0.429800,0.004298000,908.852955
windows11-mingw64,ctr,decrypt,4096,9,100,0.434200,0.004342000,899.643022
windows11-mingw64,ctr,decrypt,4096,10,100,0.442200,0.004422000,883.367255
windows11-mingw64,ctr,decrypt,4096,11,100,0.434600,0.004346000,898.815002
windows11-mingw64,ctr,decrypt,4096,12,100,0.423000,0.004230000,923.463357
windows11-mingw64,ctr,decrypt,4096,13,100,0.737500,0.007375000,529.661017
windows11-mingw64,ctr,decrypt,4096,14,100,0.908400,0.009084000,430.014311
windows11-mingw64,ctr,decrypt,4096,15,100,0.591600,0.005916000,660.285666
windows11-mingw64,ctr,decrypt,4096,16,100,0.455000,0.004550000,858.516484
windows11-mingw64,ctr,decrypt,4096,17,100,0.429400,0.004294000,909.699581
windows11-mingw64,ctr,decrypt,4096,18,100,0.436000,0.004360000,895.928899
windows11-mingw64,ctr,decrypt,4096,19,100,0.428000,0.004280000,912.675234
windows11-mingw64,ctr,decrypt,4096,20,100,0.444400,0.004444000,878.994149
windows11-mingw64,ctr,decrypt,4096,21,100,0.426400,0.004264000,916.099906
windows11-mingw64,ctr,decrypt,4096,22,100,0.432500,0.004325000,903.179191
windows11-mingw64,ctr,decrypt,4096,23,100,0.435600,0.004356000,896.751607
windows11-mingw64,ctr,decrypt,4096,24,100,0.433900,0.004339000,900.265038
windows11-mingw64,ctr,decrypt,4096,25,100,0.436200,0.004362000,895.518111
windows11-mingw64,ctr,decrypt,4096,26,100,0.439600,0.004396000,888.591902
windows11-mingw64,ctr,decrypt,4096,27,100,0.845100,0.008451000,462.223406
windows11-mingw64,ctr,decrypt,4096,28,100,0.527100,0.005271000,741.083286
windows11-mingw64,ctr,decrypt,4096,29,100,0.458800,0.004588000,851.405841
windows11-mingw64,ctr,decrypt,4096,30,100,0.454100,0.004541000,860.218014
windows11-mingw64,ctr,encrypt,16384,1,100,0.895300,0.008953000,1745.225064
windows11-mingw64,ctr,encrypt,16384,2,100,0.887900,0.008879000,1759.770244
windows11-mingw64,ctr,encrypt,16384,3,100,0.934500,0.009345000,1672.017121
windows11-mingw64,ctr,encrypt,16384,4,100,0.902000,0.009020000,1732.261641
windows11-mingw64,ctr,encrypt,16384,5,100,0.917400,0.009174000,1703.182908
windows11-mingw64,ctr,encrypt,16384,6,100,1.394600,0.013946000,1120.392944
windows11-mingw64,ctr,encrypt,16384,7,100,0.932400,0.009324000,1675.782926
windows11-mingw64,ctr,encrypt,16384,8,100,0.906200,0.009062000,1724.233061
windows11-mingw64,ctr,encrypt,16384,9,100,0.888900,0.008889000,1757.790528
windows11-mingw64,ctr,encrypt,16384,10,100,0.899900,0.008999000,1736.304034
windows11-mingw64,ctr,encrypt,16384,11,100,0.887800,0.008878000,1759.968461
windows11-mingw64,ctr,encrypt,16384,12,100,0.898500,0.008985000,1739.009460
windows11-mingw64,ctr,encrypt,16384,13,100,1.614700,0.016147000,967.672013
windows11-mingw64,ctr,encrypt,16384,14,100,0.942400,0.009424000,1658.000849
windows11-mingw64,ctr,encrypt,16384,15,100,0.892400,0.008924000,1750.896459
windows11-mingw64,ctr,encrypt,16384,16,100,0.886700,0.008867000,1762.151799
windows11-mingw64,ctr,encrypt,16384,17,100,0.916000,0.009160000,1705.786026
windows11-mingw64,ctr,encrypt,16384,18,100,0.890500,0.008905000,1754.632229
windows11-mingw64,ctr,encrypt,16384,19,100,0.882300,0.008823000,1770.939590
windows11-mingw64,ctr,encrypt,16384,20,100,1.637300,0.016373000,954.315031
windows11-mingw64,ctr,encrypt,16384,21,100,0.950000,0.009500000,1644.736842
windows11-mingw64,ctr,encrypt,16384,22,100,0.889200,0.008892000,1757.197481
windows11-mingw64,ctr,encrypt,16384,23,100,0.889400,0.008894000,1756.802339
windows11-mingw64,ctr,encrypt,16384,24,100,0.881700,0.008817000,1772.144720
windows11-mingw64,ctr,encrypt,16384,25,100,0.884700,0.008847000,1766.135413
windows11-mingw64,ctr,encrypt,16384,26,100,0.878400,0.008784000,1778.802368
windows11-mingw64,ctr,encrypt,16384,27,100,1.075000,0.010750000,1453.488372
windows11-mingw64,ctr,encrypt,16384,28,100,1.157700,0.011577000,1349.658806
windows11-mingw64,ctr,encrypt,16384,29,100,0.958600,0.009586000,1629.981223
windows11-mingw64,ctr,encrypt,16384,30,100,0.908000,0.009080000,1720.814978
windows11-mingw64,ctr,decrypt,16384,1,100,0.881300,0.008813000,1772.949053
windows11-mingw64,ctr,decrypt,16384,2,100,0.890500,0.008905000,1754.632229
windows11-mingw64,ctr,decrypt,16384,3,100,0.895100,0.008951000,1745.615015
windows11-mingw64,ctr,decrypt,16384,4,100,1.193400,0.011934000,1309.284398
windows11-mingw64,ctr,decrypt,16384,5,100,1.028800,0.010288000,1518.759720
windows11-mingw64,ctr,decrypt,16384,6,100,0.942500,0.009425000,1657.824934
windows11-mingw64,ctr,decrypt,16384,7,100,0.894100,0.008941000,1747.567386
windows11-mingw64,ctr,decrypt,16384,8,100,0.896000,0.008960000,1743.861607
windows11-mingw64,ctr,decrypt,16384,9,100,0.881700,0.008817000,1772.144720
windows11-mingw64,ctr,decrypt,16384,10,100,1.155100,0.011551000,1352.696736
windows11-mingw64,ctr,decrypt,16384,11,100,1.393000,0.013930000,1121.679828
windows11-mingw64,ctr,decrypt,16384,12,100,0.944900,0.009449000,1653.614139
windows11-mingw64,ctr,decrypt,16384,13,100,0.889100,0.008891000,1757.395119
windows11-mingw64,ctr,decrypt,16384,14,100,0.895300,0.008953000,1745.225064
windows11-mingw64,ctr,decrypt,16384,15,100,0.893000,0.008930000,1749.720045
windows11-mingw64,ctr,decrypt,16384,16,100,0.890500,0.008905000,1754.632229
windows11-mingw64,ctr,decrypt,16384,17,100,0.884700,0.008847000,1766.135413
windows11-mingw64,ctr,decrypt,16384,18,100,1.314400,0.013144000,1188.755326
windows11-mingw64,ctr,decrypt,16384,19,100,0.924600,0.009246000,1689.919965
windows11-mingw64,ctr,decrypt,16384,20,100,0.895900,0.008959000,1744.056256
windows11-mingw64,ctr,decrypt,16384,21,100,0.938500,0.009385000,1664.890783
windows11-mingw64,ctr,decrypt,16384,22,100,0.903600,0.009036000,1729.194334
windows11-mingw64,ctr,decrypt,16384,23,100,0.882900,0.008829000,1769.736097
windows11-mingw64,ctr,decrypt,16384,24,100,0.872600,0.008726000,1790.625716
windows11-mingw64,ctr,decrypt,16384,25,100,1.079200,0.010792000,1447.831727
windows11-mingw64,ctr,decrypt,16384,26,100,1.631500,0.016315000,957.707631
windows11-mingw64,ctr,decrypt,16384,27,100,0.948200,0.009482000,1647.859101
windows11-mingw64,ctr,decrypt,16384,28,100,0.916900,0.009169000,1704.111681
windows11-mingw64,ctr,decrypt,16384,29,100,0.907800,0.009078000,1721.194096
windows11-mingw64,ctr,decrypt,16384,30,100,0.896800,0.008968000,1742.305977
windows11-mingw64,ctr,encrypt,262144,1,100,11.333300,0.113333000,2205.888841
windows11-mingw64,ctr,encrypt,262144,2,100,9.912100,0.099121000,2522.169873
windows11-mingw64,ctr,encrypt,262144,3,100,9.897000,0.098970000,2526.017985
windows11-mingw64,ctr,encrypt,262144,4,100,9.898800,0.098988000,2525.558654
windows11-mingw64,ctr,encrypt,262144,5,100,10.149100,0.101491000,2463.272605
windows11-mingw64,ctr,encrypt,262144,6,100,9.800200,0.098002000,2550.968348
windows11-mingw64,ctr,encrypt,262144,7,100,10.187900,0.101879000,2453.891381
windows11-mingw64,ctr,encrypt,262144,8,100,9.962400,0.099624000,2509.435477
windows11-mingw64,ctr,encrypt,262144,9,100,10.769400,0.107694000,2321.392092
windows11-mingw64,ctr,encrypt,262144,10,100,9.797600,0.097976000,2551.645301
windows11-mingw64,ctr,encrypt,262144,11,100,10.502400,0.105024000,2380.408288
windows11-mingw64,ctr,encrypt,262144,12,100,9.687500,0.096875000,2580.645161
windows11-mingw64,ctr,encrypt,262144,13,100,9.792200,0.097922000,2553.052429
windows11-mingw64,ctr,encrypt,262144,14,100,10.181000,0.101810000,2455.554464
windows11-mingw64,ctr,encrypt,262144,15,100,9.794300,0.097943000,2552.505028
windows11-mingw64,ctr,encrypt,262144,16,100,10.471000,0.104710000,2387.546557
windows11-mingw64,ctr,encrypt,262144,17,100,9.762900,0.097629000,2560.714542
windows11-mingw64,ctr,encrypt,262144,18,100,10.726000,0.107260000,2330.785008
windows11-mingw64,ctr,encrypt,262144,19,100,9.896400,0.098964000,2526.171133
windows11-mingw64,ctr,encrypt,262144,20,100,10.193200,0.101932000,2452.615469
windows11-mingw64,ctr,encrypt,262144,21,100,9.840400,0.098404000,2540.547132
windows11-mingw64,ctr,encrypt,262144,22,100,10.126600,0.101266000,2468.745680
windows11-mingw64,ctr,encrypt,262144,23,100,9.746200,0.097462000,2565.102296
windows11-mingw64,ctr,encrypt,262144,24,100,9.828600,0.098286000,2543.597257
windows11-mingw64,ctr,encrypt,262144,25,100,10.877300,0.108773000,2298.364484
windows11-mingw64,ctr,encrypt,262144,26,100,9.977800,0.099778000,2505.562348
windows11-mingw64,ctr,encrypt,262144,27,100,10.227700,0.102277000,2444.342325
windows11-mingw64,ctr,encrypt,262144,28,100,9.799100,0.097991000,2551.254707
windows11-mingw64,ctr,encrypt,262144,29,100,10.401300,0.104013000,2403.545711
windows11-mingw64,ctr,encrypt,262144,30,100,10.147100,0.101471000,2463.758118
windows11-mingw64,ctr,decrypt,262144,1,100,10.876300,0.108763000,2298.575802
windows11-mingw64,ctr,decrypt,262144,2,100,10.056500,0.100565000,2485.954358
windows11-mingw64,ctr,decrypt,262144,3,100,10.433700,0.104337000,2396.081927
windows11-mingw64,ctr,decrypt,262144,4,100,10.164100,0.101641000,2459.637351
windows11-mingw64,ctr,decrypt,262144,5,100,10.790800,0.107908000,2316.788375
windows11-mingw64,ctr,decrypt,262144,6,100,10.052800,0.100528000,2486.869330
windows11-mingw64,ctr,decrypt,262144,7,100,11.050300,0.110503000,2262.382017
windows11-mingw64,ctr,decrypt,262144,8,100,10.491400,0.104914000,2382.904093
windows11-mingw64,ctr,decrypt,262144,9,100,11.194700,0.111947000,2233.199639
windows11-mingw64,ctr,decrypt,262144,10,100,10.112500,0.101125000,2472.187886
windows11-mingw64,ctr,decrypt,262144,11,100,10.779500,0.107795000,2319.217032
windows11-mingw64,ctr,decrypt,262144,12,100,10.716400,0.107164000,2332.872980
windows11-mingw64,ctr,decrypt,262144,13,100,10.641500,0.106415000,2349.292863
windows11-mingw64,ctr,decrypt,262144,14,100,10.462700,0.104627000,2389.440584
windows11-mingw64,ctr,decrypt,262144,15,100,10.589700,0.105897000,2360.784536
windows11-mingw64,ctr,decrypt,262144,16,100,10.071700,0.100717000,2482.202607
windows11-mingw64,ctr,decrypt,262144,17,100,10.776900,0.107769000,2319.776559
windows11-mingw64,ctr,decrypt,262144,18,100,10.781200,0.107812000,2318.851334
windows11-mingw64,ctr,decrypt,262144,19,100,10.966400,0.109664000,2279.690692
windows11-mingw64,ctr,decrypt,262144,20,100,10.524400,0.105244000,2375.432329
windows11-mingw64,ctr,decrypt,262144,21,100,10.362500,0.103625000,2412.545235
windows11-mingw64,ctr,decrypt,262144,22,100,10.843900,0.108439000,2305.443613
windows11-mingw64,ctr,decrypt,262144,23,100,10.168200,0.101682000,2458.645581
windows11-mingw64,ctr,decrypt,262144,24,100,10.375600,0.103756000,2409.499210
windows11-mingw64,ctr,decrypt,262144,25,100,10.527200,0.105272000,2374.800517
windows11-mingw64,ctr,decrypt,262144,26,100,10.533400,0.105334000,2373.402700
windows11-mingw64,ctr,decrypt,262144,27,100,10.206500,0.102065000,2449.419488
windows11-mingw64,ctr,decrypt,262144,28,100,10.844400,0.108444000,2305.337317
windows11-mingw64,ctr,decrypt,262144,29,100,10.997900,0.109979000,2273.161240
windows11-mingw64,ctr,decrypt,262144,30,100,10.530800,0.105308000,2373.988681
windows11-mingw64,ctr,encrypt,1048576,1,100,95.454400,0.954544000,1047.620644
windows11-mingw64,ctr,encrypt,1048576,2,100,99.139200,0.991392000,1008.682741
windows11-mingw64,ctr,encrypt,1048576,3,100,95.009500,0.950095000,1052.526326
windows11-mingw64,ctr,encrypt,1048576,4,100,94.720500,0.947205000,1055.737670
windows11-mingw64,ctr,encrypt,1048576,5,100,92.652100,0.926521000,1079.306351
windows11-mingw64,ctr,encrypt,1048576,6,100,96.363700,0.963637000,1037.735164
windows11-mingw64,ctr,encrypt,1048576,7,100,93.639800,0.936398000,1067.921973
windows11-mingw64,ctr,encrypt,1048576,8,100,91.865300,0.918653000,1088.550301
windows11-mingw64,ctr,encrypt,1048576,9,100,92.048100,0.920481000,1086.388529
windows11-mingw64,ctr,encrypt,1048576,10,100,91.258000,0.912580000,1095.794341
windows11-mingw64,ctr,encrypt,1048576,11,100,91.239200,0.912392000,1096.020132
windows11-mingw64,ctr,encrypt,1048576,12,100,98.453100,0.984531000,1015.712050
windows11-mingw64,ctr,encrypt,1048576,13,100,95.657100,0.956571000,1045.400707
windows11-mingw64,ctr,encrypt,1048576,14,100,93.904400,0.939044000,1064.912826
windows11-mingw64,ctr,encrypt,1048576,15,100,96.487300,0.964873000,1036.405828
windows11-mingw64,ctr,encrypt,1048576,16,100,94.301900,0.943019000,1060.424021
windows11-mingw64,ctr,encrypt,1048576,17,100,95.696800,0.956968000,1044.967021
windows11-mingw64,ctr,encrypt,1048576,18,100,96.657600,0.966576000,1034.579795
windows11-mingw64,ctr,encrypt,1048576,19,100,95.291800,0.952918000,1049.408239
windows11-mingw64,ctr,encrypt,1048576,20,100,95.129600,0.951296000,1051.197524
windows11-mingw64,ctr,encrypt,1048576,21,100,96.171200,0.961712000,1039.812335
windows11-mingw64,ctr,encrypt,1048576,22,100,94.037800,0.940378000,1063.402164
windows11-mingw64,ctr,encrypt,1048576,23,100,95.390200,0.953902000,1048.325719
windows11-mingw64,ctr,encrypt,1048576,24,100,93.116000,0.931160000,1073.929292
windows11-mingw64,ctr,encrypt,1048576,25,100,94.254400,0.942544000,1060.958427
windows11-mingw64,ctr,encrypt,1048576,26,100,96.993700,0.969937000,1030.994797
windows11-mingw64,ctr,encrypt,1048576,27,100,95.499900,0.954999000,1047.121515
windows11-mingw64,ctr,encrypt,1048576,28,100,94.675900,0.946759000,1056.235008
windows11-mingw64,ctr,encrypt,1048576,29,100,95.087900,0.950879000,1051.658518
windows11-mingw64,ctr,encrypt,1048576,30,100,94.533800,0.945338000,1057.822705
windows11-mingw64,ctr,decrypt,1048576,1,100,98.824400,0.988244000,1011.895848
windows11-mingw64,ctr,decrypt,1048576,2,100,98.763900,0.987639000,1012.515707
windows11-mingw64,ctr,decrypt,1048576,3,100,98.096700,0.980967000,1019.402284
windows11-mingw64,ctr,decrypt,1048576,4,100,98.300200,0.983002000,1017.291928
windows11-mingw64,ctr,decrypt,1048576,5,100,98.129800,0.981298000,1019.058431
windows11-mingw64,ctr,decrypt,1048576,6,100,99.750700,0.997507000,1002.499231
windows11-mingw64,ctr,decrypt,1048576,7,100,97.283200,0.972832000,1027.926713
windows11-mingw64,ctr,decrypt,1048576,8,100,99.048700,0.990487000,1009.604366
windows11-mingw64,ctr,decrypt,1048576,9,100,97.869000,0.978690000,1021.774004
windows11-mingw64,ctr,decrypt,1048576,10,100,97.769800,0.977698000,1022.810725
windows11-mingw64,ctr,decrypt,1048576,11,100,99.171600,0.991716000,1008.353198
windows11-mingw64,ctr,decrypt,1048576,12,100,96.526600,0.965266000,1035.983864
windows11-mingw64,ctr,decrypt,1048576,13,100,98.754200,0.987542000,1012.615160
windows11-mingw64,ctr,decrypt,1048576,14,100,100.741100,1.007411000,992.643519
windows11-mingw64,ctr,decrypt,1048576,15,100,97.787900,0.977879000,1022.621408
windows11-mingw64,ctr,decrypt,1048576,16,100,98.698500,0.986985000,1013.186624
windows11-mingw64,ctr,decrypt,1048576,17,100,98.374200,0.983742000,1016.526691
windows11-mingw64,ctr,decrypt,1048576,18,100,97.530700,0.975307000,1025.318182
windows11-mingw64,ctr,decrypt,1048576,19,100,97.756800,0.977568000,1022.946741
windows11-mingw64,ctr,decrypt,1048576,20,100,96.219600,0.962196000,1039.289292
windows11-mingw64,ctr,decrypt,1048576,21,100,97.207600,0.972076000,1028.726149
windows11-mingw64,ctr,decrypt,1048576,22,100,99.730300,0.997303000,1002.704293
windows11-mingw64,ctr,decrypt,1048576,23,100,98.744000,0.987440000,1012.719760
windows11-mingw64,ctr,decrypt,1048576,24,100,98.405300,0.984053000,1016.205428
windows11-mingw64,ctr,decrypt,1048576,25,100,99.339400,0.993394000,1006.649929
windows11-mingw64,ctr,decrypt,1048576,26,100,99.109900,0.991099000,1008.980939
windows11-mingw64,ctr,decrypt,1048576,27,100,98.581100,0.985811000,1014.393225
windows11-mingw64,ctr,decrypt,1048576,28,100,98.688100,0.986881000,1013.293396
windows11-mingw64,ctr,decrypt,1048576,29,100,99.448300,0.994483000,1005.547606
windows11-mingw64,ctr,decrypt,1048576,30,100,97.295700,0.972957000,1027.794651
windows11-mingw64,ctr,encrypt,8388608,1,100,921.843400,9.218434000,867.826357
windows11-mingw64,ctr,encrypt,8388608,2,100,924.652700,9.246527000,865.189709
windows11-mingw64,ctr,encrypt,8388608,3,100,918.639000,9.186390000,870.853513
windows11-mingw64,ctr,encrypt,8388608,4,100,923.523900,9.235239000,866.247208
windows11-mingw64,ctr,encrypt,8388608,5,100,878.664000,8.786640000,910.473173
windows11-mingw64,ctr,encrypt,8388608,6,100,906.743000,9.067430000,882.278661
windows11-mingw64,ctr,encrypt,8388608,7,100,922.688200,9.226882000,867.031788
windows11-mingw64,ctr,encrypt,8388608,8,100,924.659200,9.246592000,865.183627
windows11-mingw64,ctr,encrypt,8388608,9,100,918.597300,9.185973000,870.893045
windows11-mingw64,ctr,encrypt,8388608,10,100,915.731800,9.157318000,873.618236
windows11-mingw64,ctr,encrypt,8388608,11,100,891.798500,8.917985000,897.063630
windows11-mingw64,ctr,encrypt,8388608,12,100,882.714200,8.827142000,906.295605
windows11-mingw64,ctr,encrypt,8388608,13,100,917.379700,9.173797000,872.048945
windows11-mingw64,ctr,encrypt,8388608,14,100,921.362200,9.213622000,868.279597
windows11-mingw64,ctr,encrypt,8388608,15,100,915.019200,9.150192000,874.298594
windows11-mingw64,ctr,encrypt,8388608,16,100,930.254000,9.302540000,859.980177
windows11-mingw64,ctr,encrypt,8388608,17,100,910.531600,9.105316000,878.607618
windows11-mingw64,ctr,encrypt,8388608,18,100,914.695900,9.146959000,874.607615
windows11-mingw64,ctr,encrypt,8388608,19,100,913.613900,9.136139000,875.643420
windows11-mingw64,ctr,encrypt,8388608,20,100,920.550900,9.205509000,869.044830
windows11-mingw64,ctr,encrypt,8388608,21,100,907.326600,9.073266000,881.711172
windows11-mingw64,ctr,encrypt,8388608,22,100,914.985500,9.149855000,874.330795
windows11-mingw64,ctr,encrypt,8388608,23,100,920.989900,9.209899000,868.630590
windows11-mingw64,ctr,encrypt,8388608,24,100,927.550100,9.275501000,862.487104
windows11-mingw64,ctr,encrypt,8388608,25,100,918.277800,9.182778000,871.196059
windows11-mingw64,ctr,encrypt,8388608,26,100,913.580900,9.135809000,875.675050
windows11-mingw64,ctr,encrypt,8388608,27,100,918.752500,9.187525000,870.745930
windows11-mingw64,ctr,encrypt,8388608,28,100,965.678600,9.656786000,828.432980
windows11-mingw64,ctr,encrypt,8388608,29,100,972.095700,9.720957000,822.964241
windows11-mingw64,ctr,encrypt,8388608,30,100,922.456200,9.224562000,867.249849
windows11-mingw64,ctr,decrypt,8388608,1,100,917.764700,9.177647000,871.683123
windows11-mingw64,ctr,decrypt,8388608,2,100,892.053200,8.920532000,896.807500
windows11-mingw64,ctr,decrypt,8388608,3,100,894.810300,8.948103000,894.044246
windows11-mingw64,ctr,decrypt,8388608,4,100,922.600500,9.226005000,867.114206
windows11-mingw64,ctr,decrypt,8388608,5,100,927.919400,9.279194000,862.143846
windows11-mingw64,ctr,decrypt,8388608,6,100,924.086600,9.240866000,865.719728
windows11-mingw64,ctr,decrypt,8388608,7,100,931.140600,9.311406000,859.161334
windows11-mingw64,ctr,decrypt,8388608,8,100,934.262100,9.342621000,856.290756
windows11-mingw64,ctr,decrypt,8388608,9,100,914.290800,9.142908000,874.995133
windows11-mingw64,ctr,decrypt,8388608,10,100,918.220000,9.182200000,871.250898
windows11-mingw64,ctr,decrypt,8388608,11,100,941.754900,9.417549000,849.477927
windows11-mingw64,ctr,decrypt,8388608,12,100,911.290200,9.112902000,877.876224
windows11-mingw64,ctr,decrypt,8388608,13,100,899.440900,8.994409000,889.441430
windows11-mingw64,ctr,decrypt,8388608,14,100,928.005200,9.280052000,862.064135
windows11-mingw64,ctr,decrypt,8388608,15,100,929.576400,9.295764000,860.607046
windows11-mingw64,ctr,decrypt,8388608,16,100,918.750400,9.187504000,870.747920
windows11-mingw64,ctr,decrypt,8388608,17,100,881.527700,8.815277000,907.515442
windows11-mingw64,ctr,decrypt,8388608,18,100,883.989200,8.839892000,904.988432
windows11-mingw64,ctr,decrypt,8388608,19,100,918.195500,9.181955000,871.274146
windows11-mingw64,ctr,decrypt,8388608,20,100,920.356200,9.203562000,869.228675
windows11-mingw64,ctr,decrypt,8388608,21,100,924.516300,9.245163000,865.317356
windows11-mingw64,ctr,decrypt,8388608,22,100,928.590900,9.285909000,861.520396
windows11-mingw64,ctr,decrypt,8388608,23,100,928.497800,9.284978000,861.606780
windows11-mingw64,ctr,decrypt,8388608,24,100,931.017200,9.310172000,859.275210
windows11-mingw64,ctr,decrypt,8388608,25,100,901.604000,9.016040000,887.307510
windows11-mingw64,ctr,decrypt,8388608,26,100,890.274500,8.902745000,898.599252
windows11-mingw64,ctr,decrypt,8388608,27,100,883.115300,8.831153000,905.883977
windows11-mingw64,ctr,decrypt,8388608,28,100,896.053700,8.960537000,892.803634
windows11-mingw64,ctr,decrypt,8388608,29,100,906.523500,9.065235000,882.492291
windows11-mingw64,ctr,decrypt,8388608,30,100,928.661700,9.286617000,861.454715
windows11-mingw64,gcm,encrypt,1024,1,100,0.648900,0.006489000,150.495069
windows11-mingw64,gcm,encrypt,1024,2,100,0.431600,0.004316000,226.265639
windows11-mingw64,gcm,encrypt,1024,3,100,0.383300,0.003833000,254.777589
windows11-mingw64,gcm,encrypt,1024,4,100,0.564700,0.005647000,172.934744
windows11-mingw64,gcm,encrypt,1024,5,100,0.641500,0.006415000,152.231099
windows11-mingw64,gcm,encrypt,1024,6,100,0.672700,0.006727000,145.170581
windows11-mingw64,gcm,encrypt,1024,7,100,0.659400,0.006594000,148.098650
windows11-mingw64,gcm,encrypt,1024,8,100,0.666100,0.006661000,146.608993
windows11-mingw64,gcm,encrypt,1024,9,100,0.653400,0.006534000,149.458601
windows11-mingw64,gcm,encrypt,1024,10,100,0.932900,0.009329000,104.680298
windows11-mingw64,gcm,encrypt,1024,11,100,0.689600,0.006896000,141.612892
windows11-mingw64,gcm,encrypt,1024,12,100,0.426000,0.004260000,229.240023
windows11-mingw64,gcm,encrypt,1024,13,100,0.449400,0.004494000,217.303627
windows11-mingw64,gcm,encrypt,1024,14,100,0.696900,0.006969000,140.129502
windows11-mingw64,gcm,encrypt,1024,15,100,0.626100,0.006261000,155.975483
windows11-mingw64,gcm,encrypt,1024,16,100,0.408500,0.004085000,239.060588
windows11-mingw64,gcm,encrypt,1024,17,100,0.456700,0.004567000,213.830195
windows11-mingw64,gcm,encrypt,1024,18,100,0.569300,0.005693000,171.537414
windows11-mingw64,gcm,encrypt,1024,19,100,0.469500,0.004695000,208.000532
windows11-mingw64,gcm,encrypt,1024,20,100,0.412600,0.004126000,236.685046
windows11-mingw64,gcm,encrypt,1024,21,100,0.399400,0.003994000,244.507386
windows11-mingw64,gcm,encrypt,1024,22,100,0.385500,0.003855000,253.323606
windows11-mingw64,gcm,encrypt,1024,23,100,0.669500,0.006695000,145.864451
windows11-mingw64,gcm,encrypt,1024,24,100,0.880800,0.008808000,110.872218
windows11-mingw64,gcm,encrypt,1024,25,100,0.740000,0.007400000,131.967905
windows11-mingw64,gcm,encrypt,1024,26,100,0.450700,0.004507000,216.676836
windows11-mingw64,gcm,encrypt,1024,27,100,0.387300,0.003873000,252.146269
windows11-mingw64,gcm,encrypt,1024,28,100,0.396200,0.003962000,246.482206
windows11-mingw64,gcm,encrypt,1024,29,100,0.384200,0.003842000,254.180765
windows11-mingw64,gcm,encrypt,1024,30,100,0.383200,0.003832000,254.844076
windows11-mingw64,gcm,decrypt,1024,1,100,0.502300,0.005023000,194.418176
windows11-mingw64,gcm,decrypt,1024,2,100,0.521500,0.005215000,187.260307
windows11-mingw64,gcm,decrypt,1024,3,100,0.511200,0.005112000,191.033353
windows11-mingw64,gcm,decrypt,1024,4,100,0.508700,0.005087000,191.972184
windows11-mingw64,gcm,decrypt,1024,5,100,0.504700,0.005047000,193.493660
windows11-mingw64,gcm,decrypt,1024,6,100,0.521000,0.005210000,187.440019
windows11-mingw64,gcm,decrypt,1024,7,100,0.809800,0.008098000,120.593048
windows11-mingw64,gcm,decrypt,1024,8,100,0.555900,0.005559000,175.672333
windows11-mingw64,gcm,decrypt,1024,9,100,0.522000,0.005220000,187.080939
windows11-mingw64,gcm,decrypt,1024,10,100,0.512300,0.005123000,190.623170
windows11-mingw64,gcm,decrypt,1024,11,100,0.502700,0.005027000,194.263477
windows11-mingw64,gcm,decrypt,1024,12,100,0.507200,0.005072000,192.539925
windows11-mingw64,gcm,decrypt,1024,13,100,0.519400,0.005194000,188.017424
windows11-mingw64,gcm,decrypt,1024,14,100,0.508900,0.005089000,191.896738
windows11-mingw64,gcm,decrypt,1024,15,100,0.507000,0.005070000,192.615878
windows11-mingw64,gcm,decrypt,1024,16,100,0.504000,0.005040000,193.762401
windows11-mingw64,gcm,decrypt,1024,17,100,0.518700,0.005187000,188.271159
windows11-mingw64,gcm,decrypt,1024,18,100,0.504500,0.005045000,193.570367
windows11-mingw64,gcm,decrypt,1024,19,100,0.581900,0.005819000,167.823080
windows11-mingw64,gcm,decrypt,1024,20,100,0.816300,0.008163000,119.632794
windows11-mingw64,gcm,decrypt,1024,21,100,0.550900,0.005509000,177.266745
windows11-mingw64,gcm,decrypt,1024,22,100,0.526100,0.005261000,185.622980
windows11-mingw64,gcm,decrypt,1024,23,100,0.528700,0.005287000,184.710138
windows11-mingw64,gcm,decrypt,1024,24,100,0.513200,0.005132000,190.288874
windows11-mingw64,gcm,decrypt,1024,25,100,0.505200,0.005052000,193.302158
windows11-mingw64,gcm,decrypt,1024,26,100,0.505900,0.005059000,193.034691
windows11-mingw64,gcm,decrypt,1024,27,100,0.515500,0.005155000,189.439864
windows11-mingw64,gcm,decrypt,1024,28,100,0.508100,0.005081000,192.198878
windows11-mingw64,gcm,decrypt,1024,29,100,0.527900,0.005279000,184.990055
windows11-mingw64,gcm,decrypt,1024,30,100,0.502700,0.005027000,194.263477
windows11-mingw64,gcm,encrypt,4096,1,100,0.630800,0.006308000,619.253329
windows11-mingw64,gcm,encrypt,4096,2,100,0.689400,0.006894000,566.615898
windows11-mingw64,gcm,encrypt,4096,3,100,0.589300,0.005893000,662.862718
windows11-mingw64,gcm,encrypt,4096,4,100,0.912000,0.009120000,428.316886
windows11-mingw64,gcm,encrypt,4096,5,100,0.632300,0.006323000,617.784280
windows11-mingw64,gcm,encrypt,4096,6,100,0.596200,0.005962000,655.191211
windows11-mingw64,gcm,encrypt,4096,7,100,0.582000,0.005820000,671.176976
windows11-mingw64,gcm,encrypt,4096,8,100,0.588600,0.005886000,663.651036
windows11-mingw64,gcm,encrypt,4096,9,100,0.579200,0.005792000,674.421616
windows11-mingw64,gcm,encrypt,4096,10,100,0.590600,0.005906000,661.403657
windows11-mingw64,gcm,encrypt,4096,11,100,0.577900,0.005779000,675.938744
windows11-mingw64,gcm,encrypt,4096,12,100,0.734200,0.007342000,532.041678
windows11-mingw64,gcm,encrypt,4096,13,100,0.717300,0.007173000,544.576886
windows11-mingw64,gcm,encrypt,4096,14,100,0.643700,0.006437000,606.843250
windows11-mingw64,gcm,encrypt,4096,15,100,0.777900,0.007779000,502.153233
windows11-mingw64,gcm,encrypt,4096,16,100,0.652300,0.006523000,598.842557
windows11-mingw64,gcm,encrypt,4096,17,100,0.605100,0.006051000,645.554454
windows11-mingw64,gcm,encrypt,4096,18,100,0.571900,0.005719000,683.030250
windows11-mingw64,gcm,encrypt,4096,19,100,0.620000,0.006200000,630.040323
windows11-mingw64,gcm,encrypt,4096,20,100,0.593000,0.005930000,658.726813
windows11-mingw64,gcm,encrypt,4096,21,100,0.583300,0.005833000,669.681125
windows11-mingw64,gcm,encrypt,4096,22,100,0.581100,0.005811000,672.216486
windows11-mingw64,gcm,encrypt,4096,23,100,1.567500,0.015675000,249.202552
windows11-mingw64,gcm,encrypt,4096,24,100,1.041200,0.010412000,375.168075
windows11-mingw64,gcm,encrypt,4096,25,100,0.935900,0.009359000,417.378993
windows11-mingw64,gcm,encrypt,4096,26,100,0.994700,0.009947000,392.706344
windows11-mingw64,gcm,encrypt,4096,27,100,0.968000,0.009680000,403.538223
windows11-mingw64,gcm,encrypt,4096,28,100,0.985000,0.009850000,396.573604
windows11-mingw64,gcm,encrypt,4096,29,100,1.243200,0.012432000,314.209299
windows11-mingw64,gcm,encrypt,4096,30,100,0.982500,0.009825000,397.582697
windows11-mingw64,gcm,decrypt,4096,1,100,0.682500,0.006825000,572.344322
windows11-mingw64,gcm,decrypt,4096,2,100,0.666000,0.006660000,586.524024
windows11-mingw64,gcm,decrypt,4096,3,100,0.671200,0.006712000,581.980036
windows11-mingw64,gcm,decrypt,4096,4,100,0.666600,0.006666000,585.996100
windows11-mingw64,gcm,decrypt,4096,5,100,0.661600,0.006616000,590.424728
windows11-mingw64,gcm,decrypt,4096,6,100,0.669400,0.006694000,583.544966
windows11-mingw64,gcm,decrypt,4096,7,100,0.666600,0.006666000,585.996100
windows11-mingw64,gcm,decrypt,4096,8,100,0.742800,0.007428000,525.881799
windows11-mingw64,gcm,decrypt,4096,9,100,1.120300,0.011203000,348.678925
windows11-mingw64,gcm,decrypt,4096,10,100,0.747900,0.007479000,522.295761
windows11-mingw64,gcm,decrypt,4096,11,100,0.678100,0.006781000,576.058104
windows11-mingw64,gcm,decrypt,4096,12,100,0.666900,0.006669000,585.732494
windows11-mingw64,gcm,decrypt,4096,13,100,0.675300,0.006753000,578.446616
windows11-mingw64,gcm,decrypt,4096,14,100,0.666800,0.006668000,585.820336
windows11-mingw64,gcm,decrypt,4096,15,100,0.665200,0.006652000,587.229405
windows11-mingw64,gcm,decrypt,4096,16,100,0.670800,0.006708000,582.327072
windows11-mingw64,gcm,decrypt,4096,17,100,0.666100,0.006661000,586.435971
windows11-mingw64,gcm,decrypt,4096,18,100,0.955000,0.009550000,409.031414
windows11-mingw64,gcm,decrypt,4096,19,100,0.729300,0.007293000,535.616344
windows11-mingw64,gcm,decrypt,4096,20,100,0.697300,0.006973000,560.196472
windows11-mingw64,gcm,decrypt,4096,21,100,0.697800,0.006978000,559.795070
windows11-mingw64,gcm,decrypt,4096,22,100,0.699700,0.006997000,558.274975
windows11-mingw64,gcm,decrypt,4096,23,100,0.676900,0.006769000,577.079332
windows11-mingw64,gcm,decrypt,4096,24,100,0.700100,0.007001000,557.956006
windows11-mingw64,gcm,decrypt,4096,25,100,0.671000,0.006710000,582.153502
windows11-mingw64,gcm,decrypt,4096,26,100,0.664900,0.006649000,587.494360
windows11-mingw64,gcm,decrypt,4096,27,100,0.786800,0.007868000,496.473055
windows11-mingw64,gcm,decrypt,4096,28,100,1.196000,0.011960000,326.609532
windows11-mingw64,gcm,decrypt,4096,29,100,1.207400,0.012074000,323.525758
windows11-mingw64,gcm,decrypt,4096,30,100,1.169300,0.011693000,334.067391
windows11-mingw64,gcm,encrypt,16384,1,100,2.135700,0.021357000,731.610245
windows11-mingw64,gcm,encrypt,16384,2,100,1.679900,0.016799000,930.114888
windows11-mingw64,gcm,encrypt,16384,3,100,1.447900,0.014479000,1079.149113
windows11-mingw64,gcm,encrypt,16384,4,100,1.451000,0.014510000,1076.843556
windows11-mingw64,gcm,encrypt,16384,5,100,1.369100,0.013691000,1141.260682
windows11-mingw64,gcm,encrypt,16384,6,100,1.356400,0.013564000,1151.946329
windows11-mingw64,gcm,encrypt,16384,7,100,1.631600,0.016316000,957.648934
windows11-mingw64,gcm,encrypt,16384,8,100,1.435600,0.014356000,1088.395096
windows11-mingw64,gcm,encrypt,16384,9,100,1.387400,0.013874000,1126.207294
windows11-mingw64,gcm,encrypt,16384,10,100,1.369800,0.013698000,1140.677471
windows11-mingw64,gcm,encrypt,16384,11,100,1.370800,0.013708000,1139.845346
windows11-mingw64,gcm,encrypt,16384,12,100,1.664900,0.016649000,938.494804
windows11-mingw64,gcm,encrypt,16384,13,100,1.402600,0.014026000,1114.002567
windows11-mingw64,gcm,encrypt,16384,14,100,1.395800,0.013958000,1119.429718
windows11-mingw64,gcm,encrypt,16384,15,100,1.438700,0.014387000,1086.049906
windows11-mingw64,gcm,encrypt,16384,16,100,1.518200,0.015182000,1029.179291
windows11-mingw64,gcm,encrypt,16384,17,100,1.495400,0.014954000,1044.870938
windows11-mingw64,gcm,encrypt,16384,18,100,1.383300,0.013833000,1129.545290
windows11-mingw64,gcm,encrypt,16384,19,100,1.379200,0.013792000,1132.903132
windows11-mingw64,gcm,encrypt,16384,20,100,1.352600,0.013526000,1155.182611
windows11-mingw64,gcm,encrypt,16384,21,100,1.578300,0.015783000,989.989229
windows11-mingw64,gcm,encrypt,16384,22,100,1.503300,0.015033000,1039.380031
windows11-mingw64,gcm,encrypt,16384,23,100,1.510500,0.015105000,1034.425687
windows11-mingw64,gcm,encrypt,16384,24,100,1.380600,0.013806000,1131.754310
windows11-mingw64,gcm,encrypt,16384,25,100,1.371000,0.013710000,1139.679066
windows11-mingw64,gcm,encrypt,16384,26,100,1.675600,0.016756000,932.501790
windows11-mingw64,gcm,encrypt,16384,27,100,1.441800,0.014418000,1083.714801
windows11-mingw64,gcm,encrypt,16384,28,100,1.360400,0.013604000,1148.559247
windows11-mingw64,gcm,encrypt,16384,29,100,1.362700,0.013627000,1146.620680
windows11-mingw64,gcm,encrypt,16384,30,100,1.360600,0.013606000,1148.390416
windows11-mingw64,gcm,decrypt,16384,1,100,1.654600,0.016546000,944.337000
windows11-mingw64,gcm,decrypt,16384,2,100,1.509200,0.015092000,1035.316724
windows11-mingw64,gcm,decrypt,16384,3,100,1.511200,0.015112000,1033.946533
windows11-mingw64,gcm,decrypt,16384,4,100,1.491400,0.014914000,1047.673327
windows11-mingw64,gcm,decrypt,16384,5,100,1.742100,0.017421000,896.906033
windows11-mingw64,gcm,decrypt,16384,6,100,1.516400,0.015164000,1030.400950
windows11-mingw64,gcm,decrypt,16384,7,100,1.499200,0.014992000,1042.222519
windows11-mingw64,gcm,decrypt,16384,8,100,1.481700,0.014817000,1054.531957
windows11-mingw64,gcm,decrypt,16384,9,100,2.036800,0.020368000,767.134721
windows11-mingw64,gcm,decrypt,16384,10,100,1.695700,0.016957000,921.448369
windows11-mingw64,gcm,decrypt,16384,11,100,1.679600,0.016796000,930.281019
windows11-mingw64,gcm,decrypt,16384,12,100,1.479300,0.014793000,1056.242818
windows11-mingw64,gcm,decrypt,16384,13,100,1.846700,0.018467000,846.103861
windows11-mingw64,gcm,decrypt,16384,14,100,1.642700,0.016427000,951.177939
windows11-mingw64,gcm,decrypt,16384,15,100,1.504700,0.015047000,1038.412973
windows11-mingw64,gcm,decrypt,16384,16,100,1.473800,0.014738000,1060.184557
windows11-mingw64,gcm,decrypt,16384,17,100,1.471400,0.014714000,1061.913824
windows11-mingw64,gcm,decrypt,16384,18,100,1.780200,0.017802000,877.710370
windows11-mingw64,gcm,decrypt,16384,19,100,1.557600,0.015576000,1003.145865
windows11-mingw64,gcm,decrypt,16384,20,100,1.504700,0.015047000,1038.412973
windows11-mingw64,gcm,decrypt,16384,21,100,1.465700,0.014657000,1066.043529
windows11-mingw64,gcm,decrypt,16384,22,100,1.983300,0.019833000,787.828367
windows11-mingw64,gcm,decrypt,16384,23,100,1.587500,0.015875000,984.251969
windows11-mingw64,gcm,decrypt,16384,24,100,1.488200,0.014882000,1049.926085
windows11-mingw64,gcm,decrypt,16384,25,100,1.463300,0.014633000,1067.791977
windows11-mingw64,gcm,decrypt,16384,26,100,2.097800,0.020978000,744.827915
windows11-mingw64,gcm,decrypt,16384,27,100,1.558600,0.015586000,1002.502246
windows11-mingw64,gcm,decrypt,16384,28,100,1.499000,0.014990000,1042.361574
windows11-mingw64,gcm,decrypt,16384,29,100,1.462100,0.014621000,1068.668354
windows11-mingw64,gcm,decrypt,16384,30,100,1.583900,0.015839000,986.489046
windows11-mingw64,gcm,encrypt,262144,1,100,17.538000,0.175380000,1425.476109
windows11-mingw64,gcm,encrypt,262144,2,100,21.221000,0.212210000,1178.078319
windows11-mingw64,gcm,encrypt,262144,3,100,19.963600,0.199636000,1252.279148
windows11-mingw64,gcm,encrypt,262144,4,100,16.849700,0.168497000,1483.705941
windows11-mingw64,gcm,encrypt,262144,5,100,16.699100,0.166991000,1497.086669
windows11-mingw64,gcm,encrypt,262144,6,100,23.551900,0.235519000,1061.485485
windows11-mingw64,gcm,encrypt,262144,7,100,19.120200,0.191202000,1307.517704
windows11-mingw64,gcm,encrypt,262144,8,100,16.590200,0.165902000,1506.913720
windows11-mingw64,gcm,encrypt,262144,9,100,22.916700,0.229167000,1090.907504
windows11-mingw64,gcm,encrypt,262144,10,100,16.830300,0.168303000,1485.416184
windows11-mingw64,gcm,encrypt,262144,11,100,20.933100,0.209331000,1194.280828
windows11-mingw64,gcm,encrypt,262144,12,100,16.934600,0.169346000,1476.267523
windows11-mingw64,gcm,encrypt,262144,13,100,16.723100,0.167231000,1494.938139
windows11-mingw64,gcm,encrypt,262144,14,100,17.446100,0.174461000,1432.985022
windows11-mingw64,gcm,encrypt,262144,15,100,18.070700,0.180707000,1383.454985
windows11-mingw64,gcm,encrypt,262144,16,100,17.794100,0.177941000,1404.960071
windows11-mingw64,gcm,encrypt,262144,17,100,18.456000,0.184560000,1354.573039
windows11-mingw64,gcm,encrypt,262144,18,100,17.725200,0.177252000,1410.421321
windows11-mingw64,gcm,encrypt,262144,19,100,21.366200,0.213662000,1170.072357
windows11-mingw64,gcm,encrypt,262144,20,100,22.749200,0.227492000,1098.939743
windows11-mingw64,gcm,encrypt,262144,21,100,23.862800,0.238628000,1047.655765
windows11-mingw64,gcm,encrypt,262144,22,100,19.249500,0.192495000,1298.735032
windows11-mingw64,gcm,encrypt,262144,23,100,24.763400,0.247634000,1009.554423
windows11-mingw64,gcm,encrypt,262144,24,100,23.407700,0.234077000,1068.024624
windows11-mingw64,gcm,encrypt,262144,25,100,18.934700,0.189347000,1320.327230
windows11-mingw64,gcm,encrypt,262144,26,100,21.349300,0.213493000,1170.998581
windows11-mingw64,gcm,encrypt,262144,27,100,25.173100,0.251731000,993.123612
windows11-mingw64,gcm,encrypt,262144,28,100,16.826400,0.168264000,1485.760472
windows11-mingw64,gcm,encrypt,262144,29,100,21.284100,0.212841000,1174.585724
windows11-mingw64,gcm,encrypt,262144,30,100,19.048600,0.190486000,1312.432410
windows11-mingw64,gcm,decrypt,262144,1,100,17.335600,0.173356000,1442.119108
windows11-mingw64,gcm,decrypt,262144,2,100,17.568700,0.175687000,1422.985195
windows11-mingw64,gcm,decrypt,262144,3,100,17.809200,0.178092000,1403.768839
windows11-mingw64,gcm,decrypt,262144,4,100,17.358600,0.173586000,1440.208312
windows11-mingw64,gcm,decrypt,262144,5,100,19.103200,0.191032000,1308.681268
windows11-mingw64,gcm,decrypt,262144,6,100,21.172800,0.211728000,1180.760221
windows11-mingw64,gcm,decrypt,262144,7,100,19.295800,0.192958000,1295.618736
windows11-mingw64,gcm,decrypt,262144,8,100,21.222900,0.212229000,1177.972850
windows11-mingw64,gcm,decrypt,262144,9,100,18.143400,0.181434000,1377.911527
windows11-mingw64,gcm,decrypt,262144,10,100,18.040500,0.180405000,1385.770904
windows11-mingw64,gcm,decrypt,262144,11,100,18.262800,0.182628000,1368.902906
windows11-mingw64,gcm,decrypt,262144,12,100,21.562800,0.215628000,1159.404159
windows11-mingw64,gcm,decrypt,262144,13,100,21.677900,0.216779000,1153.248239
windows11-mingw64,gcm,decrypt,262144,14,100,22.290100,0.222901000,1121.574152
windows11-mingw64,gcm,decrypt,262144,15,100,18.222800,0.182228000,1371.907720
windows11-mingw64,gcm,decrypt,262144,16,100,20.843100,0.208431000,1199.437704
windows11-mingw64,gcm,decrypt,262144,17,100,22.151800,0.221518000,1128.576459
windows11-mingw64,gcm,decrypt,262144,18,100,19.476800,0.194768000,1283.578411
windows11-mingw64,gcm,decrypt,262144,19,100,17.618000,0.176180000,1419.003292
windows11-mingw64,gcm,decrypt,262144,20,100,18.134300,0.181343000,1378.602979
windows11-mingw64,gcm,decrypt,262144,21,100,17.715100,0.177151000,1411.225452
windows11-mingw64,gcm,decrypt,262144,22,100,18.109200,0.181092000,1380.513772
windows11-mingw64,gcm,decrypt,262144,23,100,18.491100,0.184911000,1352.001774
windows11-mingw64,gcm,decrypt,262144,24,100,18.681600,0.186816000,1338.215142
windows11-mingw64,gcm,decrypt,262144,25,100,18.239300,0.182393000,1370.666637
windows11-mingw64,gcm,decrypt,262144,26,100,20.156800,0.201568000,1240.276234
windows11-mingw64,gcm,decrypt,262144,27,100,21.374700,0.213747000,1169.607059
windows11-mingw64,gcm,decrypt,262144,28,100,17.870800,0.178708000,1398.930098
windows11-mingw64,gcm,decrypt,262144,29,100,18.442400,0.184424000,1355.571943
windows11-mingw64,gcm,decrypt,262144,30,100,19.404600,0.194046000,1288.354308
windows11-mingw64,gcm,encrypt,1048576,1,100,157.830200,1.578302000,633.592304
windows11-mingw64,gcm,encrypt,1048576,2,100,151.866200,1.518662000,658.474368
windows11-mingw64,gcm,encrypt,1048576,3,100,154.892600,1.548926000,645.608635
windows11-mingw64,gcm,encrypt,1048576,4,100,155.001300,1.550013000,645.155879
windows11-mingw64,gcm,encrypt,1048576,5,100,163.358900,1.633589000,612.149078
windows11-mingw64,gcm,encrypt,1048576,6,100,158.067200,1.580672000,632.642319
windows11-mingw64,gcm,encrypt,1048576,7,100,155.545100,1.555451000,642.900355
windows11-mingw64,gcm,encrypt,1048576,8,100,154.793700,1.547937000,646.021124
windows11-mingw64,gcm,encrypt,1048576,9,100,157.175400,1.571754000,636.231879
windows11-mingw64,gcm,encrypt,1048576,10,100,157.665600,1.576656000,634.253762
windows11-mingw64,gcm,encrypt,1048576,11,100,158.540600,1.585406000,630.753258
windows11-mingw64,gcm,encrypt,1048576,12,100,158.139000,1.581390000,632.355080
windows11-mingw64,gcm,encrypt,1048576,13,100,160.567100,1.605671000,622.792590
windows11-mingw64,gcm,encrypt,1048576,14,100,161.884400,1.618844000,617.724747
windows11-mingw64,gcm,encrypt,1048576,15,100,197.766400,1.977664000,505.647066
windows11-mingw64,gcm,encrypt,1048576,16,100,241.501000,2.415010000,414.076960
windows11-mingw64,gcm,encrypt,1048576,17,100,178.270600,1.782706000,560.944990
windows11-mingw64,gcm,encrypt,1048576,18,100,148.568200,1.485682000,673.091550
windows11-mingw64,gcm,encrypt,1048576,19,100,163.239700,1.632397000,612.596078
windows11-mingw64,gcm,encrypt,1048576,20,100,165.509300,1.655093000,604.195655
windows11-mingw64,gcm,encrypt,1048576,21,100,168.396000,1.683960000,593.838333
windows11-mingw64,gcm,encrypt,1048576,22,100,179.136300,1.791363000,558.234149
windows11-mingw64,gcm,encrypt,1048576,23,100,191.585900,1.915859000,521.959079
windows11-mingw64,gcm,encrypt,1048576,24,100,176.295400,1.762954000,567.229775
windows11-mingw64,gcm,encrypt,1048576,25,100,183.559900,1.835599000,544.781295
windows11-mingw64,gcm,encrypt,1048576,26,100,184.121700,1.841217000,543.119035
windows11-mingw64,gcm,encrypt,1048576,27,100,175.996300,1.759963000,568.193763
windows11-mingw64,gcm,encrypt,1048576,28,100,195.489300,1.954893000,511.536949
windows11-mingw64,gcm,encrypt,1048576,29,100,184.418700,1.844187000,542.244360
windows11-mingw64,gcm,encrypt,1048576,30,100,177.975800,1.779758000,561.874142
windows11-mingw64,gcm,decrypt,1048576,1,100,154.381400,1.543814000,647.746425
windows11-mingw64,gcm,decrypt,1048576,2,100,154.264000,1.542640000,648.239382
windows11-mingw64,gcm,decrypt,1048576,3,100,169.711000,1.697110000,589.236997
windows11-mingw64,gcm,decrypt,1048576,4,100,153.539400,1.535394000,651.298624
windows11-mingw64,gcm,decrypt,1048576,5,100,147.911300,1.479113000,676.080867
windows11-mingw64,gcm,decrypt,1048576,6,100,152.193400,1.521934000,657.058716
windows11-mingw64,gcm,decrypt,1048576,7,100,153.361100,1.533611000,652.055834
windows11-mingw64,gcm,decrypt,1048576,8,100,150.875700,1.508757000,662.797256
windows11-mingw64,gcm,decrypt,1048576,9,100,174.551900,1.745519000,572.895511
windows11-mingw64,gcm,decrypt,1048576,10,100,179.310900,1.793109000,557.690581
windows11-mingw64,gcm,decrypt,1048576,11,100,177.954200,1.779542000,561.942342
windows11-mingw64,gcm,decrypt,1048576,12,100,184.776600,1.847766000,541.194069
windows11-mingw64,gcm,decrypt,1048576,13,100,170.964200,1.709642000,584.917778
windows11-mingw64,gcm,decrypt,1048576,14,100,187.449300,1.874493000,533.477586
windows11-mingw64,gcm,decrypt,1048576,15,100,194.203300,1.942033000,514.924309
windows11-mingw64,gcm,decrypt,1048576,16,100,164.187400,1.641874000,609.060135
windows11-mingw64,gcm,decrypt,1048576,17,100,153.993000,1.539930000,649.380167
windows11-mingw64,gcm,decrypt,1048576,18,100,147.655500,1.476555000,677.252117
windows11-mingw64,gcm,decrypt,1048576,19,100,148.980600,1.489806000,671.228334
windows11-mingw64,gcm,decrypt,1048576,20,100,147.694400,1.476944000,677.073741
windows11-mingw64,gcm,decrypt,1048576,21,100,148.071300,1.480713000,675.350321
windows11-mingw64,gcm,decrypt,1048576,22,100,153.146200,1.531462000,652.970821
windows11-mingw64,gcm,decrypt,1048576,23,100,149.532800,1.495328000,668.749599
windows11-mingw64,gcm,decrypt,1048576,24,100,153.807800,1.538078000,650.162085
windows11-mingw64,gcm,decrypt,1048576,25,100,148.755300,1.487553000,672.244955
windows11-mingw64,gcm,decrypt,1048576,26,100,150.541500,1.505415000,664.268657
windows11-mingw64,gcm,decrypt,1048576,27,100,148.904300,1.489043000,671.572278
windows11-mingw64,gcm,decrypt,1048576,28,100,148.786800,1.487868000,672.102633
windows11-mingw64,gcm,decrypt,1048576,29,100,150.555300,1.505553000,664.207770
windows11-mingw64,gcm,decrypt,1048576,30,100,151.251600,1.512516000,661.150031
windows11-mingw64,gcm,encrypt,8388608,1,100,1294.052900,12.940529000,618.212748
windows11-mingw64,gcm,encrypt,8388608,2,100,1285.388100,12.853881000,622.380120
windows11-mingw64,gcm,encrypt,8388608,3,100,1288.909100,12.889091000,620.679922
windows11-mingw64,gcm,encrypt,8388608,4,100,1313.231300,13.132313000,609.184384
windows11-mingw64,gcm,encrypt,8388608,5,100,1328.384600,13.283846000,602.235226
windows11-mingw64,gcm,encrypt,8388608,6,100,1316.518800,13.165188000,607.663180
windows11-mingw64,gcm,encrypt,8388608,7,100,1308.139300,13.081393000,611.555665
windows11-mingw64,gcm,encrypt,8388608,8,100,1319.611800,13.196118000,606.238895
windows11-mingw64,gcm,encrypt,8388608,9,100,1336.891400,13.368914000,598.403131
windows11-mingw64,gcm,encrypt,8388608,10,100,1346.868900,13.468689000,593.970207
windows11-mingw64,gcm,encrypt,8388608,11,100,1312.514800,13.125148000,609.516936
windows11-mingw64,gcm,encrypt,8388608,12,100,1316.297100,13.162971000,607.765526
windows11-mingw64,gcm,encrypt,8388608,13,100,1310.437200,13.104372000,610.483280
windows11-mingw64,gcm,encrypt,8388608,14,100,1337.742800,13.377428000,598.022281
windows11-mingw64,gcm,encrypt,8388608,15,100,1357.779000,13.577790000,589.197506
windows11-mingw64,gcm,encrypt,8388608,16,100,1388.484700,13.884847000,576.167674
windows11-mingw64,gcm,encrypt,8388608,17,100,1360.476900,13.604769000,588.029095
windows11-mingw64,gcm,encrypt,8388608,18,100,1347.010800,13.470108000,593.907636
windows11-mingw64,gcm,encrypt,8388608,19,100,1370.500300,13.705003000,583.728438
windows11-mingw64,gcm,encrypt,8388608,20,100,1330.356800,13.303568000,601.342437
windows11-mingw64,gcm,encrypt,8388608,21,100,1368.859900,13.688599000,584.427961
windows11-mingw64,gcm,encrypt,8388608,22,100,1407.145600,14.071456000,568.526811
windows11-mingw64,gcm,encrypt,8388608,23,100,1403.867700,14.038677000,569.854268
windows11-mingw64,gcm,encrypt,8388608,24,100,1366.288100,13.662881000,585.528045
windows11-mingw64,gcm,encrypt,8388608,25,100,1381.878700,13.818787000,578.922014
windows11-mingw64,gcm,encrypt,8388608,26,100,1326.005300,13.260053000,603.315839
windows11-mingw64,gcm,encrypt,8388608,27,100,1314.604800,13.146048000,608.547907
windows11-mingw64,gcm,encrypt,8388608,28,100,1357.764400,13.577644000,589.203841
windows11-mingw64,gcm,encrypt,8388608,29,100,1359.225300,13.592253000,588.570563
windows11-mingw64,gcm,encrypt,8388608,30,100,1395.444200,13.954442000,573.294152
windows11-mingw64,gcm,decrypt,8388608,1,100,1648.685400,16.486854000,485.235085
windows11-mingw64,gcm,decrypt,8388608,2,100,1684.251900,16.842519000,474.988332
windows11-mingw64,gcm,decrypt,8388608,3,100,1688.187200,16.881872000,473.881096
windows11-mingw64,gcm,decrypt,8388608,4,100,1486.010800,14.860108000,538.354095
windows11-mingw64,gcm,decrypt,8388608,5,100,1296.289800,12.962898000,617.145950
windows11-mingw64,gcm,decrypt,8388608,6,100,1349.117600,13.491176000,592.980182
windows11-mingw64,gcm,decrypt,8388608,7,100,1312.200200,13.122002000,609.663068
windows11-mingw64,gcm,decrypt,8388608,8,100,1414.765800,14.147658000,565.464616
windows11-mingw64,gcm,decrypt,8388608,9,100,1290.167600,12.901676000,620.074477
windows11-mingw64,gcm,decrypt,8388608,10,100,1296.950200,12.969502000,616.831703
windows11-mingw64,gcm,decrypt,8388608,11,100,1294.280400,12.942804000,618.104083
windows11-mingw64,gcm,decrypt,8388608,12,100,1350.808700,13.508087000,592.237820
windows11-mingw64,gcm,decrypt,8388608,13,100,1318.241900,13.182419000,606.868891
windows11-mingw64,gcm,decrypt,8388608,14,100,1293.805700,12.938057000,618.330867
windows11-mingw64,gcm,decrypt,8388608,15,100,1349.111400,13.491114000,592.982907
windows11-mingw64,gcm,decrypt,8388608,16,100,1459.912700,14.599127000,547.977972
windows11-mingw64,gcm,decrypt,8388608,17,100,1343.380400,13.433804000,595.512634
windows11-mingw64,gcm,decrypt,8388608,18,100,1293.710900,12.937109000,618.376177
windows11-mingw64,gcm,decrypt,8388608,19,100,1293.231700,12.932317000,618.605313
windows11-mingw64,gcm,decrypt,8388608,20,100,1292.760800,12.927608000,618.830645
windows11-mingw64,gcm,decrypt,8388608,21,100,1288.791800,12.887918000,620.736414
windows11-mingw64,gcm,decrypt,8388608,22,100,1314.632500,13.146325000,608.535085
windows11-mingw64,gcm,decrypt,8388608,23,100,1319.021800,13.190218000,606.510067
windows11-mingw64,gcm,decrypt,8388608,24,100,1299.687700,12.996877000,615.532485
windows11-mingw64,gcm,decrypt,8388608,25,100,1351.254200,13.512542000,592.042563
windows11-mingw64,gcm,decrypt,8388608,26,100,1304.980700,13.049807000,613.035886
windows11-mingw64,gcm,decrypt,8388608,27,100,1300.236100,13.002361000,615.272872
windows11-mingw64,gcm,decrypt,8388608,28,100,1325.555800,13.255558000,603.520425
windows11-mingw64,gcm,decrypt,8388608,29,100,1292.085800,12.920858000,619.153929
windows11-mingw64,gcm,decrypt,8388608,30,100,1334.236300,13.342363000,599.593940
windows11-mingw64,ccm,encrypt,1024,1,100,0.535300,0.005353000,182.432748
windows11-mingw64,ccm,encrypt,1024,2,100,0.525300,0.005253000,185.905673
windows11-mingw64,ccm,encrypt,1024,3,100,0.516300,0.005163000,189.146330
windows11-mingw64,ccm,encrypt,1024,4,100,0.520400,0.005204000,187.656130
windows11-mingw64,ccm,encrypt,1024,5,100,0.527400,0.005274000,185.165434
windows11-mingw64,ccm,encrypt,1024,6,100,0.515500,0.005155000,189.439864
windows11-mingw64,ccm,encrypt,1024,7,100,0.513700,0.005137000,190.103660
windows11-mingw64,ccm,encrypt,1024,8,100,0.523400,0.005234000,186.580531
windows11-mingw64,ccm,encrypt,1024,9,100,0.517400,0.005174000,188.744202
windows11-mingw64,ccm,encrypt,1024,10,100,0.515500,0.005155000,189.439864
windows11-mingw64,ccm,encrypt,1024,11,100,0.679600,0.006796000,143.696660
windows11-mingw64,ccm,encrypt,1024,12,100,0.566200,0.005662000,172.476598
windows11-mingw64,ccm,encrypt,1024,13,100,0.523100,0.005231000,186.687536
windows11-mingw64,ccm,encrypt,1024,14,100,0.529100,0.005291000,184.570497
windows11-mingw64,ccm,encrypt,1024,15,100,0.522500,0.005225000,186.901914
windows11-mingw64,ccm,encrypt,1024,16,100,0.525800,0.005258000,185.728889
windows11-mingw64,ccm,encrypt,1024,17,100,0.515000,0.005150000,189.623786
windows11-mingw64,ccm,encrypt,1024,18,100,0.515800,0.005158000,189.329682
windows11-mingw64,ccm,encrypt,1024,19,100,0.655800,0.006558000,148.911635
windows11-mingw64,ccm,encrypt,1024,20,100,0.556700,0.005567000,175.419885
windows11-mingw64,ccm,encrypt,1024,21,100,0.519700,0.005197000,187.908890
windows11-mingw64,ccm,encrypt,1024,22,100,0.516000,0.005160000,189.256298
windows11-mingw64,ccm,encrypt,1024,23,100,0.652400,0.006524000,149.687692
windows11-mingw64,ccm,encrypt,1024,24,100,0.652200,0.006522000,149.733594
windows11-mingw64,ccm,encrypt,1024,25,100,0.559100,0.005591000,174.666875
windows11-mingw64,ccm,encrypt,1024,26,100,0.535300,0.005353000,182.432748
windows11-mingw64,ccm,encrypt,1024,27,100,0.518500,0.005185000,188.343780
windows11-mingw64,ccm,encrypt,1024,28,100,0.569800,0.005698000,171.386890
windows11-mingw64,ccm,encrypt,1024,29,100,0.514400,0.005144000,189.844965
windows11-mingw64,ccm,encrypt,1024,30,100,0.527000,0.005270000,185.305977
windows11-mingw64,ccm,decrypt,1024,1,100,0.650400,0.006504000,150.147986
windows11-mingw64,ccm,decrypt,1024,2,100,0.662300,0.006623000,147.450174
windows11-mingw64,ccm,decrypt,1024,3,100,0.735500,0.007355000,132.775323
windows11-mingw64,ccm,decrypt,1024,4,100,0.668900,0.006689000,145.995291
windows11-mingw64,ccm,decrypt,1024,5,100,1.177700,0.011777000,82.921160
windows11-mingw64,ccm,decrypt,1024,6,100,0.736700,0.007367000,132.559047
windows11-mingw64,ccm,decrypt,1024,7,100,0.700900,0.007009000,139.329790
windows11-mingw64,ccm,decrypt,1024,8,100,0.675700,0.006757000,144.526047
windows11-mingw64,ccm,decrypt,1024,9,100,0.657900,0.006579000,148.436313
windows11-mingw64,ccm,decrypt,1024,10,100,0.665800,0.006658000,146.675053
windows11-mingw64,ccm,decrypt,1024,11,100,0.659100,0.006591000,148.166060
windows11-mingw64,ccm,decrypt,1024,12,100,0.656800,0.006568000,148.684912
windows11-mingw64,ccm,decrypt,1024,13,100,0.660700,0.006607000,147.807250
windows11-mingw64,ccm,decrypt,1024,14,100,0.670000,0.006700000,145.755597
windows11-mingw64,ccm,decrypt,1024,15,100,0.683700,0.006837000,142.834942
windows11-mingw64,ccm,decrypt,1024,16,100,0.704400,0.007044000,138.637493
windows11-mingw64,ccm,decrypt,1024,17,100,0.666600,0.006666000,146.499025
windows11-mingw64,ccm,decrypt,1024,18,100,0.661500,0.006615000,147.628496
windows11-mingw64,ccm,decrypt,1024,19,100,0.664100,0.006641000,147.050520
windows11-mingw64,ccm,decrypt,1024,20,100,0.655100,0.006551000,149.070753
windows11-mingw64,ccm,decrypt,1024,21,100,0.650800,0.006508000,150.055701
windows11-mingw64,ccm,decrypt,1024,22,100,0.660400,0.006604000,147.874394
windows11-mingw64,ccm,decrypt,1024,23,100,0.656300,0.006563000,148.798187
windows11-mingw64,ccm,decrypt,1024,24,100,0.651400,0.006514000,149.917485
windows11-mingw64,ccm,decrypt,1024,25,100,0.674600,0.006746000,144.761711
windows11-mingw64,ccm,decrypt,1024,26,100,0.667600,0.006676000,146.279584
windows11-mingw64,ccm,decrypt,1024,27,100,0.660200,0.006602000,147.919191
windows11-mingw64,ccm,decrypt,1024,28,100,0.700200,0.007002000,139.469080
windows11-mingw64,ccm,decrypt,1024,29,100,0.652800,0.006528000,149.595971
windows11-mingw64,ccm,decrypt,1024,30,100,0.652200,0.006522000,149.733594
windows11-mingw64,ccm,encrypt,4096,1,100,1.917900,0.019179000,203.673288
windows11-mingw64,ccm,encrypt,4096,2,100,1.183300,0.011833000,330.114933
windows11-mingw64,ccm,encrypt,4096,3,100,1.434300,0.014343000,272.345395
windows11-mingw64,ccm,encrypt,4096,4,100,1.276200,0.012762000,306.084470
windows11-mingw64,ccm,encrypt,4096,5,100,1.191700,0.011917000,327.788034
windows11-mingw64,ccm,encrypt,4096,6,100,1.160000,0.011600000,336.745690
windows11-mingw64,ccm,encrypt,4096,7,100,1.166200,0.011662000,334.955411
windows11-mingw64,ccm,encrypt,4096,8,100,1.258700,0.012587000,310.340033
windows11-mingw64,ccm,encrypt,4096,9,100,1.290400,0.012904000,302.716212
windows11-mingw64,ccm,encrypt,4096,10,100,1.158900,0.011589000,337.065321
windows11-mingw64,ccm,encrypt,4096,11,100,1.146000,0.011460000,340.859511
windows11-mingw64,ccm,encrypt,4096,12,100,1.186800,0.011868000,329.141389
windows11-mingw64,ccm,encrypt,4096,13,100,1.152200,0.011522000,339.025343
windows11-mingw64,ccm,encrypt,4096,14,100,1.536600,0.015366000,254.213849
windows11-mingw64,ccm,encrypt,4096,15,100,1.265900,0.012659000,308.574927
windows11-mingw64,ccm,encrypt,4096,16,100,1.154800,0.011548000,338.262037
windows11-mingw64,ccm,encrypt,4096,17,100,1.160900,0.011609000,336.484624
windows11-mingw64,ccm,encrypt,4096,18,100,1.150400,0.011504000,339.555807
windows11-mingw64,ccm,encrypt,4096,19,100,1.386200,0.013862000,281.795556
windows11-mingw64,ccm,encrypt,4096,20,100,1.354300,0.013543000,288.433139
windows11-mingw64,ccm,encrypt,4096,21,100,1.166900,0.011669000,334.754478
windows11-mingw64,ccm,encrypt,4096,22,100,1.162700,0.011627000,335.963705
windows11-mingw64,ccm,encrypt,4096,23,100,1.155200,0.011552000,338.144910
windows11-mingw64,ccm,encrypt,4096,24,100,1.186600,0.011866000,329.196865
windows11-mingw64,ccm,encrypt,4096,25,100,1.716100,0.017161000,227.623682
windows11-mingw64,ccm,encrypt,4096,26,100,1.199200,0.011992000,325.737992
windows11-mingw64,ccm,encrypt,4096,27,100,1.156400,0.011564000,337.794016
windows11-mingw64,ccm,encrypt,4096,28,100,1.166000,0.011660000,335.012864
windows11-mingw64,ccm,encrypt,4096,29,100,1.165200,0.011652000,335.242877
windows11-mingw64,ccm,encrypt,4096,30,100,1.159200,0.011592000,336.978088
windows11-mingw64,ccm,decrypt,4096,1,100,2.450000,0.024500000,159.438776
windows11-mingw64,ccm,decrypt,4096,2,100,1.331400,0.013314000,293.394172
windows11-mingw64,ccm,decrypt,4096,3,100,1.294900,0.012949000,301.664221
windows11-mingw64,ccm,decrypt,4096,4,100,1.287400,0.012874000,303.421625
windows11-mingw64,ccm,decrypt,4096,5,100,1.511600,0.015116000,258.418232
windows11-mingw64,ccm,decrypt,4096,6,100,1.341300,0.013413000,291.228659
windows11-mingw64,ccm,decrypt,4096,7,100,1.298200,0.012982000,300.897396
windows11-mingw64,ccm,decrypt,4096,8,100,1.323000,0.013230000,295.256992
windows11-mingw64,ccm,decrypt,4096,9,100,1.288500,0.012885000,303.162592
windows11-mingw64,ccm,decrypt,4096,10,100,1.506100,0.015061000,259.361928
windows11-mingw64,ccm,decrypt,4096,11,100,1.331200,0.013312000,293.438251
windows11-mingw64,ccm,decrypt,4096,12,100,1.336900,0.013369000,292.187149
windows11-mingw64,ccm,decrypt,4096,13,100,1.289500,0.012895000,302.927491
windows11-mingw64,ccm,decrypt,4096,14,100,1.278300,0.012783000,305.581632
windows11-mingw64,ccm,decrypt,4096,15,100,1.527200,0.015272000,255.778549
windows11-mingw64,ccm,decrypt,4096,16,100,1.342700,0.013427000,290.925002
windows11-mingw64,ccm,decrypt,4096,17,100,1.312100,0.013121000,297.709778
windows11-mingw64,ccm,decrypt,4096,18,100,1.359500,0.013595000,287.329901
windows11-mingw64,ccm,decrypt,4096,19,100,1.305300,0.013053000,299.260706
windows11-mingw64,ccm,decrypt,4096,20,100,1.527600,0.015276000,255.711574
windows11-mingw64,ccm,decrypt,4096,21,100,1.361800,0.013618000,286.844617
windows11-mingw64,ccm,decrypt,4096,22,100,1.303900,0.013039000,299.582023
windows11-mingw64,ccm,decrypt,4096,23,100,1.278200,0.012782000,305.605539
windows11-mingw64,ccm,decrypt,4096,24,100,1.288300,0.012883000,303.209656
windows11-mingw64,ccm,decrypt,4096,25,100,1.530800,0.015308000,255.177032
windows11-mingw64,ccm,decrypt,4096,26,100,1.607900,0.016079000,242.941103
windows11-mingw64,ccm,decrypt,4096,27,100,1.313400,0.013134000,297.415106
windows11-mingw64,ccm,decrypt,4096,28,100,1.293600,0.012936000,301.967378
windows11-mingw64,ccm,decrypt,4096,29,100,1.322800,0.013228000,295.301633
windows11-mingw64,ccm,decrypt,4096,30,100,1.786200,0.017862000,218.690516
windows11-mingw64,ccm,encrypt,16384,1,100,3.973600,0.039736000,393.220254
windows11-mingw64,ccm,encrypt,16384,2,100,4.436000,0.044360000,352.231740
windows11-mingw64,ccm,encrypt,16384,3,100,3.783700,0.037837000,412.955573
windows11-mingw64,ccm,encrypt,16384,4,100,4.522800,0.045228000,345.471832
windows11-mingw64,ccm,encrypt,16384,5,100,4.236300,0.042363000,368.836013
windows11-mingw64,ccm,encrypt,16384,6,100,3.811100,0.038111000,409.986618
windows11-mingw64,ccm,encrypt,16384,7,100,3.897700,0.038977000,400.877441
windows11-mingw64,ccm,encrypt,16384,8,100,3.812200,0.038122000,409.868318
windows11-mingw64,ccm,encrypt,16384,9,100,4.311100,0.043111000,362.436501
windows11-mingw64,ccm,encrypt,16384,10,100,3.781800,0.037818000,413.163044
windows11-mingw64,ccm,encrypt,16384,11,100,4.090800,0.040908000,381.954630
windows11-mingw64,ccm,encrypt,16384,12,100,4.293200,0.042932000,363.947638
windows11-mingw64,ccm,encrypt,16384,13,100,3.975700,0.039757000,393.012551
windows11-mingw64,ccm,encrypt,16384,14,100,4.054900,0.040549000,385.336260
windows11-mingw64,ccm,encrypt,16384,15,100,3.792500,0.037925000,411.997363
windows11-mingw64,ccm,encrypt,16384,16,100,4.398200,0.043982000,355.258970
windows11-mingw64,ccm,encrypt,16384,17,100,3.897000,0.038970000,400.949448
windows11-mingw64,ccm,encrypt,16384,18,100,3.854100,0.038541000,405.412418
windows11-mingw64,ccm,encrypt,16384,19,100,3.996500,0.039965000,390.967096
windows11-mingw64,ccm,encrypt,16384,20,100,3.775100,0.037751000,413.896321
windows11-mingw64,ccm,encrypt,16384,21,100,3.888700,0.038887000,401.805231
windows11-mingw64,ccm,encrypt,16384,22,100,3.772600,0.037726000,414.170599
windows11-mingw64,ccm,encrypt,16384,23,100,4.091100,0.040911000,381.926621
windows11-mingw64,ccm,encrypt,16384,24,100,3.771000,0.037710000,414.346327
windows11-mingw64,ccm,encrypt,16384,25,100,4.096200,0.040962000,381.451101
windows11-mingw64,ccm,encrypt,16384,26,100,4.556800,0.045568000,342.894136
windows11-mingw64,ccm,encrypt,16384,27,100,3.822600,0.038226000,408.753205
windows11-mingw64,ccm,encrypt,16384,28,100,3.905900,0.039059000,400.035843
windows11-mingw64,ccm,encrypt,16384,29,100,3.773300,0.037733000,414.093764
windows11-mingw64,ccm,encrypt,16384,30,100,3.859800,0.038598000,404.813721
windows11-mingw64,ccm,decrypt,16384,1,100,3.916300,0.039163000,398.973521
windows11-mingw64,ccm,decrypt,16384,2,100,4.303100,0.043031000,363.110316
windows11-mingw64,ccm,decrypt,16384,3,100,4.954600,0.049546000,315.363501
windows11-mingw64,ccm,decrypt,16384,4,100,3.960300,0.039603000,394.540818
windows11-mingw64,ccm,decrypt,16384,5,100,4.219300,0.042193000,370.322091
windows11-mingw64,ccm,decrypt,16384,6,100,4.620100,0.046201000,338.196143
windows11-mingw64,ccm,decrypt,16384,7,100,3.955400,0.039554000,395.029580
windows11-mingw64,ccm,decrypt,16384,8,100,4.075000,0.040750000,383.435583
windows11-mingw64,ccm,decrypt,16384,9,100,3.991000,0.039910000,391.505888
windows11-mingw64,ccm,decrypt,16384,10,100,4.046900,0.040469000,386.098001
windows11-mingw64,ccm,decrypt,16384,11,100,4.068700,0.040687000,384.029297
windows11-mingw64,ccm,decrypt,16384,12,100,4.189900,0.041899000,372.920595
windows11-mingw64,ccm,decrypt,16384,13,100,4.105300,0.041053000,380.605559
windows11-mingw64,ccm,decrypt,16384,14,100,3.951800,0.039518000,395.389443
windows11-mingw64,ccm,decrypt,16384,15,100,4.079600,0.040796000,383.003236
windows11-mingw64,ccm,decrypt,16384,16,100,3.997900,0.039979000,390.830186
windows11-mingw64,ccm,decrypt,16384,17,100,4.294200,0.042942000,363.862885
windows11-mingw64,ccm,decrypt,16384,18,100,4.072800,0.040728000,383.642703
windows11-mingw64,ccm,decrypt,16384,19,100,3.947500,0.039475000,395.820139
windows11-mingw64,ccm,decrypt,16384,20,100,4.322700,0.043227000,361.463900
windows11-mingw64,ccm,decrypt,16384,21,100,3.949600,0.039496000,395.609682
windows11-mingw64,ccm,decrypt,16384,22,100,4.540200,0.045402000,344.147835
windows11-mingw64,ccm,decrypt,16384,23,100,4.732100,0.047321000,330.191670
windows11-mingw64,ccm,decrypt,16384,24,100,3.953400,0.039534000,395.229423
windows11-mingw64,ccm,decrypt,16384,25,100,4.033600,0.040336000,387.371083
windows11-mingw64,ccm,decrypt,16384,26,100,4.068600,0.040686000,384.038736
windows11-mingw64,ccm,decrypt,16384,27,100,4.111900,0.041119000,379.994650
windows11-mingw64,ccm,decrypt,16384,28,100,4.143600,0.041436000,377.087557
windows11-mingw64,ccm,decrypt,16384,29,100,4.044900,0.040449000,386.288907
windows11-mingw64,ccm,decrypt,16384,30,100,4.256700,0.042567000,367.068386
windows11-mingw64,ccm,encrypt,262144,1,100,56.803600,0.568036000,440.112951
windows11-mingw64,ccm,encrypt,262144,2,100,56.822600,0.568226000,439.965788
windows11-mingw64,ccm,encrypt,262144,3,100,56.747200,0.567472000,440.550371
windows11-mingw64,ccm,encrypt,262144,4,100,57.953500,0.579535000,431.380331
windows11-mingw64,ccm,encrypt,262144,5,100,57.688200,0.576882000,433.364189
windows11-mingw64,ccm,encrypt,262144,6,100,57.672700,0.576727000,433.480659
windows11-mingw64,ccm,encrypt,262144,7,100,58.062200,0.580622000,430.572731
windows11-mingw64,ccm,encrypt,262144,8,100,58.987800,0.589878000,423.816450
windows11-mingw64,ccm,encrypt,262144,9,100,57.466800,0.574668000,435.033793
windows11-mingw64,ccm,encrypt,262144,10,100,57.327500,0.573275000,436.090881
windows11-mingw64,ccm,encrypt,262144,11,100,57.692000,0.576920000,433.335644
windows11-mingw64,ccm,encrypt,262144,12,100,57.441100,0.574411000,435.228434
windows11-mingw64,ccm,encrypt,262144,13,100,57.830500,0.578305000,432.297836
windows11-mingw64,ccm,encrypt,262144,14,100,58.613900,0.586139000,426.519989
windows11-mingw64,ccm,encrypt,262144,15,100,57.185600,0.571856000,437.172995
windows11-mingw64,ccm,encrypt,262144,16,100,57.203200,0.572032000,437.038487
windows11-mingw64,ccm,encrypt,262144,17,100,58.467200,0.584672000,427.590170
windows11-mingw64,ccm,encrypt,262144,18,100,58.174000,0.581740000,429.745247
windows11-mingw64,ccm,encrypt,262144,19,100,58.579400,0.585794000,426.771186
windows11-mingw64,ccm,encrypt,262144,20,100,58.962400,0.589624000,423.999023
windows11-mingw64,ccm,encrypt,262144,21,100,56.178600,0.561786000,445.009310
windows11-mingw64,ccm,encrypt,262144,22,100,57.771200,0.577712000,432.741574
windows11-mingw64,ccm,encrypt,262144,23,100,57.154800,0.571548000,437.408582
windows11-mingw64,ccm,encrypt,262144,24,100,58.404500,0.584045000,428.049209
windows11-mingw64,ccm,encrypt,262144,25,100,58.323800,0.583238000,428.641481
windows11-mingw64,ccm,encrypt,262144,26,100,58.854800,0.588548000,424.774190
windows11-mingw64,ccm,encrypt,262144,27,100,59.008000,0.590080000,423.671367
windows11-mingw64,ccm,encrypt,262144,28,100,55.750100,0.557501000,448.429689
windows11-mingw64,ccm,encrypt,262144,29,100,56.820600,0.568206000,439.981274
windows11-mingw64,ccm,encrypt,262144,30,100,57.858500,0.578585000,432.088630
windows11-mingw64,ccm,decrypt,262144,1,100,60.773100,0.607731000,411.366213
windows11-mingw64,ccm,decrypt,262144,2,100,63.264000,0.632640000,395.169449
windows11-mingw64,ccm,decrypt,262144,3,100,60.273700,0.602737000,414.774603
windows11-mingw64,ccm,decrypt,262144,4,100,59.579100,0.595791000,419.610232
windows11-mingw64,ccm,decrypt,262144,5,100,57.847000,0.578470000,432.174529
windows11-mingw64,ccm,decrypt,262144,6,100,59.873500,0.598735000,417.546995
windows11-mingw64,ccm,decrypt,262144,7,100,57.416400,0.574164000,435.415665
windows11-mingw64,ccm,decrypt,262144,8,100,59.764500,0.597645000,418.308528
windows11-mingw64,ccm,decrypt,262144,9,100,60.959500,0.609595000,410.108351
windows11-mingw64,ccm,decrypt,262144,10,100,60.063900,0.600639000,416.223389
windows11-mingw64,ccm,decrypt,262144,11,100,59.723600,0.597236000,418.594994
windows11-mingw64,ccm,decrypt,262144,12,100,61.903400,0.619034000,403.855039
windows11-mingw64,ccm,decrypt,262144,13,100,61.236000,0.612360000,408.256581
windows11-mingw64,ccm,decrypt,262144,14,100,60.196600,0.601966000,415.305848
windows11-mingw64,ccm,decrypt,262144,15,100,60.227000,0.602270000,415.096219
windows11-mingw64,ccm,decrypt,262144,16,100,59.844500,0.598445000,417.749334
windows11-mingw64,ccm,decrypt,262144,17,100,60.846500,0.608465000,410.869976
windows11-mingw64,ccm,decrypt,262144,18,100,60.668500,0.606685000,412.075459
windows11-mingw64,ccm,decrypt,262144,19,100,59.322600,0.593226000,421.424550
windows11-mingw64,ccm,decrypt,262144,20,100,57.942100,0.579421000,431.465204
windows11-mingw64,ccm,decrypt,262144,21,100,58.777600,0.587776000,425.332099
windows11-mingw64,ccm,decrypt,262144,22,100,61.901800,0.619018000,403.865477
windows11-mingw64,ccm,decrypt,262144,23,100,61.049400,0.610494000,409.504434
windows11-mingw64,ccm,decrypt,262144,24,100,62.693100,0.626931000,398.767966
windows11-mingw64,ccm,decrypt,262144,25,100,59.296200,0.592962000,421.612178
windows11-mingw64,ccm,decrypt,262144,26,100,58.210500,0.582105000,429.475782
windows11-mingw64,ccm,decrypt,262144,27,100,60.211100,0.602111000,415.205834
windows11-mingw64,ccm,decrypt,262144,28,100,57.541400,0.575414000,434.469790
windows11-mingw64,ccm,decrypt,262144,29,100,59.866300,0.598663000,417.597212
windows11-mingw64,ccm,decrypt,262144,30,100,62.114600,0.621146000,402.481864
windows11-mingw64,ccm,encrypt,1048576,1,100,317.701000,3.177010000,314.761364
windows11-mingw64,ccm,encrypt,1048576,2,100,324.815400,3.248154000,307.867176
windows11-mingw64,ccm,encrypt,1048576,3,100,318.337500,3.183375000,314.132014
windows11-mingw64,ccm,encrypt,1048576,4,100,323.224900,3.232249000,309.382105
windows11-mingw64,ccm,encrypt,1048576,5,100,316.198700,3.161987000,316.256835
windows11-mingw64,ccm,encrypt,1048576,6,100,311.063800,3.110638000,321.477459
windows11-mingw64,ccm,encrypt,1048576,7,100,325.104400,3.251044000,307.593499
windows11-mingw64,ccm,encrypt,1048576,8,100,324.328200,3.243282000,308.329649
windows11-mingw64,ccm,encrypt,1048576,9,100,324.062000,3.240620000,308.582925
windows11-mingw64,ccm,encrypt,1048576,10,100,317.688900,3.176889000,314.773352
windows11-mingw64,ccm,encrypt,1048576,11,100,317.061400,3.170614000,315.396324
windows11-mingw64,ccm,encrypt,1048576,12,100,313.682000,3.136820000,318.794193
windows11-mingw64,ccm,encrypt,1048576,13,100,317.785200,3.177852000,314.677965
windows11-mingw64,ccm,encrypt,1048576,14,100,316.868500,3.168685000,315.588328
windows11-mingw64,ccm,encrypt,1048576,15,100,316.807800,3.168078000,315.648794
windows11-mingw64,ccm,encrypt,1048576,16,100,317.372700,3.173727000,315.086962
windows11-mingw64,ccm,encrypt,1048576,17,100,317.925500,3.179255000,314.539098
windows11-mingw64,ccm,encrypt,1048576,18,100,321.124500,3.211245000,311.405701
windows11-mingw64,ccm,encrypt,1048576,19,100,311.264100,3.112641000,321.270587
windows11-mingw64,ccm,encrypt,1048576,20,100,317.022500,3.170225000,315.435024
windows11-mingw64,ccm,encrypt,1048576,21,100,317.574600,3.175746000,314.886644
windows11-mingw64,ccm,encrypt,1048576,22,100,315.068300,3.150683000,317.391499
windows11-mingw64,ccm,encrypt,1048576,23,100,317.251600,3.172516000,315.207236
windows11-mingw64,ccm,encrypt,1048576,24,100,314.989300,3.149893000,317.471101
windows11-mingw64,ccm,encrypt,1048576,25,100,316.329000,3.163290000,316.126564
windows11-mingw64,ccm,encrypt,1048576,26,100,317.272600,3.172726000,315.186373
windows11-mingw64,ccm,encrypt,1048576,27,100,314.963800,3.149638000,317.496804
windows11-mingw64,ccm,encrypt,1048576,28,100,318.015300,3.180153000,314.450280
windows11-mingw64,ccm,encrypt,1048576,29,100,367.022000,3.670220000,272.463231
windows11-mingw64,ccm,encrypt,1048576,30,100,321.044800,3.210448000,311.483008
windows11-mingw64,ccm,decrypt,1048576,1,100,318.044300,3.180443000,314.421607
windows11-mingw64,ccm,decrypt,1048576,2,100,313.345000,3.133450000,319.137053
windows11-mingw64,ccm,decrypt,1048576,3,100,317.728100,3.177281000,314.734517
windows11-mingw64,ccm,decrypt,1048576,4,100,320.107700,3.201077000,312.394860
windows11-mingw64,ccm,decrypt,1048576,5,100,319.006200,3.190062000,313.473531
windows11-mingw64,ccm,decrypt,1048576,6,100,315.652400,3.156524000,316.804181
windows11-mingw64,ccm,decrypt,1048576,7,100,316.340700,3.163407000,316.114872
windows11-mingw64,ccm,decrypt,1048576,8,100,318.295300,3.182953000,314.173662
windows11-mingw64,ccm,decrypt,1048576,9,100,322.567100,3.225671000,310.013017
windows11-mingw64,ccm,decrypt,1048576,10,100,318.365900,3.183659000,314.103992
windows11-mingw64,ccm,decrypt,1048576,11,100,338.178800,3.381788000,295.701564
windows11-mingw64,ccm,decrypt,1048576,12,100,309.902600,3.099026000,322.682030
windows11-mingw64,ccm,decrypt,1048576,13,100,319.899300,3.198993000,312.598371
windows11-mingw64,ccm,decrypt,1048576,14,100,317.328000,3.173280000,315.131347
windows11-mingw64,ccm,decrypt,1048576,15,100,317.251500,3.172515000,315.207336
windows11-mingw64,ccm,decrypt,1048576,16,100,316.146700,3.161467000,316.308853
windows11-mingw64,ccm,decrypt,1048576,17,100,314.986500,3.149865000,317.473923
windows11-mingw64,ccm,decrypt,1048576,18,100,322.486400,3.224864000,310.090596
windows11-mingw64,ccm,decrypt,1048576,19,100,317.999500,3.179995000,314.465903
windows11-mingw64,ccm,decrypt,1048576,20,100,316.067000,3.160670000,316.388614
windows11-mingw64,ccm,decrypt,1048576,21,100,318.209600,3.182096000,314.258275
windows11-mingw64,ccm,decrypt,1048576,22,100,315.773100,3.157731000,316.683087
windows11-mingw64,ccm,decrypt,1048576,23,100,318.407400,3.184074000,314.063053
windows11-mingw64,ccm,decrypt,1048576,24,100,325.253500,3.252535000,307.452495
windows11-mingw64,ccm,decrypt,1048576,25,100,318.292000,3.182920000,314.176919
windows11-mingw64,ccm,decrypt,1048576,26,100,315.307300,3.153073000,317.150919
windows11-mingw64,ccm,decrypt,1048576,27,100,317.362000,3.173620000,315.097586
windows11-mingw64,ccm,decrypt,1048576,28,100,318.409000,3.184090000,314.061474
windows11-mingw64,ccm,decrypt,1048576,29,100,317.944700,3.179447000,314.520104
windows11-mingw64,ccm,decrypt,1048576,30,100,319.779800,3.197798000,312.715187
windows11-mingw64,ccm,encrypt,8388608,1,100,2643.905300,26.439053000,302.582698
windows11-mingw64,ccm,encrypt,8388608,2,100,2606.792500,26.067925000,306.890556
windows11-mingw64,ccm,encrypt,8388608,3,100,2641.236100,26.412361000,302.888485
windows11-mingw64,ccm,encrypt,8388608,4,100,2632.876700,26.328767000,303.850158
windows11-mingw64,ccm,encrypt,8388608,5,100,2637.874900,26.378749000,303.274427
windows11-mingw64,ccm,encrypt,8388608,6,100,2630.512600,26.305126000,304.123234
windows11-mingw64,ccm,encrypt,8388608,7,100,2589.366300,25.893663000,308.955902
windows11-mingw64,ccm,encrypt,8388608,8,100,2577.580900,25.775809000,310.368532
windows11-mingw64,ccm,encrypt,8388608,9,100,2631.024300,26.310243000,304.064086
windows11-mingw64,ccm,encrypt,8388608,10,100,2609.266400,26.092664000,306.599587
windows11-mingw64,ccm,encrypt,8388608,11,100,2619.629800,26.196298000,305.386662
windows11-mingw64,ccm,encrypt,8388608,12,100,2639.165900,26.391659000,303.126075
windows11-mingw64,ccm,encrypt,8388608,13,100,2610.659700,26.106597000,306.435956
windows11-mingw64,ccm,encrypt,8388608,14,100,2683.144500,26.831445000,298.157628
windows11-mingw64,ccm,encrypt,8388608,15,100,2907.655300,29.076553000,275.135777
windows11-mingw64,ccm,encrypt,8388608,16,100,2722.933000,27.229330000,293.800839
windows11-mingw64,ccm,encrypt,8388608,17,100,2605.020800,26.050208000,307.099275
windows11-mingw64,ccm,encrypt,8388608,18,100,2647.604600,26.476046000,302.159922
windows11-mingw64,ccm,encrypt,8388608,19,100,2661.010900,26.610109000,300.637626
windows11-mingw64,ccm,encrypt,8388608,20,100,2631.554000,26.315540000,304.002882
windows11-mingw64,ccm,encrypt,8388608,21,100,2764.487600,27.644876000,289.384550
windows11-mingw64,ccm,encrypt,8388608,22,100,4029.219600,40.292196000,198.549615
windows11-mingw64,ccm,encrypt,8388608,23,100,3835.437400,38.354374000,208.581165
windows11-mingw64,ccm,encrypt,8388608,24,100,3509.511600,35.095116000,227.951946
windows11-mingw64,ccm,encrypt,8388608,25,100,3811.002100,38.110021000,209.918541
windows11-mingw64,ccm,encrypt,8388608,26,100,3518.144900,35.181449000,227.392567
windows11-mingw64,ccm,encrypt,8388608,27,100,3420.603600,34.206036000,233.876851
windows11-mingw64,ccm,encrypt,8388608,28,100,3340.923600,33.409236000,239.454742
windows11-mingw64,ccm,encrypt,8388608,29,100,3449.778500,34.497785000,231.898947
windows11-mingw64,ccm,encrypt,8388608,30,100,3855.166500,38.551665000,207.513735
windows11-mingw64,ccm,decrypt,8388608,1,100,3371.330400,33.713304000,237.295045
windows11-mingw64,ccm,decrypt,8388608,2,100,3128.552300,31.285523000,255.709326
windows11-mingw64,ccm,decrypt,8388608,3,100,3377.568800,33.775688000,236.856759
windows11-mingw64,ccm,decrypt,8388608,4,100,3316.081200,33.160812000,241.248616
windows11-mingw64,ccm,decrypt,8388608,5,100,3005.063100,30.050631000,266.217372
windows11-mingw64,ccm,decrypt,8388608,6,100,3090.354400,30.903544000,258.869986
windows11-mingw64,ccm,decrypt,8388608,7,100,3543.531800,35.435318000,225.763460
windows11-mingw64,ccm,decrypt,8388608,8,100,3628.725200,36.287252000,220.463098
windows11-mingw64,ccm,decrypt,8388608,9,100,3717.862000,37.178620000,215.177433
windows11-mingw64,ccm,decrypt,8388608,10,100,3701.947700,37.019477000,216.102459
windows11-mingw64,ccm,decrypt,8388608,11,100,3410.531800,34.105318000,234.567524
windows11-mingw64,ccm,decrypt,8388608,12,100,3154.271600,31.542716000,253.624323
windows11-mingw64,ccm,decrypt,8388608,13,100,3123.061100,31.230611000,256.158933
windows11-mingw64,ccm,decrypt,8388608,14,100,3198.403700,31.984037000,250.124773
windows11-mingw64,ccm,decrypt,8388608,15,100,3143.964000,31.439640000,254.455840
windows11-mingw64,ccm,decrypt,8388608,16,100,3131.475700,31.314757000,255.470608
windows11-mingw64,ccm,decrypt,8388608,17,100,3176.175200,31.761752000,251.875274
windows11-mingw64,ccm,decrypt,8388608,18,100,3494.350000,34.943500000,228.941005
windows11-mingw64,ccm,decrypt,8388608,19,100,3151.024100,31.510241000,253.885713
windows11-mingw64,ccm,decrypt,8388608,20,100,3139.787200,31.397872000,254.794338
windows11-mingw64,ccm,decrypt,8388608,21,100,3378.632500,33.786325000,236.782189
windows11-mingw64,ccm,decrypt,8388608,22,100,3228.826300,32.288263000,247.768051
windows11-mingw64,ccm,decrypt,8388608,23,100,3560.288600,35.602886000,224.700885
windows11-mingw64,ccm,decrypt,8388608,24,100,3734.380000,37.343800000,214.225655
windows11-mingw64,ccm,decrypt,8388608,25,100,3791.410100,37.914101000,211.003289
windows11-mingw64,ccm,decrypt,8388608,26,100,3195.006000,31.950060000,250.390766
windows11-mingw64,ccm,decrypt,8388608,27,100,3126.958600,31.269586000,255.839652
windows11-mingw64,ccm,decrypt,8388608,28,100,3130.612900,31.306129000,255.541016
windows11-mingw64,ccm,decrypt,8388608,29,100,3071.462400,30.714624000,260.462248
windows11-mingw64,ccm,decrypt,8388608,30,100,3064.598500,30.645985000,261.045615
windows11-mingw64,xts,encrypt,1024,1,100,0.625400,0.006254000,156.150064
windows11-mingw64,xts,encrypt,1024,2,100,0.636900,0.006369000,153.330586
windows11-mingw64,xts,encrypt,1024,3,100,0.616500,0.006165000,158.404298
windows11-mingw64,xts,encrypt,1024,4,100,0.758000,0.007580000,128.834103
windows11-mingw64,xts,encrypt,1024,5,100,0.747700,0.007477000,130.608867
windows11-mingw64,xts,encrypt,1024,6,100,0.611400,0.006114000,159.725630
windows11-mingw64,xts,encrypt,1024,7,100,0.601200,0.006012000,162.435546
windows11-mingw64,xts,encrypt,1024,8,100,0.682200,0.006822000,143.149003
windows11-mingw64,xts,encrypt,1024,9,100,0.605100,0.006051000,161.388613
windows11-mingw64,xts,encrypt,1024,10,100,0.632300,0.006323000,154.446070
windows11-mingw64,xts,encrypt,1024,11,100,0.777400,0.007774000,125.619051
windows11-mingw64,xts,encrypt,1024,12,100,0.603900,0.006039000,161.709306
windows11-mingw64,xts,encrypt,1024,13,100,0.517000,0.005170000,188.890232
windows11-mingw64,xts,encrypt,1024,14,100,0.631000,0.006310000,154.764263
windows11-mingw64,xts,encrypt,1024,15,100,0.842100,0.008421000,115.967522
windows11-mingw64,xts,encrypt,1024,16,100,0.661500,0.006615000,147.628496
windows11-mingw64,xts,encrypt,1024,17,100,0.603100,0.006031000,161.923810
windows11-mingw64,xts,encrypt,1024,18,100,0.746500,0.007465000,130.818821
windows11-mingw64,xts,encrypt,1024,19,100,0.526200,0.005262000,185.587704
windows11-mingw64,xts,encrypt,1024,20,100,0.608500,0.006085000,160.486853
windows11-mingw64,xts,encrypt,1024,21,100,0.631400,0.006314000,154.666218
windows11-mingw64,xts,encrypt,1024,22,100,0.620700,0.006207000,157.332447
windows11-mingw64,xts,encrypt,1024,23,100,0.618800,0.006188000,157.815530
windows11-mingw64,xts,encrypt,1024,24,100,0.627200,0.006272000,155.701929
windows11-mingw64,xts,encrypt,1024,25,100,0.779800,0.007798000,125.232431
windows11-mingw64,xts,encrypt,1024,26,100,0.892400,0.008924000,109.431029
windows11-mingw64,xts,encrypt,1024,27,100,0.742900,0.007429000,131.452753
windows11-mingw64,xts,encrypt,1024,28,100,0.827400,0.008274000,118.027858
windows11-mingw64,xts,encrypt,1024,29,100,0.552100,0.005521000,176.881453
windows11-mingw64,xts,encrypt,1024,30,100,0.561100,0.005611000,174.044288
windows11-mingw64,xts,decrypt,1024,1,100,0.552600,0.005526000,176.721408
windows11-mingw64,xts,decrypt,1024,2,100,0.612600,0.006126000,159.412749
windows11-mingw64,xts,decrypt,1024,3,100,0.600600,0.006006000,162.597819
windows11-mingw64,xts,decrypt,1024,4,100,0.587200,0.005872000,166.308328
windows11-mingw64,xts,decrypt,1024,5,100,0.665500,0.006655000,146.741172
windows11-mingw64,xts,decrypt,1024,6,100,0.961600,0.009616000,101.556000
windows11-mingw64,xts,decrypt,1024,7,100,0.693600,0.006936000,140.796208
windows11-mingw64,xts,decrypt,1024,8,100,0.587800,0.005878000,166.138568
windows11-mingw64,xts,decrypt,1024,9,100,0.525000,0.005250000,186.011905
windows11-mingw64,xts,decrypt,1024,10,100,0.497400,0.004974000,196.333434
windows11-mingw64,xts,decrypt,1024,11,100,0.526300,0.005263000,185.552442
windows11-mingw64,xts,decrypt,1024,12,100,0.546500,0.005465000,178.693962
windows11-mingw64,xts,decrypt,1024,13,100,0.596400,0.005964000,163.742874
windows11-mingw64,xts,decrypt,1024,14,100,0.589400,0.005894000,165.687564
windows11-mingw64,xts,decrypt,1024,15,100,0.609300,0.006093000,160.276137
windows11-mingw64,xts,decrypt,1024,16,100,0.728600,0.007286000,134.032734
windows11-mingw64,xts,decrypt,1024,17,100,0.979100,0.009791000,99.740833
windows11-mingw64,xts,decrypt,1024,18,100,0.783200,0.007832000,124.688777
windows11-mingw64,xts,decrypt,1024,19,100,0.591000,0.005910000,165.239002
windows11-mingw64,xts,decrypt,1024,20,100,0.563000,0.005630000,173.456927
windows11-mingw64,xts,decrypt,1024,21,100,0.498500,0.004985000,195.900201
windows11-mingw64,xts,decrypt,1024,22,100,0.519400,0.005194000,188.017424
windows11-mingw64,xts,decrypt,1024,23,100,0.510700,0.005107000,191.220384
windows11-mingw64,xts,decrypt,1024,24,100,0.614700,0.006147000,158.868147
windows11-mingw64,xts,decrypt,1024,25,100,0.599000,0.005990000,163.032137
windows11-mingw64,xts,decrypt,1024,26,100,0.593300,0.005933000,164.598432
windows11-mingw64,xts,decrypt,1024,27,100,1.174900,0.011749000,83.118776
windows11-mingw64,xts,decrypt,1024,28,100,0.782800,0.007828000,124.752491
windows11-mingw64,xts,decrypt,1024,29,100,0.650400,0.006504000,150.147986
windows11-mingw64,xts,decrypt,1024,30,100,0.547000,0.005470000,178.530622
windows11-mingw64,xts,encrypt,4096,1,100,1.661200,0.016612000,235.146280
windows11-mingw64,xts,encrypt,4096,2,100,1.653100,0.016531000,236.298470
windows11-mingw64,xts,encrypt,4096,3,100,1.572400,0.015724000,248.425973
windows11-mingw64,xts,encrypt,4096,4,100,1.263700,0.012637000,309.112131
windows11-mingw64,xts,encrypt,4096,5,100,1.277400,0.012774000,305.796931
windows11-mingw64,xts,encrypt,4096,6,100,1.122000,0.011220000,348.150624
windows11-mingw64,xts,encrypt,4096,7,100,1.099500,0.010995000,355.275125
windows11-mingw64,xts,encrypt,4096,8,100,1.073600,0.010736000,363.845939
windows11-mingw64,xts,encrypt,4096,9,100,1.102600,0.011026000,354.276256
windows11-mingw64,xts,encrypt,4096,10,100,1.117200,0.011172000,349.646438
windows11-mingw64,xts,encrypt,4096,11,100,1.081200,0.010812000,361.288383
windows11-mingw64,xts,encrypt,4096,12,100,1.081600,0.010816000,361.154771
windows11-mingw64,xts,encrypt,4096,13,100,1.062200,0.010622000,367.750894
windows11-mingw64,xts,encrypt,4096,14,100,1.062400,0.010624000,367.681664
windows11-mingw64,xts,encrypt,4096,15,100,1.158900,0.011589000,337.065321
windows11-mingw64,xts,encrypt,4096,16,100,1.169400,0.011694000,334.038823
windows11-mingw64,xts,encrypt,4096,17,100,1.028800,0.010288000,379.689930
windows11-mingw64,xts,encrypt,4096,18,100,0.922000,0.009220000,423.671367
windows11-mingw64,xts,encrypt,4096,19,100,0.900800,0.009008000,433.642318
windows11-mingw64,xts,encrypt,4096,20,100,1.071000,0.010710000,364.729225
windows11-mingw64,xts,encrypt,4096,21,100,1.286600,0.012866000,303.610291
windows11-mingw64,xts,encrypt,4096,22,100,1.086400,0.010864000,359.559094
windows11-mingw64,xts,encrypt,4096,23,100,0.971900,0.009719000,401.918922
windows11-mingw64,xts,encrypt,4096,24,100,0.894800,0.008948000,436.550067
windows11-mingw64,xts,encrypt,4096,25,100,0.946700,0.009467000,412.617513
windows11-mingw64,xts,encrypt,4096,26,100,1.076700,0.010767000,362.798365
windows11-mingw64,xts,encrypt,4096,27,100,1.089900,0.010899000,358.404441
windows11-mingw64,xts,encrypt,4096,28,100,1.560500,0.015605000,250.320410
windows11-mingw64,xts,encrypt,4096,29,100,1.456400,0.014564000,268.212716
windows11-mingw64,xts,encrypt,4096,30,100,1.298400,0.012984000,300.851047
windows11-mingw64,xts,decrypt,4096,1,100,1.564500,0.015645000,249.680409
windows11-mingw64,xts,decrypt,4096,2,100,1.487600,0.014876000,262.587389
windows11-mingw64,xts,decrypt,4096,3,100,1.394700,0.013947000,280.078153
windows11-mingw64,xts,decrypt,4096,4,100,1.523800,0.015238000,256.349258
windows11-mingw64,xts,decrypt,4096,5,100,1.608000,0.016080000,242.925995
windows11-mingw64,xts,decrypt,4096,6,100,1.560400,0.015604000,250.336452
windows11-mingw64,xts,decrypt,4096,7,100,1.502700,0.015027000,259.948759
windows11-mingw64,xts,decrypt,4096,8,100,1.236000,0.012360000,316.039644
windows11-mingw64,xts,decrypt,4096,9,100,0.980000,0.009800000,398.596939
windows11-mingw64,xts,decrypt,4096,10,100,1.123400,0.011234000,347.716753
windows11-mingw64,xts,decrypt,4096,11,100,1.059500,0.010595000,368.688060
windows11-mingw64,xts,decrypt,4096,12,100,1.034900,0.010349000,377.451928
windows11-mingw64,xts,decrypt,4096,13,100,1.438600,0.014386000,271.531350
windows11-mingw64,xts,decrypt,4096,14,100,1.156600,0.011566000,337.735604
windows11-mingw64,xts,decrypt,4096,15,100,1.256700,0.012567000,310.833930
windows11-mingw64,xts,decrypt,4096,16,100,1.466300,0.014663000,266.401828
windows11-mingw64,xts,decrypt,4096,17,100,1.547300,0.015473000,252.455891
windows11-mingw64,xts,decrypt,4096,18,100,1.476300,0.014763000,264.597304
windows11-mingw64,xts,decrypt,4096,19,100,1.032500,0.010325000,378.329298
windows11-mingw64,xts,decrypt,4096,20,100,0.952100,0.009521000,410.277282
windows11-mingw64,xts,decrypt,4096,21,100,1.092500,0.010925000,357.551487
windows11-mingw64,xts,decrypt,4096,22,100,1.179100,0.011791000,331.290815
windows11-mingw64,xts,decrypt,4096,23,100,1.162400,0.011624000,336.050413
windows11-mingw64,xts,decrypt,4096,24,100,1.349200,0.013492000,289.523421
windows11-mingw64,xts,decrypt,4096,25,100,1.360800,0.013608000,287.055409
windows11-mingw64,xts,decrypt,4096,26,100,1.344600,0.013446000,290.513907
windows11-mingw64,xts,decrypt,4096,27,100,1.225600,0.012256000,318.721443
windows11-mingw64,xts,decrypt,4096,28,100,1.005600,0.010056000,388.449682
windows11-mingw64,xts,decrypt,4096,29,100,1.302000,0.013020000,300.019201
windows11-mingw64,xts,decrypt,4096,30,100,1.365600,0.013656000,286.046426
windows11-mingw64,xts,encrypt,16384,1,100,4.185300,0.041853000,373.330466
windows11-mingw64,xts,encrypt,16384,2,100,3.549700,0.035497000,440.178043
windows11-mingw64,xts,encrypt,16384,3,100,3.374500,0.033745000,463.031560
windows11-mingw64,xts,encrypt,16384,4,100,3.148300,0.031483000,496.299590
windows11-mingw64,xts,encrypt,16384,5,100,3.255700,0.032557000,479.927512
windows11-mingw64,xts,encrypt,16384,6,100,4.198200,0.041982000,372.183317
windows11-mingw64,xts,encrypt,16384,7,100,4.286300,0.042863000,364.533514
windows11-mingw64,xts,encrypt,16384,8,100,4.102900,0.041029000,380.828195
windows11-mingw64,xts,encrypt,16384,9,100,4.292800,0.042928000,363.981551
windows11-mingw64,xts,encrypt,16384,10,100,4.311800,0.043118000,362.377661
windows11-mingw64,xts,encrypt,16384,11,100,4.290900,0.042909000,364.142721
windows11-mingw64,xts,encrypt,16384,12,100,4.335100,0.043351000,360.429979
windows11-mingw64,xts,encrypt,16384,13,100,4.290500,0.042905000,364.176669
windows11-mingw64,xts,encrypt,16384,14,100,3.521100,0.035211000,443.753373
windows11-mingw64,xts,encrypt,16384,15,100,3.225500,0.032255000,484.421020
windows11-mingw64,xts,encrypt,16384,16,100,4.039400,0.040394000,386.814873
windows11-mingw64,xts,encrypt,16384,17,100,4.300100,0.043001000,363.363643
windows11-mingw64,xts,encrypt,16384,18,100,3.687600,0.036876000,423.717323
windows11-mingw64,xts,encrypt,16384,19,100,4.285400,0.042854000,364.610071
windows11-mingw64,xts,encrypt,16384,20,100,3.139100,0.031391000,497.754133
windows11-mingw64,xts,encrypt,16384,21,100,3.755400,0.037554000,416.067529
windows11-mingw64,xts,encrypt,16384,22,100,3.500400,0.035004000,446.377557
windows11-mingw64,xts,encrypt,16384,23,100,3.227000,0.032270000,484.195848
windows11-mingw64,xts,encrypt,16384,24,100,2.894900,0.028949000,539.742305
windows11-mingw64,xts,encrypt,16384,25,100,3.498100,0.034981000,446.671050
windows11-mingw64,xts,encrypt,16384,26,100,4.069500,0.040695000,383.953803
windows11-mingw64,xts,encrypt,16384,27,100,3.948800,0.039488000,395.689830
windows11-mingw64,xts,encrypt,16384,28,100,2.985100,0.029851000,523.433051
windows11-mingw64,xts,encrypt,16384,29,100,3.254400,0.032544000,480.119223
windows11-mingw64,xts,encrypt,16384,30,100,2.612500,0.026125000,598.086124
windows11-mingw64,xts,decrypt,16384,1,100,3.828400,0.038284000,408.133946
windows11-mingw64,xts,decrypt,16384,2,100,3.430000,0.034300000,455.539359
windows11-mingw64,xts,decrypt,16384,3,100,3.824700,0.038247000,408.528773
windows11-mingw64,xts,decrypt,16384,4,100,3.854300,0.038543000,405.391381
windows11-mingw64,xts,decrypt,16384,5,100,3.862900,0.038629000,404.488856
windows11-mingw64,xts,decrypt,16384,6,100,2.996200,0.029962000,521.493892
windows11-mingw64,xts,decrypt,16384,7,100,3.275200,0.032752000,477.070103
windows11-mingw64,xts,decrypt,16384,8,100,3.801700,0.038017000,411.000342
windows11-mingw64,xts,decrypt,16384,9,100,3.588600,0.035886000,435.406565
windows11-mingw64,xts,decrypt,16384,10,100,3.546200,0.035462000,440.612487
windows11-mingw64,xts,decrypt,16384,11,100,3.799000,0.037990000,411.292445
windows11-mingw64,xts,decrypt,16384,12,100,3.834700,0.038347000,407.463426
windows11-mingw64,xts,decrypt,16384,13,100,3.656200,0.036562000,427.356272
windows11-mingw64,xts,decrypt,16384,14,100,3.281900,0.032819000,476.096164
windows11-mingw64,xts,decrypt,16384,15,100,3.650000,0.036500000,428.082192
windows11-mingw64,xts,decrypt,16384,16,100,4.019700,0.040197000,388.710600
windows11-mingw64,xts,decrypt,16384,17,100,3.464800,0.034648000,450.963981
windows11-mingw64,xts,decrypt,16384,18,100,2.941000,0.029410000,531.281877
windows11-mingw64,xts,decrypt,16384,19,100,2.721300,0.027213000,574.174108
windows11-mingw64,xts,decrypt,16384,20,100,2.706800,0.027068000,577.249889
windows11-mingw64,xts,decrypt,16384,21,100,2.903400,0.029034000,538.162155
windows11-mingw64,xts,decrypt,16384,22,100,2.395600,0.023956000,652.237435
windows11-mingw64,xts,decrypt,16384,23,100,2.862100,0.028621000,545.927815
windows11-mingw64,xts,decrypt,16384,24,100,3.090300,0.030903000,505.614342
windows11-mingw64,xts,decrypt,16384,25,100,2.861000,0.028610000,546.137714
windows11-mingw64,xts,decrypt,16384,26,100,2.979800,0.029798000,524.364051
windows11-mingw64,xts,decrypt,16384,27,100,2.368900,0.023689000,659.588839
windows11-mingw64,xts,decrypt,16384,28,100,2.763800,0.027638000,565.344815
windows11-mingw64,xts,decrypt,16384,29,100,3.267200,0.032672000,478.238247
windows11-mingw64,xts,decrypt,16384,30,100,2.827200,0.028272000,552.666950
windows11-mingw64,xts,encrypt,262144,1,100,40.342600,0.403426000,619.692335
windows11-mingw64,xts,encrypt,262144,2,100,41.960700,0.419607000,595.795590
windows11-mingw64,xts,encrypt,262144,3,100,40.721100,0.407211000,613.932335
windows11-mingw64,xts,encrypt,262144,4,100,40.766500,0.407665000,613.248623
windows11-mingw64,xts,encrypt,262144,5,100,43.308300,0.433083000,577.256554
windows11-mingw64,xts,encrypt,262144,6,100,47.962300,0.479623000,521.242726
windows11-mingw64,xts,encrypt,262144,7,100,44.704300,0.447043000,559.230320
windows11-mingw64,xts,encrypt,262144,8,100,44.219500,0.442195000,565.361436
windows11-mingw64,xts,encrypt,262144,9,100,43.893000,0.438930000,569.566901
windows11-mingw64,xts,encrypt,262144,10,100,42.479600,0.424796000,588.517783
windows11-mingw64,xts,encrypt,262144,11,100,41.281300,0.412813000,605.601083
windows11-mingw64,xts,encrypt,262144,12,100,42.324100,0.423241000,590.680014
windows11-mingw64,xts,encrypt,262144,13,100,40.608400,0.406084000,615.636174
windows11-mingw64,xts,encrypt,262144,14,100,40.612300,0.406123000,615.577054
windows11-mingw64,xts,encrypt,262144,15,100,40.209800,0.402098000,621.738979
windows11-mingw64,xts,encrypt,262144,16,100,40.755900,0.407559000,613.408120
windows11-mingw64,xts,encrypt,262144,17,100,40.748600,0.407486000,613.518010
windows11-mingw64,xts,encrypt,262144,18,100,41.522500,0.415225000,602.083208
windows11-mingw64,xts,encrypt,262144,19,100,39.374500,0.393745000,634.928698
windows11-mingw64,xts,encrypt,262144,20,100,41.936200,0.419362000,596.143666
windows11-mingw64,xts,encrypt,262144,21,100,41.328100,0.413281000,604.915300
windows11-mingw64,xts,encrypt,262144,22,100,41.169500,0.411695000,607.245655
windows11-mingw64,xts,encrypt,262144,23,100,42.107800,0.421078000,593.714229
windows11-mingw64,xts,encrypt,262144,24,100,39.543300,0.395433000,632.218353
windows11-mingw64,xts,encrypt,262144,25,100,44.047800,0.440478000,567.565236
windows11-mingw64,xts,encrypt,262144,26,100,47.754100,0.477541000,523.515258
windows11-mingw64,xts,encrypt,262144,27,100,47.780300,0.477803000,523.228192
windows11-mingw64,xts,encrypt,262144,28,100,49.191000,0.491910000,508.223049
windows11-mingw64,xts,encrypt,262144,29,100,40.787700,0.407877000,612.929878
windows11-mingw64,xts,encrypt,262144,30,100,41.937500,0.419375000,596.125186
windows11-mingw64,xts,decrypt,262144,1,100,46.720300,0.467203000,535.099304
windows11-mingw64,xts,decrypt,262144,2,100,78.693800,0.786938000,317.687035
windows11-mingw64,xts,decrypt,262144,3,100,50.746900,0.507469000,492.640930
windows11-mingw64,xts,decrypt,262144,4,100,44.628700,0.446287000,560.177644
windows11-mingw64,xts,decrypt,262144,5,100,50.814700,0.508147000,491.983619
windows11-mingw64,xts,decrypt,262144,6,100,47.473400,0.474734000,526.610691
windows11-mingw64,xts,decrypt,262144,7,100,56.548600,0.565486000,442.097594
windows11-mingw64,xts,decrypt,262144,8,100,45.850800,0.458508000,545.246757
windows11-mingw64,xts,decrypt,262144,9,100,41.266400,0.412664000,605.819747
windows11-mingw64,xts,decrypt,262144,10,100,41.186100,0.411861000,607.000906
windows11-mingw64,xts,decrypt,262144,11,100,41.409100,0.414091000,603.732030
windows11-mingw64,xts,decrypt,262144,12,100,41.269000,0.412690000,605.781579
windows11-mingw64,xts,decrypt,262144,13,100,40.618300,0.406183000,615.486123
windows11-mingw64,xts,decrypt,262144,14,100,40.593900,0.405939000,615.856077
windows11-mingw64,xts,decrypt,262144,15,100,42.502400,0.425024000,588.202078
windows11-mingw64,xts,decrypt,262144,16,100,41.597700,0.415977000,600.994767
windows11-mingw64,xts,decrypt,262144,17,100,39.419300,0.394193000,634.207102
windows11-mingw64,xts,decrypt,262144,18,100,45.883600,0.458836000,544.856986
windows11-mingw64,xts,decrypt,262144,19,100,47.747900,0.477479000,523.583236
windows11-mingw64,xts,decrypt,262144,20,100,50.480500,0.504805000,495.240737
windows11-mingw64,xts,decrypt,262144,21,100,44.869200,0.448692000,557.175078
windows11-mingw64,xts,decrypt,262144,22,100,41.174900,0.411749000,607.166016
windows11-mingw64,xts,decrypt,262144,23,100,41.449300,0.414493000,603.146495
windows11-mingw64,xts,decrypt,262144,24,100,40.488500,0.404885000,617.459279
windows11-mingw64,xts,decrypt,262144,25,100,39.584500,0.395845000,631.560333
windows11-mingw64,xts,decrypt,262144,26,100,41.402200,0.414022000,603.832647
windows11-mingw64,xts,decrypt,262144,27,100,41.807500,0.418075000,597.978832
windows11-mingw64,xts,decrypt,262144,28,100,41.028700,0.410287000,609.329567
windows11-mingw64,xts,decrypt,262144,29,100,42.050400,0.420504000,594.524666
windows11-mingw64,xts,decrypt,262144,30,100,41.188500,0.411885000,606.965536
windows11-mingw64,xts,encrypt,1048576,1,100,223.098400,2.230984000,448.232708
windows11-mingw64,xts,encrypt,1048576,2,100,226.422900,2.264229000,441.651441
windows11-mingw64,xts,encrypt,1048576,3,100,226.743600,2.267436000,441.026781
windows11-mingw64,xts,encrypt,1048576,4,100,244.077500,2.440775000,409.705934
windows11-mingw64,xts,encrypt,1048576,5,100,224.636900,2.246369000,445.162838
windows11-mingw64,xts,encrypt,1048576,6,100,228.389700,2.283897000,437.848117
windows11-mingw64,xts,encrypt,1048576,7,100,219.650200,2.196502000,455.269333
windows11-mingw64,xts,encrypt,1048576,8,100,246.100800,2.461008000,406.337566
windows11-mingw64,xts,encrypt,1048576,9,100,260.960400,2.609604000,383.199903
windows11-mingw64,xts,encrypt,1048576,10,100,249.380400,2.493804000,400.993823
windows11-mingw64,xts,encrypt,1048576,11,100,229.307700,2.293077000,436.095255
windows11-mingw64,xts,encrypt,1048576,12,100,246.006200,2.460062000,406.493820
windows11-mingw64,xts,encrypt,1048576,13,100,227.725800,2.277258000,439.124596
windows11-mingw64,xts,encrypt,1048576,14,100,248.647700,2.486477000,402.175447
windows11-mingw64,xts,encrypt,1048576,15,100,229.080300,2.290803000,436.528152
windows11-mingw64,xts,encrypt,1048576,16,100,241.433000,2.414330000,414.193586
windows11-mingw64,xts,encrypt,1048576,17,100,229.544700,2.295447000,435.644996
windows11-mingw64,xts,encrypt,1048576,18,100,249.417600,2.494176000,400.934016
windows11-mingw64,xts,encrypt,1048576,19,100,250.221900,2.502219000,399.645275
windows11-mingw64,xts,encrypt,1048576,20,100,224.757700,2.247577000,444.923578
windows11-mingw64,xts,encrypt,1048576,21,100,222.947800,2.229478000,448.535487
windows11-mingw64,xts,encrypt,1048576,22,100,247.103700,2.471037000,404.688396
windows11-mingw64,xts,encrypt,1048576,23,100,225.271800,2.252718000,443.908203
windows11-mingw64,xts,encrypt,1048576,24,100,227.359100,2.273591000,439.832846
windows11-mingw64,xts,encrypt,1048576,25,100,228.916600,2.289166000,436.840317
windows11-mingw64,xts,encrypt,1048576,26,100,241.185200,2.411852000,414.619139
windows11-mingw64,xts,encrypt,1048576,27,100,228.127800,2.281278000,438.350784
windows11-mingw64,xts,encrypt,1048576,28,100,226.903800,2.269038000,440.715405
windows11-mingw64,xts,encrypt,1048576,29,100,227.878700,2.278787000,438.829956
windows11-mingw64,xts,encrypt,1048576,30,100,239.658300,2.396583000,417.260742
windows11-mingw64,xts,decrypt,1048576,1,100,235.033100,2.350331000,425.471987
windows11-mingw64,xts,decrypt,1048576,2,100,241.200700,2.412007000,414.592495
windows11-mingw64,xts,decrypt,1048576,3,100,226.618400,2.266184000,441.270435
windows11-mingw64,xts,decrypt,1048576,4,100,259.168500,2.591685000,385.849361
windows11-mingw64,xts,decrypt,1048576,5,100,227.147400,2.271474000,440.242767
windows11-mingw64,xts,decrypt,1048576,6,100,234.505100,2.345051000,426.429958
windows11-mingw64,xts,decrypt,1048576,7,100,253.175700,2.531757000,394.982615
windows11-mingw64,xts,decrypt,1048576,8,100,232.158800,2.321588000,430.739649
windows11-mingw64,xts,decrypt,1048576,9,100,233.040500,2.330405000,429.109962
windows11-mingw64,xts,decrypt,1048576,10,100,252.117200,2.521172000,396.640927
windows11-mingw64,xts,decrypt,1048576,11,100,237.356400,2.373564000,421.307367
windows11-mingw64,xts,decrypt,1048576,12,100,241.714300,2.417143000,413.711559
windows11-mingw64,xts,decrypt,1048576,13,100,246.371200,2.463712000,405.891598
windows11-mingw64,xts,decrypt,1048576,14,100,252.128900,2.521289000,396.622521
windows11-mingw64,xts,decrypt,1048576,15,100,239.874800,2.398748000,416.884141
windows11-mingw64,xts,decrypt,1048576,16,100,248.716400,2.487164000,402.064359
windows11-mingw64,xts,decrypt,1048576,17,100,239.865600,2.398656000,416.900131
windows11-mingw64,xts,decrypt,1048576,18,100,247.000600,2.470006000,404.857316
windows11-mingw64,xts,decrypt,1048576,19,100,243.041800,2.430418000,411.451857
windows11-mingw64,xts,decrypt,1048576,20,100,238.713600,2.387136000,418.912035
windows11-mingw64,xts,decrypt,1048576,21,100,226.080900,2.260809000,442.319541
windows11-mingw64,xts,decrypt,1048576,22,100,257.225800,2.572258000,388.763491
windows11-mingw64,xts,decrypt,1048576,23,100,227.991300,2.279913000,438.613228
windows11-mingw64,xts,decrypt,1048576,24,100,233.016700,2.330167000,429.153790
windows11-mingw64,xts,decrypt,1048576,25,100,253.192400,2.531924000,394.956563
windows11-mingw64,xts,decrypt,1048576,26,100,228.596800,2.285968000,437.451443
windows11-mingw64,xts,decrypt,1048576,27,100,232.288600,2.322886000,430.498957
windows11-mingw64,xts,decrypt,1048576,28,100,252.215700,2.522157000,396.486024
windows11-mingw64,xts,decrypt,1048576,29,100,233.574500,2.335745000,428.128927
windows11-mingw64,xts,decrypt,1048576,30,100,232.887800,2.328878000,429.391321
windows11-mingw64,xts,encrypt,8388608,1,100,1988.288900,19.882889000,402.356016
windows11-mingw64,xts,encrypt,8388608,2,100,1954.958000,19.549580000,409.215952
windows11-mingw64,xts,encrypt,8388608,3,100,1948.696500,19.486965000,410.530834
windows11-mingw64,xts,encrypt,8388608,4,100,2076.936100,20.769361000,385.182770
windows11-mingw64,xts,encrypt,8388608,5,100,2391.334000,23.913340000,334.541306
windows11-mingw64,xts,encrypt,8388608,6,100,2370.678600,23.706786000,337.456119
windows11-mingw64,xts,encrypt,8388608,7,100,2136.194700,21.361947000,374.497699
windows11-mingw64,xts,encrypt,8388608,8,100,1976.485500,19.764855000,404.758851
windows11-mingw64,xts,encrypt,8388608,9,100,2050.114500,20.501145000,390.222107
windows11-mingw64,xts,encrypt,8388608,10,100,2062.125200,20.621252000,387.949286
windows11-mingw64,xts,encrypt,8388608,11,100,2339.958000,23.399580000,341.886478
windows11-mingw64,xts,encrypt,8388608,12,100,2176.328100,21.763281000,367.591633
windows11-mingw64,xts,encrypt,8388608,13,100,2163.427200,21.634272000,369.783647
windows11-mingw64,xts,encrypt,8388608,14,100,2000.029600,20.000296000,399.994080
windows11-mingw64,xts,encrypt,8388608,15,100,1962.451900,19.624519000,407.653304
windows11-mingw64,xts,encrypt,8388608,16,100,1958.979800,19.589798000,408.375829
windows11-mingw64,xts,encrypt,8388608,17,100,2077.861500,20.778615000,385.011224
windows11-mingw64,xts,encrypt,8388608,18,100,2117.181500,21.171815000,377.860849
windows11-mingw64,xts,encrypt,8388608,19,100,1917.008900,19.170089000,417.316790
windows11-mingw64,xts,encrypt,8388608,20,100,1973.932400,19.739324000,405.282369
windows11-mingw64,xts,encrypt,8388608,21,100,1953.315600,19.533156000,409.560032
windows11-mingw64,xts,encrypt,8388608,22,100,1960.883400,19.608834000,407.979383
windows11-mingw64,xts,encrypt,8388608,23,100,1963.238200,19.632382000,407.490034
windows11-mingw64,xts,encrypt,8388608,24,100,2017.757100,20.177571000,396.479834
windows11-mingw64,xts,encrypt,8388608,25,100,2338.400700,23.384007000,342.114164
windows11-mingw64,xts,encrypt,8388608,26,100,1931.158100,19.311581000,414.259195
windows11-mingw64,xts,encrypt,8388608,27,100,1932.924000,19.329240000,413.880732
windows11-mingw64,xts,encrypt,8388608,28,100,1989.087000,19.890870000,402.194575
windows11-mingw64,xts,encrypt,8388608,29,100,1985.960100,19.859601000,402.827831
windows11-mingw64,xts,encrypt,8388608,30,100,1970.427500,19.704275000,406.003266
windows11-mingw64,xts,decrypt,8388608,1,100,2085.851800,20.858518000,383.536357
windows11-mingw64,xts,decrypt,8388608,2,100,1979.772100,19.797721000,404.086915
windows11-mingw64,xts,decrypt,8388608,3,100,1988.954400,19.889544000,402.221388
windows11-mingw64,xts,decrypt,8388608,4,100,1985.349200,19.853492000,402.951783
windows11-mingw64,xts,decrypt,8388608,5,100,2012.513800,20.125138000,397.512802
windows11-mingw64,xts,decrypt,8388608,6,100,1958.987500,19.589875000,408.374224
windows11-mingw64,xts,decrypt,8388608,7,100,1984.603300,19.846033000,403.103230
windows11-mingw64,xts,decrypt,8388608,8,100,1980.773200,19.807732000,403.882686
windows11-mingw64,xts,decrypt,8388608,9,100,1999.429900,19.994299000,400.114053
windows11-mingw64,xts,decrypt,8388608,10,100,1967.040400,19.670404000,406.702374
windows11-mingw64,xts,decrypt,8388608,11,100,2006.372000,20.063720000,398.729647
windows11-mingw64,xts,decrypt,8388608,12,100,2006.776700,20.067767000,398.649237
windows11-mingw64,xts,decrypt,8388608,13,100,1957.376100,19.573761000,408.710416
windows11-mingw64,xts,decrypt,8388608,14,100,1957.345200,19.573452000,408.716868
windows11-mingw64,xts,decrypt,8388608,15,100,2099.195200,20.991952000,381.098432
windows11-mingw64,xts,decrypt,8388608,16,100,1971.870800,19.718708000,405.706094
windows11-mingw64,xts,decrypt,8388608,17,100,2006.949500,20.069495000,398.614913
windows11-mingw64,xts,decrypt,8388608,18,100,1971.626700,19.716267000,405.756323
windows11-mingw64,xts,decrypt,8388608,19,100,1966.526300,19.665263000,406.808696
windows11-mingw64,xts,decrypt,8388608,20,100,1969.606200,19.696062000,406.172564
windows11-mingw64,xts,decrypt,8388608,21,100,1959.879800,19.598798000,408.188298
windows11-mingw64,xts,decrypt,8388608,22,100,2003.454000,20.034540000,399.310391
windows11-mingw64,xts,decrypt,8388608,23,100,1975.634400,19.756344000,404.933220
windows11-mingw64,xts,decrypt,8388608,24,100,2022.626700,20.226267000,395.525284
windows11-mingw64,xts,decrypt,8388608,25,100,1964.095000,19.640950000,407.312274
windows11-mingw64,xts,decrypt,8388608,26,100,2005.314400,20.053144000,398.939937
windows11-mingw64,xts,decrypt,8388608,27,100,2049.325900,20.493259000,390.372268
windows11-mingw64,xts,decrypt,8388608,28,100,2228.086400,22.280864000,359.052504
windows11-mingw64,xts,decrypt,8388608,29,100,2136.880200,21.368802000,374.377562
windows11-mingw64,xts,decrypt,8388608,30,100,1952.542700,19.525427000,409.722154
